/* Derived from University of Turku, CAN bus dataset collected from a heavy-duty truck.
 * https://doi.org/10.23729/3160254e-85e9-4268-a636-5b3e54091706
 * CC BY 4.0: https://creativecommons.org/licenses/by/4.0/
 * Modified: replay injection and frame selection.
 * part_3/20210204093802472877.csv with its replay attack in, as ai_can_anomaly_detection/fetched/frames holds it,
 * from 42.4 s to 56 s after its first frame, of the PGNs the board decodes.
 */
#ifndef REPLAY_FRAMES_H
#define REPLAY_FRAMES_H
#include <stdint.h>

#define REPLAY_FRAMES 4488

typedef struct {
	uint32_t time_us; /* since the first frame */
	uint32_t arb_id;
	uint8_t size;
	uint8_t data[8];
} ReplayFrame;

static const ReplayFrame replay_frames[REPLAY_FRAMES] = {
    {0u, 0x18f009e6u, 8u, {0xd1, 0x7b, 0x60, 0x83, 0x7b, 0x6f, 0x7d, 0xff}},
    {1147u, 0x18fef1e6u, 8u, {0xf3, 0x80, 0x28, 0xc0, 0x00, 0xff, 0xe0, 0xff}},
    {4475u, 0x0cf002e6u, 8u, {0xcd, 0x40, 0x13, 0x00, 0xfc, 0x71, 0x1f, 0xff}},
    {5641u, 0x18fef2e6u, 8u, {0xbc, 0x00, 0xff, 0xff, 0xff, 0xff, 0xff, 0xff}},
    {9325u, 0x18f009e6u, 8u, {0xd1, 0x7b, 0x60, 0x87, 0x7b, 0xbf, 0x7f, 0xff}},
    {13673u, 0x0cf002e6u, 8u, {0xcd, 0x40, 0x13, 0x00, 0xfc, 0x71, 0x1f, 0xff}},
    {14222u, 0x0cf004e6u, 8u, {0xf1, 0x8c, 0x8c, 0x6d, 0x1f, 0xff, 0xff, 0xff}},
    {18779u, 0x0cf003e6u, 8u, {0xf0, 0x34, 0x11, 0xff, 0xff, 0xff, 0xff, 0xff}},
    {20465u, 0x18f001e6u, 8u, {0xcf, 0x00, 0xcf, 0xff, 0xff, 0xff, 0xff, 0xff}},
    {20977u, 0x18f009e6u, 8u, {0xd1, 0x7b, 0x60, 0x97, 0x7b, 0x67, 0x7f, 0xff}},
    {24187u, 0x0cf002e6u, 8u, {0xcd, 0x40, 0x13, 0x00, 0xfc, 0x6d, 0x1f, 0xff}},
    {29294u, 0x18f009e6u, 8u, {0xd1, 0x7b, 0x60, 0xaf, 0x7b, 0x77, 0x7d, 0xff}},
    {33485u, 0x0cf002e6u, 8u, {0xcd, 0x40, 0x13, 0x00, 0xfc, 0x6d, 0x1f, 0xff}},
    {34001u, 0x0cf004e6u, 8u, {0xf1, 0x8c, 0x8c, 0x70, 0x1f, 0xff, 0xff, 0xff}},
    {39912u, 0x18f009e6u, 8u, {0xd1, 0x7b, 0x60, 0xbb, 0x7b, 0x37, 0x7d, 0xff}},
    {44340u, 0x0cf002e6u, 8u, {0xcd, 0x40, 0x13, 0x00, 0xfc, 0x62, 0x1f, 0xff}},
    {44882u, 0x0cfe6ce6u, 8u, {0x4b, 0x10, 0xc0, 0xc0, 0x48, 0x13, 0x80, 0x28}},
    {50585u, 0x18f009e6u, 8u, {0xd1, 0x7b, 0x60, 0xb3, 0x7b, 0x17, 0x7e, 0xff}},
    {53593u, 0x0cf002e6u, 8u, {0xcd, 0x40, 0x13, 0x00, 0xfc, 0x62, 0x1f, 0xff}},
    {54159u, 0x0cf004e6u, 8u, {0xf1, 0x8c, 0x8c, 0x64, 0x1f, 0xff, 0xff, 0xff}},
    {59982u, 0x18f009e6u, 8u, {0xd3, 0x7b, 0x60, 0xa3, 0x7b, 0xf7, 0x7c, 0xff}},
    {64308u, 0x0cf002e6u, 8u, {0xcd, 0x40, 0x13, 0x00, 0xfc, 0x63, 0x1f, 0xff}},
    {68736u, 0x0cf003e6u, 8u, {0xf0, 0x35, 0x11, 0xff, 0xff, 0xff, 0xff, 0xff}},
    {70947u, 0x18f009e6u, 8u, {0xd5, 0x7b, 0x60, 0x97, 0x7b, 0xa7, 0x7a, 0xff}},
    {73595u, 0x0cf002e6u, 8u, {0xcd, 0x48, 0x13, 0x00, 0xfc, 0x63, 0x1f, 0xff}},
    {74151u, 0x0cf004e6u, 8u, {0xf1, 0x8c, 0x8c, 0x5d, 0x1f, 0xff, 0xff, 0xff}},
    {79908u, 0x18f009e6u, 8u, {0xd5, 0x7b, 0x60, 0x9b, 0x7b, 0xbf, 0x79, 0xff}},
    {84244u, 0x0cf002e6u, 8u, {0xcd, 0x48, 0x13, 0x00, 0xfc, 0x46, 0x1f, 0xff}},
    {84776u, 0x18f005e6u, 8u, {0x87, 0x5f, 0x06, 0x87, 0x20, 0x41, 0x31, 0x30}},
    {89357u, 0x18f009e6u, 8u, {0xd5, 0x7b, 0x60, 0xaf, 0x7b, 0x8f, 0x7b, 0xff}},
    {93642u, 0x0cf002e6u, 8u, {0xcd, 0x48, 0x13, 0x00, 0xfc, 0x46, 0x1f, 0xff}},
    {94183u, 0x0cf004e6u, 8u, {0xf1, 0x8c, 0x8c, 0x48, 0x1f, 0xff, 0xff, 0xff}},
    {94722u, 0x0cfe6ce6u, 8u, {0x4b, 0x10, 0xc0, 0xc0, 0x48, 0x13, 0x66, 0x28}},
    {100020u, 0x18f009e6u, 8u, {0xd5, 0x7b, 0x60, 0xb7, 0x7b, 0x67, 0x7e, 0xff}},
    {101120u, 0x18fef1e6u, 8u, {0xf3, 0x66, 0x28, 0xc0, 0x00, 0xff, 0xe0, 0xff}},
    {104384u, 0x0cf002e6u, 8u, {0xcd, 0x48, 0x13, 0x01, 0xfc, 0x6d, 0x1f, 0xff}},
    {105535u, 0x18fef2e6u, 8u, {0xba, 0x00, 0xff, 0xff, 0xff, 0xff, 0xff, 0xff}},
    {109387u, 0x18f009e6u, 8u, {0xd7, 0x7b, 0x60, 0xb7, 0x7b, 0x7f, 0x7f, 0xff}},
    {113521u, 0x0cf002e6u, 8u, {0xcd, 0x48, 0x13, 0x01, 0xfc, 0x6d, 0x1f, 0xff}},
    {114082u, 0x0cf004e6u, 8u, {0xf1, 0x8c, 0x8c, 0x53, 0x1f, 0xff, 0xff, 0xff}},
    {118870u, 0x0cf003e6u, 8u, {0xf0, 0x35, 0x11, 0xff, 0xff, 0xff, 0xff, 0xff}},
    {120592u, 0x18f001e6u, 8u, {0xcf, 0x00, 0xcf, 0xff, 0xff, 0xff, 0xff, 0xff}},
    {121102u, 0x18f009e6u, 8u, {0xd9, 0x7b, 0x60, 0xaf, 0x7b, 0xb7, 0x7e, 0xff}},
    {124278u, 0x0cf002e6u, 8u, {0xcd, 0x48, 0x13, 0x00, 0xfc, 0x45, 0x1f, 0xff}},
    {129872u, 0x18f009e6u, 8u, {0xdb, 0x7b, 0x60, 0xaf, 0x7b, 0x9f, 0x7c, 0xff}},
    {133514u, 0x0cf002e6u, 8u, {0xcd, 0x48, 0x13, 0x00, 0xfc, 0x45, 0x1f, 0xff}},
    {134053u, 0x0cf004e6u, 8u, {0xf1, 0x8c, 0x8c, 0x50, 0x1f, 0xff, 0xff, 0xff}},
    {139816u, 0x18f009e6u, 8u, {0xdd, 0x7b, 0x60, 0xbb, 0x7b, 0x77, 0x7a, 0xff}},
    {144105u, 0x0cf002e6u, 8u, {0xcd, 0x48, 0x13, 0x00, 0xfc, 0x62, 0x1f, 0xff}},
    {144640u, 0x0cfe6ce6u, 8u, {0x4b, 0x10, 0xc0, 0xc0, 0x38, 0x13, 0x4c, 0x28}},
    {150536u, 0x18f009e6u, 8u, {0xdf, 0x7b, 0x60, 0xc7, 0x7b, 0x7f, 0x7a, 0xff}},
    {153545u, 0x0cf002e6u, 8u, {0xcd, 0x48, 0x13, 0x00, 0xfc, 0x62, 0x1f, 0xff}},
    {154100u, 0x0cf004e6u, 8u, {0xf1, 0x8c, 0x8c, 0x5c, 0x1f, 0xff, 0xff, 0xff}},
    {159971u, 0x18f009e6u, 8u, {0xe1, 0x7b, 0x60, 0xcf, 0x7b, 0xef, 0x7b, 0xff}},
    {164399u, 0x0cf002e6u, 8u, {0xcd, 0x48, 0x13, 0x00, 0xfc, 0x69, 0x1f, 0xff}},
    {168688u, 0x0cf003e6u, 8u, {0xf0, 0x34, 0x11, 0xff, 0xff, 0xff, 0xff, 0xff}},
    {171545u, 0x18f009e6u, 8u, {0xe3, 0x7b, 0x60, 0xd7, 0x7b, 0xd7, 0x7b, 0xff}},
    {173463u, 0x0cf002e6u, 8u, {0xcd, 0x38, 0x13, 0x00, 0xfc, 0x69, 0x1f, 0xff}},
    {174042u, 0x0cf004e6u, 8u, {0xf1, 0x8c, 0x8c, 0x69, 0x1f, 0xff, 0xff, 0xff}},
    {179908u, 0x18f009e6u, 8u, {0xe5, 0x7b, 0x60, 0xcf, 0x7b, 0x8f, 0x79, 0xff}},
    {184203u, 0x0cf002e6u, 8u, {0xcd, 0x38, 0x13, 0x00, 0xfc, 0x6f, 0x1f, 0xff}},
    {184755u, 0x18f005e6u, 8u, {0x87, 0x5f, 0x06, 0x87, 0x20, 0x41, 0x31, 0x30}},
    {189344u, 0x18f009e6u, 8u, {0xe7, 0x7b, 0x60, 0xb7, 0x7b, 0xd7, 0x78, 0xff}},
    {193522u, 0x0cf002e6u, 8u, {0xcd, 0x38, 0x13, 0x00, 0xfc, 0x6f, 0x1f, 0xff}},
    {194152u, 0x0cf004e6u, 8u, {0xf1, 0x8c, 0x8c, 0x77, 0x1f, 0xff, 0xff, 0xff}},
    {194704u, 0x0cfe6ce6u, 8u, {0x4b, 0x10, 0xc0, 0xc0, 0x38, 0x13, 0x4c, 0x28}},
    {199981u, 0x18f009e6u, 8u, {0xe9, 0x7b, 0x60, 0xab, 0x7b, 0xd7, 0x7b, 0xff}},
    {201118u, 0x18fef1e6u, 8u, {0xf3, 0x66, 0x28, 0xc0, 0x00, 0xff, 0xe0, 0xff}},
    {204448u, 0x0cf002e6u, 8u, {0xcd, 0x38, 0x13, 0x00, 0xfc, 0x75, 0x1f, 0xff}},
    {205561u, 0x18fef2e6u, 8u, {0xb7, 0x00, 0xff, 0xff, 0xff, 0xff, 0xff, 0xff}},
    {209390u, 0x18f009e6u, 8u, {0xeb, 0x7b, 0x60, 0xab, 0x7b, 0xc7, 0x7f, 0xff}},
    {213486u, 0x0cf002e6u, 8u, {0xcd, 0x38, 0x13, 0x00, 0xfc, 0x75, 0x1f, 0xff}},
    {214038u, 0x0cf004e6u, 8u, {0xf1, 0x8c, 0x8c, 0x6e, 0x1f, 0xff, 0xff, 0xff}},
    {218809u, 0x0cf003e6u, 8u, {0xf0, 0x34, 0x10, 0xff, 0xff, 0xff, 0xff, 0xff}},
    {220489u, 0x18f001e6u, 8u, {0xcf, 0x00, 0xcf, 0xff, 0xff, 0xff, 0xff, 0xff}},
    {221024u, 0x18f009e6u, 8u, {0xef, 0x7b, 0x60, 0xb3, 0x7b, 0x27, 0x81, 0xff}},
    {224346u, 0x0cf002e6u, 8u, {0xcd, 0x38, 0x13, 0x00, 0xfc, 0x78, 0x1f, 0xff}},
    {229306u, 0x18f009e6u, 8u, {0xf1, 0x7b, 0x60, 0xc3, 0x7b, 0xaf, 0x7f, 0xff}},
    {233569u, 0x0cf002e6u, 8u, {0xcd, 0x38, 0x13, 0x00, 0xfc, 0x78, 0x1f, 0xff}},
    {234114u, 0x0cf004e6u, 8u, {0xf1, 0x8c, 0x8c, 0x82, 0x1f, 0xff, 0xff, 0xff}},
    {240043u, 0x18f009e6u, 8u, {0xf5, 0x7b, 0x60, 0xcf, 0x7b, 0xe7, 0x7d, 0xff}},
    {244213u, 0x0cf002e6u, 8u, {0xcd, 0x38, 0x13, 0x00, 0xfc, 0x70, 0x1f, 0xff}},
    {244751u, 0x0cfe6ce6u, 8u, {0x4b, 0x10, 0xc0, 0xc0, 0x40, 0x13, 0x66, 0x28}},
    {250536u, 0x18f009e6u, 8u, {0xf7, 0x7b, 0x60, 0xd3, 0x7b, 0xbf, 0x7d, 0xff}},
    {253617u, 0x0cf002e6u, 8u, {0xcd, 0x38, 0x13, 0x00, 0xfc, 0x70, 0x1f, 0xff}},
    {254160u, 0x0cf004e6u, 8u, {0xf1, 0x8c, 0x8c, 0x72, 0x1f, 0xff, 0xff, 0xff}},
    {260002u, 0x18f009e6u, 8u, {0xf9, 0x7b, 0x60, 0xcb, 0x7b, 0xf7, 0x7d, 0xff}},
    {264279u, 0x0cf002e6u, 8u, {0xcd, 0x38, 0x13, 0x00, 0xfc, 0x6f, 0x1f, 0xff}},
    {268733u, 0x0cf003e6u, 8u, {0xf0, 0x35, 0x11, 0xff, 0xff, 0xff, 0xff, 0xff}},
    {270991u, 0x18f009e6u, 8u, {0xff, 0x7b, 0x60, 0xc7, 0x7b, 0x8f, 0x7d, 0xff}},
    {273516u, 0x0cf002e6u, 8u, {0xcd, 0x48, 0x13, 0x00, 0xfc, 0x6f, 0x1f, 0xff}},
    {274057u, 0x0cf004e6u, 8u, {0xf1, 0x8c, 0x8c, 0x73, 0x1f, 0xff, 0xff, 0xff}},
    {279888u, 0x18f009e6u, 8u, {0x03, 0x7c, 0x60, 0xc7, 0x7b, 0xe7, 0x7c, 0xff}},
    {284212u, 0x0cf002e6u, 8u, {0xcd, 0x48, 0x13, 0x00, 0xfc, 0x5c, 0x1f, 0xff}},
    {284793u, 0x18f005e6u, 8u, {0x87, 0x5f, 0x06, 0x87, 0x20, 0x41, 0x31, 0x30}},
    {289281u, 0x18f009e6u, 8u, {0x07, 0x7c, 0x60, 0xcb, 0x7b, 0x8f, 0x7d, 0xff}},
    {293601u, 0x0cf002e6u, 8u, {0xcd, 0x48, 0x13, 0x00, 0xfc, 0x5c, 0x1f, 0xff}},
    {294182u, 0x0cf004e6u, 8u, {0xf1, 0x8c, 0x8c, 0x65, 0x1f, 0xff, 0xff, 0xff}},
    {294742u, 0x0cfe6ce6u, 8u, {0x4b, 0x10, 0xc0, 0xc0, 0x48, 0x13, 0x80, 0x28}},
    {300099u, 0x18f009e6u, 8u, {0x09, 0x7c, 0x60, 0xdb, 0x7b, 0x27, 0x7f, 0xff}},
    {301237u, 0x18fef1e6u, 8u, {0xf3, 0x4c, 0x28, 0xc0, 0x00, 0xff, 0xe0, 0xff}},
    {304344u, 0x0cf002e6u, 8u, {0xcd, 0x48, 0x13, 0x00, 0xfc, 0x76, 0x1f, 0xff}},
    {305531u, 0x18fef2e6u, 8u, {0xb6, 0x00, 0xff, 0xff, 0xff, 0xff, 0xff, 0xff}},
    {309411u, 0x18f009e6u, 8u, {0x0d, 0x7c, 0x60, 0xdf, 0x7b, 0xef, 0x7f, 0xff}},
    {313960u, 0x0cf002e6u, 8u, {0xcd, 0x48, 0x13, 0x00, 0xfc, 0x76, 0x1f, 0xff}},
    {314498u, 0x0cf004e6u, 8u, {0xf1, 0x8c, 0x8c, 0x5c, 0x1f, 0xff, 0xff, 0xff}},
    {318799u, 0x0cf003e6u, 8u, {0xf0, 0x34, 0x11, 0xff, 0xff, 0xff, 0xff, 0xff}},
    {320481u, 0x18f001e6u, 8u, {0xcf, 0x00, 0xcf, 0xff, 0xff, 0xff, 0xff, 0xff}},
    {320953u, 0x18f009e6u, 8u, {0x11, 0x7c, 0x60, 0xd7, 0x7b, 0x1f, 0x7f, 0xff}},
    {324224u, 0x0cf002e6u, 8u, {0xcd, 0x48, 0x13, 0x00, 0xfc, 0x42, 0x1f, 0xff}},
    {329965u, 0x18f009e6u, 8u, {0x15, 0x7c, 0x60, 0xc7, 0x7b, 0xa7, 0x7d, 0xff}},
    {333529u, 0x0cf002e6u, 8u, {0xcd, 0x48, 0x13, 0x00, 0xfc, 0x42, 0x1f, 0xff}},
    {334067u, 0x0cf004e6u, 8u, {0xf1, 0x8c, 0x8c, 0x52, 0x1f, 0xff, 0xff, 0xff}},
    {339932u, 0x18f009e6u, 8u, {0x19, 0x7c, 0x60, 0xbf, 0x7b, 0x37, 0x7c, 0xff}},
    {344219u, 0x0cf002e6u, 8u, {0xcd, 0x48, 0x13, 0x00, 0xfc, 0x63, 0x1f, 0xff}},
    {344823u, 0x0cfe6ce6u, 8u, {0x4b, 0x10, 0xc0, 0xc0, 0x40, 0x13, 0x66, 0x28}},
    {350554u, 0x18f009e6u, 8u, {0x1d, 0x7c, 0x60, 0xcb, 0x7b, 0xaf, 0x7b, 0xff}},
    {353633u, 0x0cf002e6u, 8u, {0xcd, 0x48, 0x13, 0x00, 0xfc, 0x63, 0x1f, 0xff}},
    {354158u, 0x0cf004e6u, 8u, {0xf1, 0x8c, 0x8c, 0x56, 0x1f, 0xff, 0xff, 0xff}},
    {360055u, 0x18f009e6u, 8u, {0x23, 0x7c, 0x60, 0xe3, 0x7b, 0xb7, 0x7b, 0xff}},
    {364431u, 0x0cf002e6u, 8u, {0xcd, 0x48, 0x13, 0x00, 0xfc, 0x56, 0x1f, 0xff}},
    {368687u, 0x0cf003e6u, 8u, {0xf0, 0x35, 0x11, 0xff, 0xff, 0xff, 0xff, 0xff}},
    {370977u, 0x18f009e6u, 8u, {0x29, 0x7c, 0x60, 0xff, 0x7b, 0xf7, 0x7b, 0xff}},
    {373585u, 0x0cf002e6u, 8u, {0xcd, 0x40, 0x13, 0x00, 0xfc, 0x56, 0x1f, 0xff}},
    {374136u, 0x0cf004e6u, 8u, {0xf1, 0x8c, 0x8c, 0x52, 0x1f, 0xff, 0xff, 0xff}},
    {379918u, 0x18f009e6u, 8u, {0x2d, 0x7c, 0x60, 0x0f, 0x7c, 0xdf, 0x7d, 0xff}},
    {384222u, 0x0cf002e6u, 8u, {0xcd, 0x40, 0x13, 0x00, 0xfc, 0x60, 0x1f, 0xff}},
    {384771u, 0x18f005e6u, 8u, {0x87, 0x5f, 0x06, 0x87, 0x20, 0x41, 0x31, 0x30}},
    {389479u, 0x18f009e6u, 8u, {0x33, 0x7c, 0x60, 0x17, 0x7c, 0xd7, 0x80, 0xff}},
    {393605u, 0x0cf002e6u, 8u, {0xcd, 0x40, 0x13, 0x00, 0xfc, 0x60, 0x1f, 0xff}},
    {394159u, 0x0cf004e6u, 8u, {0xf1, 0x8c, 0x8c, 0x60, 0x1f, 0xff, 0xff, 0xff}},
    {394702u, 0x0cfe6ce6u, 8u, {0x4b, 0x10, 0xc0, 0xc0, 0x40, 0x13, 0x66, 0x28}},
    {400053u, 0x18f009e6u, 8u, {0x37, 0x7c, 0x60, 0x13, 0x7c, 0x1f, 0x83, 0xff}},
    {401192u, 0x18fef1e6u, 8u, {0xf3, 0x80, 0x28, 0xc0, 0x00, 0xff, 0xe0, 0xff}},
    {404394u, 0x0cf002e6u, 8u, {0xcd, 0x40, 0x13, 0x00, 0xfc, 0x72, 0x1f, 0xff}},
    {405542u, 0x18fef2e6u, 8u, {0xb5, 0x00, 0xff, 0xff, 0xff, 0xff, 0xff, 0xff}},
    {409341u, 0x18f009e6u, 8u, {0x3b, 0x7c, 0x60, 0x07, 0x7c, 0x17, 0x83, 0xff}},
    {413540u, 0x0cf002e6u, 8u, {0xcd, 0x40, 0x13, 0x00, 0xfc, 0x72, 0x1f, 0xff}},
    {414103u, 0x0cf004e6u, 8u, {0xf1, 0x8c, 0x8c, 0x70, 0x1f, 0xff, 0xff, 0xff}},
    {418779u, 0x0cf003e6u, 8u, {0xf0, 0x35, 0x10, 0xff, 0xff, 0xff, 0xff, 0xff}},
    {420471u, 0x18f001e6u, 8u, {0xcf, 0x00, 0xcf, 0xff, 0xff, 0xff, 0xff, 0xff}},
    {421057u, 0x18f009e6u, 8u, {0x3f, 0x7c, 0x60, 0xff, 0x7b, 0x77, 0x81, 0xff}},
    {424247u, 0x0cf002e6u, 8u, {0xcd, 0x40, 0x13, 0x00, 0xfc, 0x6d, 0x1f, 0xff}},
    {429365u, 0x18f009e6u, 8u, {0x41, 0x7c, 0x60, 0xf7, 0x7b, 0xc7, 0x7f, 0xff}},
    {433615u, 0x0cf002e6u, 8u, {0xcd, 0x40, 0x13, 0x00, 0xfc, 0x6d, 0x1f, 0xff}},
    {434165u, 0x0cf004e6u, 8u, {0xf1, 0x8c, 0x8c, 0x7c, 0x1f, 0xff, 0xff, 0xff}},
    {439930u, 0x18f009e6u, 8u, {0x45, 0x7c, 0x60, 0xfb, 0x7b, 0x67, 0x7f, 0xff}},
    {444231u, 0x0cf002e6u, 8u, {0xcd, 0x40, 0x13, 0x00, 0xfc, 0x70, 0x1f, 0xff}},
    {444803u, 0x0cfe6ce6u, 8u, {0x4b, 0x10, 0xc0, 0xc0, 0x38, 0x13, 0x4c, 0x28}},
    {450586u, 0x18f009e6u, 8u, {0x49, 0x7c, 0x60, 0x03, 0x7c, 0x7f, 0x7f, 0xff}},
    {453669u, 0x0cf002e6u, 8u, {0xcd, 0x40, 0x13, 0x00, 0xfc, 0x70, 0x1f, 0xff}},
    {454239u, 0x0cf004e6u, 8u, {0xf1, 0x8c, 0x8c, 0x6b, 0x1f, 0xff, 0xff, 0xff}},
    {460009u, 0x18f009e6u, 8u, {0x4b, 0x7c, 0x60, 0x13, 0x7c, 0xef, 0x7e, 0xff}},
    {464432u, 0x0cf002e6u, 8u, {0xcd, 0x40, 0x13, 0x00, 0xfc, 0x70, 0x1f, 0xff}},
    {468783u, 0x0cf003e6u, 8u, {0xf0, 0x35, 0x11, 0xff, 0xff, 0xff, 0xff, 0xff}},
    {471636u, 0x18f009e6u, 8u, {0x4b, 0x7c, 0x60, 0x1b, 0x7c, 0x7f, 0x7e, 0xff}},
    {473670u, 0x0cf002e6u, 8u, {0xcd, 0x48, 0x13, 0x00, 0xfc, 0x70, 0x1f, 0xff}},
    {474210u, 0x0cf004e6u, 8u, {0xf1, 0x8c, 0x8c, 0x79, 0x1f, 0xff, 0xff, 0xff}},
    {479945u, 0x18f009e6u, 8u, {0x4d, 0x7c, 0x60, 0x23, 0x7c, 0x0f, 0x7e, 0xff}},
    {484276u, 0x0cf002e6u, 8u, {0xcd, 0x48, 0x13, 0x00, 0xfc, 0x64, 0x1f, 0xff}},
    {484792u, 0x18f005e6u, 8u, {0x87, 0x5f, 0x06, 0x87, 0x20, 0x41, 0x31, 0x30}},
    {489275u, 0x18f009e6u, 8u, {0x4f, 0x7c, 0x60, 0x27, 0x7c, 0xcf, 0x7d, 0xff}},
    {493580u, 0x0cf002e6u, 8u, {0xcd, 0x48, 0x13, 0x00, 0xfc, 0x64, 0x1f, 0xff}},
    {494165u, 0x0cf004e6u, 8u, {0xf1, 0x8c, 0x8c, 0x64, 0x1f, 0xff, 0xff, 0xff}},
    {494683u, 0x0cfe6ce6u, 8u, {0x4b, 0x10, 0xc0, 0xc0, 0x48, 0x13, 0x80, 0x28}},
    {500020u, 0x18f009e6u, 8u, {0x53, 0x7c, 0x60, 0x27, 0x7c, 0xe7, 0x7d, 0xff}},
    {501161u, 0x18fef1e6u, 8u, {0xf3, 0x66, 0x28, 0xc0, 0x00, 0xff, 0xe0, 0xff}},
    {504442u, 0x0cf002e6u, 8u, {0xcd, 0x48, 0x13, 0x00, 0xfc, 0x79, 0x1f, 0xff}},
    {505593u, 0x18fef2e6u, 8u, {0xb6, 0x00, 0xff, 0xff, 0xff, 0xff, 0xff, 0xff}},
    {509418u, 0x18f009e6u, 8u, {0x55, 0x7c, 0x60, 0x27, 0x7c, 0xa7, 0x7d, 0xff}},
    {513469u, 0x0cf002e6u, 8u, {0xcd, 0x48, 0x13, 0x00, 0xfc, 0x79, 0x1f, 0xff}},
    {514017u, 0x0cf004e6u, 8u, {0xf1, 0x8c, 0x8c, 0x65, 0x1f, 0xff, 0xff, 0xff}},
    {518806u, 0x0cf003e6u, 8u, {0xf0, 0x36, 0x11, 0xff, 0xff, 0xff, 0xff, 0xff}},
    {520515u, 0x18f001e6u, 8u, {0xcf, 0x00, 0xcf, 0xff, 0xff, 0xff, 0xff, 0xff}},
    {521044u, 0x18f009e6u, 8u, {0x57, 0x7c, 0x60, 0x1b, 0x7c, 0x5f, 0x7e, 0xff}},
    {524307u, 0x0cf002e6u, 8u, {0xcd, 0x48, 0x13, 0x00, 0xfc, 0x52, 0x1f, 0xff}},
    {529914u, 0x18f009e6u, 8u, {0x59, 0x7c, 0x60, 0x13, 0x7c, 0xf7, 0x7e, 0xff}},
    {533583u, 0x0cf002e6u, 8u, {0xcd, 0x48, 0x13, 0x00, 0xfc, 0x52, 0x1f, 0xff}},
    {534120u, 0x0cf004e6u, 8u, {0xf1, 0x8c, 0x8c, 0x6a, 0x1f, 0xff, 0xff, 0xff}},
    {540111u, 0x18f009e6u, 8u, {0x5b, 0x7c, 0x60, 0x17, 0x7c, 0x0f, 0x7e, 0xff}},
    {544234u, 0x0cf002e6u, 8u, {0xcd, 0x48, 0x13, 0x00, 0xfc, 0x7e, 0x1f, 0xff}},
    {544782u, 0x0cfe6ce6u, 8u, {0x4b, 0x10, 0xc0, 0xc0, 0x40, 0x13, 0x66, 0x28}},
    {550548u, 0x18f009e6u, 8u, {0x5b, 0x7c, 0x60, 0x23, 0x7c, 0x67, 0x7c, 0xff}},
    {553620u, 0x0cf002e6u, 8u, {0xcd, 0x48, 0x13, 0x00, 0xfc, 0x7e, 0x1f, 0xff}},
    {554177u, 0x0cf004e6u, 8u, {0xf1, 0x8c, 0x8c, 0x67, 0x1f, 0xff, 0xff, 0xff}},
    {559991u, 0x18f009e6u, 8u, {0x5d, 0x7c, 0x60, 0x27, 0x7c, 0x27, 0x7c, 0xff}},
    {564252u, 0x0cf002e6u, 8u, {0xcd, 0x48, 0x13, 0x00, 0xfc, 0x52, 0x1f, 0xff}},
    {568826u, 0x0cf003e6u, 8u, {0xf0, 0x35, 0x11, 0xff, 0xff, 0xff, 0xff, 0xff}},
    {571084u, 0x18f009e6u, 8u, {0x5d, 0x7c, 0x60, 0x27, 0x7c, 0x07, 0x7e, 0xff}},
    {573584u, 0x0cf002e6u, 8u, {0xcd, 0x48, 0x13, 0x00, 0xfc, 0x52, 0x1f, 0xff}},
    {574100u, 0x0cf004e6u, 8u, {0xf1, 0x8c, 0x8c, 0x65, 0x1f, 0xff, 0xff, 0xff}},
    {579813u, 0x18f009e6u, 8u, {0x5d, 0x7c, 0x60, 0x2f, 0x7c, 0x07, 0x80, 0xff}},
    {584181u, 0x0cf002e6u, 8u, {0xcd, 0x48, 0x13, 0x00, 0xfc, 0x73, 0x1f, 0xff}},
    {584719u, 0x18f005e6u, 8u, {0x87, 0x5f, 0x06, 0x87, 0x20, 0x41, 0x31, 0x30}},
    {589319u, 0x18f009e6u, 8u, {0x5d, 0x7c, 0x60, 0x37, 0x7c, 0x5f, 0x80, 0xff}},
    {593563u, 0x0cf002e6u, 8u, {0xcd, 0x48, 0x13, 0x00, 0xfc, 0x73, 0x1f, 0xff}},
    {594124u, 0x0cf004e6u, 8u, {0xf1, 0x8c, 0x8c, 0x6b, 0x1f, 0xff, 0xff, 0xff}},
    {594650u, 0x0cfe6ce6u, 8u, {0x4b, 0x10, 0xc0, 0xc0, 0x48, 0x13, 0x66, 0x28}},
    {600027u, 0x18f009e6u, 8u, {0x5d, 0x7c, 0x60, 0x3f, 0x7c, 0xef, 0x7e, 0xff}},
    {601172u, 0x18fef1e6u, 8u, {0xf3, 0x80, 0x28, 0xc0, 0x00, 0xff, 0xe0, 0xff}},
    {604394u, 0x0cf002e6u, 8u, {0xcd, 0x48, 0x13, 0x00, 0xfc, 0x62, 0x1f, 0xff}},
    {605663u, 0x18fef2e6u, 8u, {0xb5, 0x00, 0xff, 0xff, 0xff, 0xff, 0xff, 0xff}},
    {609502u, 0x18f009e6u, 8u, {0x5f, 0x7c, 0x60, 0x43, 0x7c, 0x3f, 0x7e, 0xff}},
    {614146u, 0x0cf002e6u, 8u, {0xcd, 0x48, 0x13, 0x00, 0xfc, 0x62, 0x1f, 0xff}},
    {614691u, 0x0cf004e6u, 8u, {0xf1, 0x8c, 0x8c, 0x65, 0x1f, 0xff, 0xff, 0xff}},
    {618853u, 0x0cf003e6u, 8u, {0xf0, 0x35, 0x11, 0xff, 0xff, 0xff, 0xff, 0xff}},
    {620554u, 0x18f001e6u, 8u, {0xcf, 0x00, 0xcf, 0xff, 0xff, 0xff, 0xff, 0xff}},
    {621105u, 0x18f009e6u, 8u, {0x5f, 0x7c, 0x60, 0x3f, 0x7c, 0x6f, 0x7f, 0xff}},
    {624272u, 0x0cf002e6u, 8u, {0xcd, 0x48, 0x13, 0x00, 0xfc, 0x5e, 0x1f, 0xff}},
    {629350u, 0x18f009e6u, 8u, {0x5f, 0x7c, 0x60, 0x3b, 0x7c, 0xcf, 0x80, 0xff}},
    {633516u, 0x0cf002e6u, 8u, {0xcd, 0x48, 0x13, 0x00, 0xfc, 0x5e, 0x1f, 0xff}},
    {634068u, 0x0cf004e6u, 8u, {0xf1, 0x8c, 0x8c, 0x64, 0x1f, 0xff, 0xff, 0xff}},
    {639970u, 0x18f009e6u, 8u, {0x61, 0x7c, 0x60, 0x37, 0x7c, 0x6f, 0x80, 0xff}},
    {644329u, 0x0cf002e6u, 8u, {0xcd, 0x48, 0x13, 0x00, 0xfc, 0x72, 0x1f, 0xff}},
    {644850u, 0x0cfe6ce6u, 8u, {0x4b, 0x10, 0xc0, 0xc0, 0x40, 0x13, 0x66, 0x28}},
    {650568u, 0x18f009e6u, 8u, {0x61, 0x7c, 0x60, 0x33, 0x7c, 0x87, 0x7f, 0xff}},
    {653647u, 0x0cf002e6u, 8u, {0xcd, 0x48, 0x13, 0x00, 0xfc, 0x72, 0x1f, 0xff}},
    {654186u, 0x0cf004e6u, 8u, {0xf1, 0x8c, 0x8c, 0x62, 0x1f, 0xff, 0xff, 0xff}},
    {660005u, 0x18f009e6u, 8u, {0x61, 0x7c, 0x60, 0x33, 0x7c, 0x1f, 0x80, 0xff}},
    {664295u, 0x0cf002e6u, 8u, {0xcd, 0x48, 0x13, 0x00, 0xfc, 0x5d, 0x1f, 0xff}},
    {668762u, 0x0cf003e6u, 8u, {0xf0, 0x35, 0x11, 0xff, 0xff, 0xff, 0xff, 0xff}},
    {671573u, 0x18f009e6u, 8u, {0x61, 0x7c, 0x60, 0x3f, 0x7c, 0x2f, 0x80, 0xff}},
    {673657u, 0x0cf002e6u, 8u, {0xcd, 0x40, 0x13, 0x00, 0xfc, 0x5d, 0x1f, 0xff}},
    {674192u, 0x0cf004e6u, 8u, {0xf1, 0x8c, 0x8c, 0x6a, 0x1f, 0xff, 0xff, 0xff}},
    {679964u, 0x18f009e6u, 8u, {0x61, 0x7c, 0x60, 0x5b, 0x7c, 0xd7, 0x7e, 0xff}},
    {684224u, 0x0cf002e6u, 8u, {0xcd, 0x40, 0x13, 0x00, 0xfc, 0x6c, 0x1f, 0xff}},
    {684790u, 0x18f005e6u, 8u, {0x87, 0x5f, 0x06, 0x87, 0x20, 0x41, 0x31, 0x30}},
    {689409u, 0x18f009e6u, 8u, {0x61, 0x7c, 0x60, 0x67, 0x7c, 0xf7, 0x7d, 0xff}},
    {693611u, 0x0cf002e6u, 8u, {0xcd, 0x40, 0x13, 0x00, 0xfc, 0x6c, 0x1f, 0xff}},
    {694152u, 0x0cf004e6u, 8u, {0xf1, 0x8c, 0x8c, 0x5e, 0x1f, 0xff, 0xff, 0xff}},
    {694695u, 0x0cfe6ce6u, 8u, {0x4b, 0x10, 0xc0, 0xc0, 0x40, 0x13, 0x66, 0x28}},
    {700022u, 0x18f009e6u, 8u, {0x61, 0x7c, 0x60, 0x63, 0x7c, 0xbf, 0x7e, 0xff}},
    {701158u, 0x18fef1e6u, 8u, {0xf3, 0x66, 0x28, 0xc0, 0x00, 0xff, 0xe0, 0xff}},
    {704520u, 0x0cf002e6u, 8u, {0xcd, 0x40, 0x13, 0x00, 0xfc, 0x78, 0x1f, 0xff}},
    {705672u, 0x18fef2e6u, 8u, {0xb5, 0x00, 0xff, 0xff, 0xff, 0xff, 0xff, 0xff}},
    {709867u, 0x18f009e6u, 8u, {0x61, 0x7c, 0x60, 0x53, 0x7c, 0xff, 0x7f, 0xff}},
    {713553u, 0x0cf002e6u, 8u, {0xcd, 0x40, 0x13, 0x00, 0xfc, 0x78, 0x1f, 0xff}},
    {714062u, 0x0cf004e6u, 8u, {0xf1, 0x8c, 0x8c, 0x76, 0x1f, 0xff, 0xff, 0xff}},
    {718837u, 0x0cf003e6u, 8u, {0xf0, 0x35, 0x11, 0xff, 0xff, 0xff, 0xff, 0xff}},
    {720529u, 0x18f001e6u, 8u, {0xcf, 0x00, 0xcf, 0xff, 0xff, 0xff, 0xff, 0xff}},
    {721065u, 0x18f009e6u, 8u, {0x61, 0x7c, 0x60, 0x4b, 0x7c, 0x77, 0x80, 0xff}},
    {724311u, 0x0cf002e6u, 8u, {0xcd, 0x40, 0x13, 0x00, 0xfc, 0x63, 0x1f, 0xff}},
    {729878u, 0x18f009e6u, 8u, {0x61, 0x7c, 0x60, 0x3f, 0x7c, 0x37, 0x80, 0xff}},
    {733595u, 0x0cf002e6u, 8u, {0xcd, 0x40, 0x13, 0x00, 0xfc, 0x63, 0x1f, 0xff}},
    {734167u, 0x0cf004e6u, 8u, {0xf1, 0x8c, 0x8c, 0x75, 0x1f, 0xff, 0xff, 0xff}},
    {739945u, 0x18f009e6u, 8u, {0x61, 0x7c, 0x60, 0x43, 0x7c, 0x57, 0x7f, 0xff}},
    {744266u, 0x0cf002e6u, 8u, {0xcd, 0x40, 0x13, 0x00, 0xfc, 0x85, 0x1f, 0xff}},
    {744822u, 0x0cfe6ce6u, 8u, {0x4b, 0x10, 0xc0, 0xc0, 0x40, 0x13, 0x66, 0x28}},
    {750652u, 0x18f009e6u, 8u, {0x61, 0x7c, 0x60, 0x53, 0x7c, 0xe7, 0x7e, 0xff}},
    {753604u, 0x0cf002e6u, 8u, {0xcd, 0x40, 0x13, 0x00, 0xfc, 0x85, 0x1f, 0xff}},
    {754158u, 0x0cf004e6u, 8u, {0xf1, 0x8c, 0x8c, 0x7a, 0x1f, 0xff, 0xff, 0xff}},
    {759939u, 0x18f009e6u, 8u, {0x61, 0x7c, 0x60, 0x63, 0x7c, 0x8f, 0x7e, 0xff}},
    {764380u, 0x0cf002e6u, 8u, {0xcd, 0x40, 0x13, 0x00, 0xfc, 0x63, 0x1f, 0xff}},
    {768733u, 0x0cf003e6u, 8u, {0xf0, 0x34, 0x11, 0xff, 0xff, 0xff, 0xff, 0xff}},
    {770995u, 0x18f009e6u, 8u, {0x61, 0x7c, 0x60, 0x5f, 0x7c, 0x2f, 0x7e, 0xff}},
    {773583u, 0x0cf002e6u, 8u, {0xcd, 0x48, 0x13, 0x00, 0xfc, 0x63, 0x1f, 0xff}},
    {774125u, 0x0cf004e6u, 8u, {0xf1, 0x8c, 0x8c, 0x7d, 0x1f, 0xff, 0xff, 0xff}},
    {779981u, 0x18f009e6u, 8u, {0x61, 0x7c, 0x60, 0x4f, 0x7c, 0x7f, 0x7e, 0xff}},
    {784289u, 0x0cf002e6u, 8u, {0xcd, 0x48, 0x13, 0x00, 0xfc, 0x82, 0x1f, 0xff}},
    {784792u, 0x18f005e6u, 8u, {0x87, 0x5f, 0x06, 0x87, 0x20, 0x41, 0x31, 0x30}},
    {789324u, 0x18f009e6u, 8u, {0x61, 0x7c, 0x60, 0x43, 0x7c, 0xe7, 0x7e, 0xff}},
    {793673u, 0x0cf002e6u, 8u, {0xcd, 0x48, 0x13, 0x00, 0xfc, 0x82, 0x1f, 0xff}},
    {794205u, 0x0cf004e6u, 8u, {0xf1, 0x8c, 0x8c, 0x72, 0x1f, 0xff, 0xff, 0xff}},
    {794742u, 0x0cfe6ce6u, 8u, {0x4b, 0x10, 0xc0, 0xc0, 0x48, 0x13, 0x66, 0x28}},
    {799986u, 0x18f009e6u, 8u, {0x61, 0x7c, 0x60, 0x3f, 0x7c, 0x47, 0x7f, 0xff}},
    {801136u, 0x18fef1e6u, 8u, {0xf3, 0x66, 0x28, 0xc0, 0x00, 0xff, 0xe0, 0xff}},
    {804435u, 0x0cf002e6u, 8u, {0xcd, 0x48, 0x13, 0x00, 0xfc, 0x5b, 0x1f, 0xff}},
    {805589u, 0x18fef2e6u, 8u, {0xb6, 0x00, 0xff, 0xff, 0xff, 0xff, 0xff, 0xff}},
    {809448u, 0x18f009e6u, 8u, {0x61, 0x7c, 0x60, 0x3f, 0x7c, 0x37, 0x7f, 0xff}},
    {813490u, 0x0cf002e6u, 8u, {0xcd, 0x48, 0x13, 0x00, 0xfc, 0x5b, 0x1f, 0xff}},
    {814037u, 0x0cf004e6u, 8u, {0xf1, 0x8c, 0x8c, 0x66, 0x1f, 0xff, 0xff, 0xff}},
    {818806u, 0x0cf003e6u, 8u, {0xf0, 0x35, 0x11, 0xff, 0xff, 0xff, 0xff, 0xff}},
    {820546u, 0x18f001e6u, 8u, {0xcf, 0x00, 0xcf, 0xff, 0xff, 0xff, 0xff, 0xff}},
    {821084u, 0x18f009e6u, 8u, {0x61, 0x7c, 0x60, 0x47, 0x7c, 0x6f, 0x7f, 0xff}},
    {824345u, 0x0cf002e6u, 8u, {0xcd, 0x48, 0x13, 0x00, 0xfc, 0x6a, 0x1f, 0xff}},
    {829347u, 0x18f009e6u, 8u, {0x61, 0x7c, 0x60, 0x4f, 0x7c, 0x07, 0x80, 0xff}},
    {833547u, 0x0cf002e6u, 8u, {0xcd, 0x48, 0x13, 0x00, 0xfc, 0x6a, 0x1f, 0xff}},
    {834090u, 0x0cf004e6u, 8u, {0xf1, 0x8c, 0x8c, 0x68, 0x1f, 0xff, 0xff, 0xff}},
    {840119u, 0x18f009e6u, 8u, {0x61, 0x7c, 0x60, 0x5b, 0x7c, 0xef, 0x80, 0xff}},
    {844268u, 0x0cf002e6u, 8u, {0xcd, 0x48, 0x13, 0x00, 0xfc, 0x5c, 0x1f, 0xff}},
    {844834u, 0x0cfe6ce6u, 8u, {0x4b, 0x10, 0xc0, 0xc0, 0x48, 0x13, 0x80, 0x28}},
    {850583u, 0x18f009e6u, 8u, {0x61, 0x7c, 0x60, 0x63, 0x7c, 0xff, 0x81, 0xff}},
    {853694u, 0x0cf002e6u, 8u, {0xcd, 0x48, 0x13, 0x00, 0xfc, 0x5c, 0x1f, 0xff}},
    {854230u, 0x0cf004e6u, 8u, {0xf1, 0x8c, 0x8c, 0x54, 0x1f, 0xff, 0xff, 0xff}},
    {860005u, 0x18f009e6u, 8u, {0x5f, 0x7c, 0x60, 0x6b, 0x7c, 0xaf, 0x81, 0xff}},
    {864325u, 0x0cf002e6u, 8u, {0xcd, 0x48, 0x13, 0x00, 0xfc, 0x50, 0x1f, 0xff}},
    {868783u, 0x0cf003e6u, 8u, {0xf0, 0x34, 0x11, 0xff, 0xff, 0xff, 0xff, 0xff}},
    {871034u, 0x18f009e6u, 8u, {0x5d, 0x7c, 0x60, 0x6b, 0x7c, 0xef, 0x7f, 0xff}},
    {873576u, 0x0cf002e6u, 8u, {0xcd, 0x40, 0x13, 0x00, 0xfc, 0x50, 0x1f, 0xff}},
    {874141u, 0x0cf004e6u, 8u, {0xf1, 0x8c, 0x8c, 0x54, 0x1f, 0xff, 0xff, 0xff}},
    {879908u, 0x18f009e6u, 8u, {0x5d, 0x7c, 0x60, 0x63, 0x7c, 0xff, 0x7d, 0xff}},
    {884268u, 0x0cf002e6u, 8u, {0xcd, 0x40, 0x13, 0x00, 0xfc, 0x6f, 0x1f, 0xff}},
    {884794u, 0x18f005e6u, 8u, {0x87, 0x5f, 0x06, 0x87, 0x20, 0x41, 0x31, 0x30}},
    {889366u, 0x18f009e6u, 8u, {0x5b, 0x7c, 0x60, 0x5b, 0x7c, 0x07, 0x7d, 0xff}},
    {893582u, 0x0cf002e6u, 8u, {0xcd, 0x40, 0x13, 0x00, 0xfc, 0x6f, 0x1f, 0xff}},
    {894122u, 0x0cf004e6u, 8u, {0xf1, 0x8c, 0x8c, 0x57, 0x1f, 0xff, 0xff, 0xff}},
    {894663u, 0x0cfe6ce6u, 8u, {0x4b, 0x10, 0xc0, 0xc0, 0x40, 0x13, 0x66, 0x28}},
    {900069u, 0x18f009e6u, 8u, {0x59, 0x7c, 0x60, 0x53, 0x7c, 0x47, 0x7d, 0xff}},
    {901200u, 0x18fef1e6u, 8u, {0xf3, 0x66, 0x28, 0xc0, 0x00, 0xff, 0xe0, 0xff}},
    {904397u, 0x0cf002e6u, 8u, {0xcd, 0x40, 0x13, 0x00, 0xfc, 0x58, 0x1f, 0xff}},
    {905511u, 0x18fef2e6u, 8u, {0xb5, 0x00, 0xff, 0xff, 0xff, 0xff, 0xff, 0xff}},
    {909466u, 0x18f009e6u, 8u, {0x59, 0x7c, 0x60, 0x53, 0x7c, 0xf7, 0x7d, 0xff}},
    {913676u, 0x0cf002e6u, 8u, {0xcd, 0x40, 0x13, 0x00, 0xfc, 0x58, 0x1f, 0xff}},
    {914213u, 0x0cf004e6u, 8u, {0xf1, 0x8c, 0x8c, 0x66, 0x1f, 0xff, 0xff, 0xff}},
    {918833u, 0x0cf003e6u, 8u, {0xf0, 0x35, 0x11, 0xff, 0xff, 0xff, 0xff, 0xff}},
    {920531u, 0x18f001e6u, 8u, {0xcf, 0x00, 0xcf, 0xff, 0xff, 0xff, 0xff, 0xff}},
    {921063u, 0x18f009e6u, 8u, {0x57, 0x7c, 0x60, 0x57, 0x7c, 0xd7, 0x7e, 0xff}},
    {924350u, 0x0cf002e6u, 8u, {0xcd, 0x40, 0x13, 0x00, 0xfc, 0x6a, 0x1f, 0xff}},
    {929919u, 0x18f009e6u, 8u, {0x51, 0x7c, 0x60, 0x57, 0x7c, 0xa7, 0x7f, 0xff}},
    {933580u, 0x0cf002e6u, 8u, {0xcd, 0x40, 0x13, 0x00, 0xfc, 0x6a, 0x1f, 0xff}},
    {934110u, 0x0cf004e6u, 8u, {0xf1, 0x8c, 0x8c, 0x62, 0x1f, 0xff, 0xff, 0xff}},
    {939940u, 0x18f009e6u, 8u, {0x4b, 0x7c, 0x60, 0x57, 0x7c, 0x17, 0x80, 0xff}},
    {944267u, 0x0cf002e6u, 8u, {0xcd, 0x40, 0x13, 0x00, 0xfc, 0x7f, 0x1f, 0xff}},
    {944821u, 0x0cfe6ce6u, 8u, {0x4b, 0x10, 0xc0, 0xc0, 0x38, 0x13, 0x4c, 0x28}},
    {950573u, 0x18f009e6u, 8u, {0x41, 0x7c, 0x60, 0x5b, 0x7c, 0x17, 0x7f, 0xff}},
    {953724u, 0x0cf002e6u, 8u, {0xcd, 0x40, 0x13, 0x00, 0xfc, 0x7f, 0x1f, 0xff}},
    {954268u, 0x0cf004e6u, 8u, {0xf1, 0x8c, 0x8c, 0x7f, 0x1f, 0xff, 0xff, 0xff}},
    {960109u, 0x18f009e6u, 8u, {0x3b, 0x7c, 0x60, 0x5f, 0x7c, 0xbf, 0x7c, 0xff}},
    {964297u, 0x0cf002e6u, 8u, {0xcd, 0x40, 0x13, 0x00, 0xfc, 0x6c, 0x1f, 0xff}},
    {968753u, 0x0cf003e6u, 8u, {0xf0, 0x33, 0x11, 0xff, 0xff, 0xff, 0xff, 0xff}},
    {971579u, 0x18f009e6u, 8u, {0x35, 0x7c, 0x60, 0x67, 0x7c, 0x0f, 0x7b, 0xff}},
    {973637u, 0x0cf002e6u, 8u, {0xcd, 0x40, 0x13, 0x00, 0xfc, 0x6c, 0x1f, 0xff}},
    {974184u, 0x0cf004e6u, 8u, {0xf1, 0x8c, 0x8c, 0x7e, 0x1f, 0xff, 0xff, 0xff}},
    {979963u, 0x18f009e6u, 8u, {0x2d, 0x7c, 0x60, 0x6b, 0x7c, 0x37, 0x7c, 0xff}},
    {984296u, 0x0cf002e6u, 8u, {0xcd, 0x40, 0x13, 0x00, 0xfc, 0x95, 0x1f, 0xff}},
    {984835u, 0x18f005e6u, 8u, {0x87, 0x5f, 0x06, 0x87, 0x20, 0x41, 0x31, 0x30}},
    {989485u, 0x18f009e6u, 8u, {0x29, 0x7c, 0x60, 0x67, 0x7c, 0xcf, 0x7e, 0xff}},
    {993671u, 0x0cf002e6u, 8u, {0xcd, 0x40, 0x13, 0x00, 0xfc, 0x95, 0x1f, 0xff}},
    {994225u, 0x0cf004e6u, 8u, {0xf1, 0x8c, 0x8c, 0x85, 0x1f, 0xff, 0xff, 0xff}},
    {994729u, 0x0cfe6ce6u, 8u, {0x4b, 0x10, 0xc0, 0xc0, 0x40, 0x13, 0x66, 0x28}},
    {1001169u, 0x18f009e6u, 8u, {0x23, 0x7c, 0x60, 0x63, 0x7c, 0x07, 0x81, 0xff}},
    {1002926u, 0x18fef1e6u, 8u, {0xf3, 0x66, 0x28, 0xc0, 0x00, 0xff, 0xe0, 0xff}},
    {1004473u, 0x0cf002e6u, 8u, {0xcd, 0x40, 0x13, 0x00, 0xfc, 0x6d, 0x1f, 0xff}},
    {1005572u, 0x18fef2e6u, 8u, {0xb5, 0x00, 0xff, 0xff, 0xff, 0xff, 0xff, 0xff}},
    {1009401u, 0x18f009e6u, 8u, {0x1d, 0x7c, 0x60, 0x5f, 0x7c, 0x57, 0x81, 0xff}},
    {1013502u, 0x0cf002e6u, 8u, {0xcd, 0x40, 0x13, 0x00, 0xfc, 0x6d, 0x1f, 0xff}},
    {1014083u, 0x0cf004e6u, 8u, {0xf1, 0x8b, 0x8b, 0x8b, 0x1f, 0xff, 0xff, 0xff}},
    {1018846u, 0x0cf003e6u, 8u, {0xf0, 0x31, 0x10, 0xff, 0xff, 0xff, 0xff, 0xff}},
    {1020541u, 0x18f001e6u, 8u, {0xcf, 0x00, 0xcf, 0xff, 0xff, 0xff, 0xff, 0xff}},
    {1021099u, 0x18f009e6u, 8u, {0x19, 0x7c, 0x60, 0x5f, 0x7c, 0xf7, 0x7f, 0xff}},
    {1024251u, 0x0cf002e6u, 8u, {0xcd, 0x40, 0x13, 0x00, 0xfc, 0x8c, 0x1f, 0xff}},
    {1029440u, 0x18f009e6u, 8u, {0x13, 0x7c, 0x60, 0x53, 0x7c, 0x2f, 0x7f, 0xff}},
    {1033572u, 0x0cf002e6u, 8u, {0xcd, 0x40, 0x13, 0x00, 0xfc, 0x8c, 0x1f, 0xff}},
    {1034118u, 0x0cf004e6u, 8u, {0xf1, 0x8b, 0x8b, 0x80, 0x1f, 0xff, 0xff, 0xff}},
    {1039959u, 0x18f009e6u, 8u, {0x0b, 0x7c, 0x60, 0x4f, 0x7c, 0x47, 0x7f, 0xff}},
    {1044337u, 0x0cf002e6u, 8u, {0xcd, 0x40, 0x13, 0x00, 0xfc, 0x66, 0x1f, 0xff}},
    {1044874u, 0x0cfe6ce6u, 8u, {0x4b, 0x10, 0xc0, 0xc0, 0x50, 0x13, 0x80, 0x28}},
    {1050623u, 0x18f009e6u, 8u, {0x07, 0x7c, 0x60, 0x4b, 0x7c, 0xe7, 0x7e, 0xff}},
    {1053594u, 0x0cf002e6u, 8u, {0xcd, 0x40, 0x13, 0x00, 0xfc, 0x66, 0x1f, 0xff}},
    {1054157u, 0x0cf004e6u, 8u, {0xf1, 0x8b, 0x8b, 0x6d, 0x1f, 0xff, 0xff, 0xff}},
    {1060036u, 0x18f009e6u, 8u, {0x01, 0x7c, 0x60, 0x53, 0x7c, 0x6f, 0x7d, 0xff}},
    {1064527u, 0x0cf002e6u, 8u, {0xcd, 0x40, 0x13, 0x00, 0xfc, 0x6c, 0x1f, 0xff}},
    {1068771u, 0x0cf003e6u, 8u, {0xf0, 0x30, 0x10, 0xff, 0xff, 0xff, 0xff, 0xff}},
    {1070966u, 0x18f009e6u, 8u, {0xfb, 0x7b, 0x60, 0x5f, 0x7c, 0x4f, 0x7c, 0xff}},
    {1073630u, 0x0cf002e6u, 8u, {0xcd, 0x50, 0x13, 0x00, 0xfc, 0x6c, 0x1f, 0xff}},
    {1074176u, 0x0cf004e6u, 8u, {0xf1, 0x8b, 0x8b, 0x66, 0x1f, 0xff, 0xff, 0xff}},
    {1079954u, 0x18f009e6u, 8u, {0xf7, 0x7b, 0x60, 0x67, 0x7c, 0xef, 0x7c, 0xff}},
    {1084222u, 0x0cf002e6u, 8u, {0xcd, 0x50, 0x13, 0x00, 0xfc, 0x67, 0x1f, 0xff}},
    {1084754u, 0x18f005e6u, 8u, {0x87, 0x5f, 0x06, 0x87, 0x20, 0x41, 0x31, 0x30}},
    {1089317u, 0x18f009e6u, 8u, {0xf5, 0x7b, 0x60, 0x6f, 0x7c, 0x07, 0x7e, 0xff}},
    {1093703u, 0x0cf002e6u, 8u, {0xcd, 0x50, 0x13, 0x00, 0xfc, 0x67, 0x1f, 0xff}},
    {1094247u, 0x0cf004e6u, 8u, {0xf1, 0x8b, 0x8b, 0x52, 0x1f, 0xff, 0xff, 0xff}},
    {1094790u, 0x0cfe6ce6u, 8u, {0x4b, 0x10, 0xc0, 0xc0, 0x50, 0x13, 0x80, 0x28}},
    {1100128u, 0x18f009e6u, 8u, {0xf3, 0x7b, 0x60, 0x6f, 0x7c, 0xc7, 0x7e, 0xff}},
    {1101261u, 0x18fef1e6u, 8u, {0xf3, 0x66, 0x28, 0xc0, 0x00, 0xff, 0xe0, 0xff}},
    {1104449u, 0x0cf002e6u, 8u, {0xcd, 0x50, 0x13, 0x00, 0xfc, 0x52, 0x1f, 0xff}},
    {1105603u, 0x18fef2e6u, 8u, {0xb3, 0x00, 0xff, 0xff, 0xff, 0xff, 0xff, 0xff}},
    {1109435u, 0x18f009e6u, 8u, {0xf1, 0x7b, 0x60, 0x67, 0x7c, 0xdf, 0x7e, 0xff}},
    {1113503u, 0x0cf002e6u, 8u, {0xcd, 0x50, 0x13, 0x00, 0xfc, 0x52, 0x1f, 0xff}},
    {1114018u, 0x0cf004e6u, 8u, {0xf1, 0x8b, 0x8b, 0x5c, 0x1f, 0xff, 0xff, 0xff}},
    {1118817u, 0x0cf003e6u, 8u, {0xf0, 0x30, 0x10, 0xff, 0xff, 0xff, 0xff, 0xff}},
    {1120519u, 0x18f001e6u, 8u, {0xcf, 0x00, 0xcf, 0xff, 0xff, 0xff, 0xff, 0xff}},
    {1121074u, 0x18f009e6u, 8u, {0xef, 0x7b, 0x60, 0x67, 0x7c, 0x7f, 0x7f, 0xff}},
    {1124365u, 0x0cf002e6u, 8u, {0xcd, 0x50, 0x13, 0x01, 0xfc, 0x7d, 0x1f, 0xff}},
    {1129906u, 0x18f009e6u, 8u, {0xef, 0x7b, 0x60, 0x5f, 0x7c, 0x57, 0x80, 0xff}},
    {1133651u, 0x0cf002e6u, 8u, {0xcd, 0x50, 0x13, 0x01, 0xfc, 0x7d, 0x1f, 0xff}},
    {1134189u, 0x0cf004e6u, 8u, {0xf1, 0x8b, 0x8b, 0x65, 0x1f, 0xff, 0xff, 0xff}},
    {1140072u, 0x18f009e6u, 8u, {0xef, 0x7b, 0x60, 0x63, 0x7c, 0x87, 0x80, 0xff}},
    {1144252u, 0x0cf002e6u, 8u, {0xcd, 0x50, 0x13, 0x00, 0xfc, 0x6d, 0x1f, 0xff}},
    {1144834u, 0x0cfe6ce6u, 8u, {0x4b, 0x10, 0xc0, 0xc0, 0x38, 0x13, 0x66, 0x28}},
    {1150612u, 0x18f009e6u, 8u, {0xef, 0x7b, 0x60, 0x67, 0x7c, 0x97, 0x7f, 0xff}},
    {1153647u, 0x0cf002e6u, 8u, {0xcd, 0x50, 0x13, 0x00, 0xfc, 0x6d, 0x1f, 0xff}},
    {1154151u, 0x0cf004e6u, 8u, {0xf1, 0x8b, 0x8b, 0x7b, 0x1f, 0xff, 0xff, 0xff}},
    {1160007u, 0x18f009e6u, 8u, {0xef, 0x7b, 0x60, 0x67, 0x7c, 0x7f, 0x7e, 0xff}},
    {1164352u, 0x0cf002e6u, 8u, {0xcd, 0x50, 0x13, 0x00, 0xfc, 0x77, 0x1f, 0xff}},
    {1168777u, 0x0cf003e6u, 8u, {0xf0, 0x2e, 0x0f, 0xff, 0xff, 0xff, 0xff, 0xff}},
    {1171667u, 0x18f009e6u, 8u, {0xef, 0x7b, 0x60, 0x5f, 0x7c, 0x77, 0x7e, 0xff}},
    {1173537u, 0x0cf002e6u, 8u, {0xcd, 0x48, 0x13, 0x00, 0xfc, 0x77, 0x1f, 0xff}},
    {1174048u, 0x0cf004e6u, 8u, {0xf1, 0x8a, 0x8a, 0x79, 0x1f, 0xff, 0xff, 0xff}},
    {1179921u, 0x18f009e6u, 8u, {0xef, 0x7b, 0x60, 0x53, 0x7c, 0xdf, 0x7e, 0xff}},
    {1184279u, 0x0cf002e6u, 8u, {0xcd, 0x48, 0x13, 0x00, 0xfc, 0x86, 0x1f, 0xff}},
    {1184833u, 0x18f005e6u, 8u, {0x87, 0x5f, 0x06, 0x87, 0x20, 0x41, 0x31, 0x30}},
    {1189323u, 0x18f009e6u, 8u, {0xef, 0x7b, 0x60, 0x4f, 0x7c, 0x5f, 0x7f, 0xff}},
    {1193603u, 0x0cf002e6u, 8u, {0xcd, 0x48, 0x13, 0x00, 0xfc, 0x86, 0x1f, 0xff}},
    {1194146u, 0x0cf004e6u, 8u, {0xf1, 0x8a, 0x8a, 0x86, 0x1f, 0xff, 0xff, 0xff}},
    {1194694u, 0x0cfe6ce6u, 8u, {0x4b, 0x10, 0xc0, 0xc0, 0x48, 0x13, 0x66, 0x28}},
    {1200088u, 0x18f009e6u, 8u, {0xef, 0x7b, 0x60, 0x4f, 0x7c, 0xe7, 0x7f, 0xff}},
    {1201228u, 0x18fef1e6u, 8u, {0xf3, 0x80, 0x28, 0xc0, 0x00, 0xff, 0xe0, 0xff}},
    {1204560u, 0x0cf002e6u, 8u, {0xcd, 0x48, 0x13, 0x01, 0xfc, 0x64, 0x1f, 0xff}},
    {1205699u, 0x18fef2e6u, 8u, {0xab, 0x00, 0xff, 0xff, 0xff, 0xff, 0xff, 0xff}},
    {1209408u, 0x18f009e6u, 8u, {0xef, 0x7b, 0x60, 0x53, 0x7c, 0xa7, 0x7f, 0xff}},
    {1213652u, 0x0cf002e6u, 8u, {0xcd, 0x48, 0x13, 0x01, 0xfc, 0x64, 0x1f, 0xff}},
    {1214201u, 0x0cf004e6u, 8u, {0xf1, 0x8a, 0x8a, 0x74, 0x1f, 0xff, 0xff, 0xff}},
    {1218853u, 0x0cf003e6u, 8u, {0xf0, 0x2e, 0x0f, 0xff, 0xff, 0xff, 0xff, 0xff}},
    {1220564u, 0x18f001e6u, 8u, {0xcf, 0x00, 0xcf, 0xff, 0xff, 0xff, 0xff, 0xff}},
    {1221102u, 0x18f009e6u, 8u, {0xef, 0x7b, 0x60, 0x57, 0x7c, 0x4f, 0x7f, 0xff}},
    {1224277u, 0x0cf002e6u, 8u, {0xcd, 0x48, 0x13, 0x00, 0xfc, 0x74, 0x1f, 0xff}},
    {1229383u, 0x18f009e6u, 8u, {0xf1, 0x7b, 0x60, 0x57, 0x7c, 0x17, 0x7f, 0xff}},
    {1233654u, 0x0cf002e6u, 8u, {0xcd, 0x48, 0x13, 0x00, 0xfc, 0x74, 0x1f, 0xff}},
    {1234159u, 0x0cf004e6u, 8u, {0xf1, 0x8a, 0x8a, 0x66, 0x1f, 0xff, 0xff, 0xff}},
    {1240022u, 0x18f009e6u, 8u, {0xf1, 0x7b, 0x60, 0x5b, 0x7c, 0x6f, 0x7e, 0xff}},
    {1244285u, 0x0cf002e6u, 8u, {0xcd, 0x48, 0x13, 0x00, 0xfc, 0x59, 0x1f, 0xff}},
    {1244805u, 0x0cfe6ce6u, 8u, {0x4b, 0x10, 0xc0, 0xc0, 0x48, 0x13, 0x80, 0x28}},
    {1250564u, 0x18f009e6u, 8u, {0xf3, 0x7b, 0x60, 0x53, 0x7c, 0x5f, 0x7d, 0xff}},
    {1253644u, 0x0cf002e6u, 8u, {0xcd, 0x48, 0x13, 0x00, 0xfc, 0x59, 0x1f, 0xff}},
    {1254189u, 0x0cf004e6u, 8u, {0xf1, 0x8a, 0x8a, 0x5e, 0x1f, 0xff, 0xff, 0xff}},
    {1260025u, 0x18f009e6u, 8u, {0xf5, 0x7b, 0x60, 0x4b, 0x7c, 0x07, 0x7d, 0xff}},
    {1264319u, 0x0cf002e6u, 8u, {0xcd, 0x48, 0x13, 0x00, 0xfc, 0x6b, 0x1f, 0xff}},
    {1268804u, 0x0cf003e6u, 8u, {0xf0, 0x2f, 0x0f, 0xff, 0xff, 0xff, 0xff, 0xff}},
    {1271050u, 0x18f009e6u, 8u, {0xf7, 0x7b, 0x60, 0x3f, 0x7c, 0x7f, 0x7d, 0xff}},
    {1273705u, 0x0cf002e6u, 8u, {0xcd, 0x48, 0x13, 0x00, 0xfc, 0x6b, 0x1f, 0xff}},
    {1274263u, 0x0cf004e6u, 8u, {0xf1, 0x8a, 0x8a, 0x5a, 0x1f, 0xff, 0xff, 0xff}},
    {1279932u, 0x18f009e6u, 8u, {0xf7, 0x7b, 0x60, 0x3b, 0x7c, 0x9f, 0x7e, 0xff}},
    {1284260u, 0x0cf002e6u, 8u, {0xcd, 0x48, 0x13, 0x00, 0xfc, 0x74, 0x1f, 0xff}},
    {1284794u, 0x18f005e6u, 8u, {0x87, 0x5f, 0x06, 0x87, 0x20, 0x41, 0x31, 0x30}},
    {1289424u, 0x18f009e6u, 8u, {0xfb, 0x7b, 0x60, 0x3b, 0x7c, 0xb7, 0x7f, 0xff}},
    {1293639u, 0x0cf002e6u, 8u, {0xcd, 0x48, 0x13, 0x00, 0xfc, 0x74, 0x1f, 0xff}},
    {1294170u, 0x0cf004e6u, 8u, {0xf1, 0x8a, 0x8a, 0x5e, 0x1f, 0xff, 0xff, 0xff}},
    {1294741u, 0x0cfe6ce6u, 8u, {0x4b, 0x10, 0xc0, 0xc0, 0x48, 0x13, 0x66, 0x28}},
    {1300087u, 0x18f009e6u, 8u, {0xff, 0x7b, 0x60, 0x3f, 0x7c, 0x5f, 0x80, 0xff}},
    {1302971u, 0x18fef1e6u, 8u, {0xf3, 0x66, 0x28, 0xc0, 0x00, 0xff, 0xe0, 0xff}},
    {1304460u, 0x0cf002e6u, 8u, {0xcd, 0x48, 0x13, 0x00, 0xfc, 0x6e, 0x1f, 0xff}},
    {1305585u, 0x18fef2e6u, 8u, {0xa5, 0x00, 0xff, 0xff, 0xff, 0xff, 0xff, 0xff}},
    {1309496u, 0x18f009e6u, 8u, {0x03, 0x7c, 0x60, 0x3b, 0x7c, 0x17, 0x80, 0xff}},
    {1313516u, 0x0cf002e6u, 8u, {0xcd, 0x48, 0x13, 0x00, 0xfc, 0x6e, 0x1f, 0xff}},
    {1314024u, 0x0cf004e6u, 8u, {0xf1, 0x8a, 0x8a, 0x7f, 0x1f, 0xff, 0xff, 0xff}},
    {1318840u, 0x0cf003e6u, 8u, {0xf0, 0x2d, 0x0f, 0xff, 0xff, 0xff, 0xff, 0xff}},
    {1320546u, 0x18f001e6u, 8u, {0xcf, 0x00, 0xcf, 0xff, 0xff, 0xff, 0xff, 0xff}},
    {1321089u, 0x18f009e6u, 8u, {0x07, 0x7c, 0x60, 0x3b, 0x7c, 0x27, 0x7f, 0xff}},
    {1324262u, 0x0cf002e6u, 8u, {0xcd, 0x48, 0x13, 0x00, 0xfc, 0x7d, 0x1f, 0xff}},
    {1329864u, 0x18f009e6u, 8u, {0x09, 0x7c, 0x60, 0x47, 0x7c, 0x87, 0x7d, 0xff}},
    {1333591u, 0x0cf002e6u, 8u, {0xcd, 0x48, 0x13, 0x00, 0xfc, 0x7d, 0x1f, 0xff}},
    {1334083u, 0x0cf004e6u, 8u, {0xf1, 0x8a, 0x8a, 0x75, 0x1f, 0xff, 0xff, 0xff}},
    {1339988u, 0x18f009e6u, 8u, {0x0b, 0x7c, 0x60, 0x4f, 0x7c, 0xcf, 0x7c, 0xff}},
    {1344347u, 0x0cf002e6u, 8u, {0xcd, 0x48, 0x13, 0x00, 0xfc, 0x76, 0x1f, 0xff}},
    {1344864u, 0x0cfe6ce6u, 8u, {0x4b, 0x10, 0xc0, 0xc0, 0x38, 0x13, 0x66, 0x28}},
    {1350653u, 0x18f009e6u, 8u, {0x0d, 0x7c, 0x60, 0x4b, 0x7c, 0xa7, 0x7d, 0xff}},
    {1353649u, 0x0cf002e6u, 8u, {0xcd, 0x48, 0x13, 0x00, 0xfc, 0x76, 0x1f, 0xff}},
    {1354215u, 0x0cf004e6u, 8u, {0xf1, 0x8a, 0x8a, 0x82, 0x1f, 0xff, 0xff, 0xff}},
    {1360049u, 0x18f009e6u, 8u, {0x0d, 0x7c, 0x60, 0x3f, 0x7c, 0x4f, 0x7f, 0xff}},
    {1364468u, 0x0cf002e6u, 8u, {0xcd, 0x48, 0x13, 0x00, 0xfc, 0x7c, 0x1f, 0xff}},
    {1368755u, 0x0cf003e6u, 8u, {0xf0, 0x2d, 0x0e, 0xff, 0xff, 0xff, 0xff, 0xff}},
    {1371002u, 0x18f009e6u, 8u, {0x0f, 0x7c, 0x60, 0x27, 0x7c, 0xa7, 0x7f, 0xff}},
    {1373559u, 0x0cf002e6u, 8u, {0xcd, 0x48, 0x13, 0x00, 0xfc, 0x7c, 0x1f, 0xff}},
    {1374117u, 0x0cf004e6u, 8u, {0xf1, 0x8a, 0x8a, 0x7b, 0x1f, 0xff, 0xff, 0xff}},
    {1380080u, 0x18f009e6u, 8u, {0x0f, 0x7c, 0x60, 0x1b, 0x7c, 0x2f, 0x7e, 0xff}},
    {1384230u, 0x0cf002e6u, 8u, {0xcd, 0x48, 0x13, 0x00, 0xfc, 0x77, 0x1f, 0xff}},
    {1384810u, 0x18f005e6u, 8u, {0x87, 0x5f, 0x06, 0x87, 0x20, 0x41, 0x31, 0x30}},
    {1389422u, 0x18f009e6u, 8u, {0x0f, 0x7c, 0x60, 0x1b, 0x7c, 0x5f, 0x7d, 0xff}},
    {1393646u, 0x0cf002e6u, 8u, {0xcd, 0x48, 0x13, 0x00, 0xfc, 0x77, 0x1f, 0xff}},
    {1394199u, 0x0cf004e6u, 8u, {0xf1, 0x8a, 0x8a, 0x74, 0x1f, 0xff, 0xff, 0xff}},
    {1394756u, 0x0cfe6ce6u, 8u, {0x4b, 0x10, 0xc0, 0xc0, 0x48, 0x13, 0x80, 0x28}},
    {1399992u, 0x18f009e6u, 8u, {0x0f, 0x7c, 0x60, 0x1f, 0x7c, 0xe7, 0x7d, 0xff}},
    {1401163u, 0x18fef1e6u, 8u, {0xf3, 0x66, 0x28, 0xc0, 0x00, 0xff, 0xe0, 0xff}},
    {1404445u, 0x0cf002e6u, 8u, {0xcd, 0x48, 0x13, 0x00, 0xfc, 0x62, 0x1f, 0xff}},
    {1405602u, 0x18fef2e6u, 8u, {0xa1, 0x00, 0xff, 0xff, 0xff, 0xff, 0xff, 0xff}},
    {1409402u, 0x18f009e6u, 8u, {0x0f, 0x7c, 0x60, 0x23, 0x7c, 0x9f, 0x7e, 0xff}},
    {1413607u, 0x0cf002e6u, 8u, {0xcd, 0x48, 0x13, 0x00, 0xfc, 0x62, 0x1f, 0xff}},
    {1414155u, 0x0cf004e6u, 8u, {0xf1, 0x8a, 0x8a, 0x6a, 0x1f, 0xff, 0xff, 0xff}},
    {1418855u, 0x0cf003e6u, 8u, {0xf0, 0x2d, 0x0e, 0xff, 0xff, 0xff, 0xff, 0xff}},
    {1420546u, 0x18f001e6u, 8u, {0xcf, 0x00, 0xcf, 0xff, 0xff, 0xff, 0xff, 0xff}},
    {1421099u, 0x18f009e6u, 8u, {0x0f, 0x7c, 0x60, 0x23, 0x7c, 0x1f, 0x7e, 0xff}},
    {1424305u, 0x0cf002e6u, 8u, {0xcd, 0x48, 0x13, 0x00, 0xfc, 0x7c, 0x1f, 0xff}},
    {1429337u, 0x18f009e6u, 8u, {0x0f, 0x7c, 0x60, 0x23, 0x7c, 0x6f, 0x7c, 0xff}},
    {1433550u, 0x0cf002e6u, 8u, {0xcd, 0x48, 0x13, 0x00, 0xfc, 0x7c, 0x1f, 0xff}},
    {1434090u, 0x0cf004e6u, 8u, {0xf1, 0x8a, 0x8a, 0x71, 0x1f, 0xff, 0xff, 0xff}},
    {1440099u, 0x18f009e6u, 8u, {0x0f, 0x7c, 0x60, 0x1f, 0x7c, 0x8f, 0x7b, 0xff}},
    {1444262u, 0x0cf002e6u, 8u, {0xcd, 0x48, 0x13, 0x00, 0xfc, 0x61, 0x1f, 0xff}},
    {1444803u, 0x0cfe6ce6u, 8u, {0x4b, 0x10, 0xc0, 0xc0, 0x50, 0x13, 0x80, 0x28}},
    {1450632u, 0x18f009e6u, 8u, {0x0f, 0x7c, 0x60, 0x13, 0x7c, 0x2f, 0x7c, 0xff}},
    {1453717u, 0x0cf002e6u, 8u, {0xcd, 0x48, 0x13, 0x00, 0xfc, 0x61, 0x1f, 0xff}},
    {1454256u, 0x0cf004e6u, 8u, {0xf1, 0x8a, 0x8a, 0x68, 0x1f, 0xff, 0xff, 0xff}},
    {1460049u, 0x18f009e6u, 8u, {0x0f, 0x7c, 0x60, 0x0b, 0x7c, 0x97, 0x7d, 0xff}},
    {1464317u, 0x0cf002e6u, 8u, {0xcd, 0x48, 0x13, 0x00, 0xfc, 0x72, 0x1f, 0xff}},
    {1468819u, 0x0cf003e6u, 8u, {0xf0, 0x2d, 0x0e, 0xff, 0xff, 0xff, 0xff, 0xff}},
    {1471656u, 0x18f009e6u, 8u, {0x0f, 0x7c, 0x60, 0x0b, 0x7c, 0xe7, 0x7e, 0xff}},
    {1473677u, 0x0cf002e6u, 8u, {0xcd, 0x40, 0x13, 0x00, 0xfc, 0x72, 0x1f, 0xff}},
    {1474236u, 0x0cf004e6u, 8u, {0xf1, 0x89, 0x89, 0x64, 0x1f, 0xff, 0xff, 0xff}},
    {1479968u, 0x18f009e6u, 8u, {0x0f, 0x7c, 0x60, 0x0f, 0x7c, 0x2f, 0x80, 0xff}},
    {1484399u, 0x0cf002e6u, 8u, {0xcd, 0x40, 0x13, 0x00, 0xfc, 0x63, 0x1f, 0xff}},
    {1484944u, 0x18f005e6u, 8u, {0x87, 0x5f, 0x06, 0x87, 0x20, 0x41, 0x31, 0x30}},
    {1489341u, 0x18f009e6u, 8u, {0x0f, 0x7c, 0x60, 0x13, 0x7c, 0x2f, 0x81, 0xff}},
    {1493566u, 0x0cf002e6u, 8u, {0xcd, 0x40, 0x13, 0x00, 0xfc, 0x63, 0x1f, 0xff}},
    {1494142u, 0x0cf004e6u, 8u, {0xf1, 0x89, 0x89, 0x63, 0x1f, 0xff, 0xff, 0xff}},
    {1494689u, 0x0cfe6ce6u, 8u, {0x4b, 0x10, 0xc0, 0xc0, 0x40, 0x13, 0x66, 0x28}},
    {1500137u, 0x18f009e6u, 8u, {0x0f, 0x7c, 0x60, 0x1b, 0x7c, 0x4f, 0x81, 0xff}},
    {1501221u, 0x18fef1e6u, 8u, {0xf3, 0x80, 0x28, 0xc0, 0x00, 0xff, 0xe0, 0xff}},
    {1504420u, 0x0cf002e6u, 8u, {0xcd, 0x40, 0x13, 0x00, 0xfc, 0x69, 0x1f, 0xff}},
    {1505579u, 0x18fef2e6u, 8u, {0x9f, 0x00, 0xff, 0xff, 0xff, 0xff, 0xff, 0xff}},
    {1509463u, 0x18f009e6u, 8u, {0x0d, 0x7c, 0x60, 0x1f, 0x7c, 0xaf, 0x7f, 0xff}},
    {1513687u, 0x0cf002e6u, 8u, {0xcd, 0x40, 0x13, 0x00, 0xfc, 0x69, 0x1f, 0xff}},
    {1514254u, 0x0cf004e6u, 8u, {0xf1, 0x89, 0x89, 0x68, 0x1f, 0xff, 0xff, 0xff}},
    {1518906u, 0x0cf003e6u, 8u, {0xf0, 0x2d, 0x0e, 0xff, 0xff, 0xff, 0xff, 0xff}},
    {1520584u, 0x18f001e6u, 8u, {0xcf, 0x00, 0xcf, 0xff, 0xff, 0xff, 0xff, 0xff}},
    {1521126u, 0x18f009e6u, 8u, {0x0d, 0x7c, 0x60, 0x1b, 0x7c, 0x5f, 0x7d, 0xff}},
    {1524261u, 0x0cf002e6u, 8u, {0xcd, 0x40, 0x13, 0x00, 0xfc, 0x7f, 0x1f, 0xff}},
    {1529942u, 0x18f009e6u, 8u, {0x0b, 0x7c, 0x60, 0x0f, 0x7c, 0x57, 0x7c, 0xff}},
    {1533578u, 0x0cf002e6u, 8u, {0xcd, 0x40, 0x13, 0x00, 0xfc, 0x7f, 0x1f, 0xff}},
    {1534143u, 0x0cf004e6u, 8u, {0xf1, 0x89, 0x89, 0x68, 0x1f, 0xff, 0xff, 0xff}},
    {1539963u, 0x18f009e6u, 8u, {0x0b, 0x7c, 0x60, 0xfb, 0x7b, 0x27, 0x7d, 0xff}},
    {1544303u, 0x0cf002e6u, 8u, {0xcd, 0x40, 0x13, 0x00, 0xfc, 0x7a, 0x1f, 0xff}},
    {1544823u, 0x0cfe6ce6u, 8u, {0x4b, 0x10, 0xc0, 0xc0, 0x40, 0x13, 0x66, 0x28}},
    {1550622u, 0x18f009e6u, 8u, {0x0b, 0x7c, 0x60, 0xef, 0x7b, 0x67, 0x7e, 0xff}},
    {1553738u, 0x0cf002e6u, 8u, {0xcd, 0x40, 0x13, 0x00, 0xfc, 0x7a, 0x1f, 0xff}},
    {1554279u, 0x0cf004e6u, 8u, {0xf1, 0x89, 0x89, 0x8d, 0x1f, 0xff, 0xff, 0xff}},
    {1559999u, 0x18f009e6u, 8u, {0x0b, 0x7c, 0x60, 0xf7, 0x7b, 0x17, 0x7f, 0xff}},
    {1564349u, 0x0cf002e6u, 8u, {0xcd, 0x40, 0x13, 0x00, 0xfc, 0x8c, 0x1f, 0xff}},
    {1568760u, 0x0cf003e6u, 8u, {0xf0, 0x2d, 0x0e, 0xff, 0xff, 0xff, 0xff, 0xff}},
    {1571023u, 0x18f009e6u, 8u, {0x0b, 0x7c, 0x60, 0x07, 0x7c, 0x67, 0x7e, 0xff}},
    {1573649u, 0x0cf002e6u, 8u, {0xcd, 0x40, 0x13, 0x00, 0xfc, 0x8c, 0x1f, 0xff}},
    {1574189u, 0x0cf004e6u, 8u, {0xf1, 0x89, 0x89, 0x84, 0x1f, 0xff, 0xff, 0xff}},
    {1580004u, 0x18f009e6u, 8u, {0x0b, 0x7c, 0x60, 0x1f, 0x7c, 0x0f, 0x7e, 0xff}},
    {1584272u, 0x0cf002e6u, 8u, {0xcd, 0x40, 0x13, 0x00, 0xfc, 0x82, 0x1f, 0xff}},
    {1584796u, 0x18f005e6u, 8u, {0x87, 0x5f, 0x06, 0x87, 0x20, 0x41, 0x31, 0x30}},
    {1589728u, 0x18f009e6u, 8u, {0x0b, 0x7c, 0x60, 0x27, 0x7c, 0x8f, 0x7e, 0xff}},
    {1593691u, 0x0cf002e6u, 8u, {0xcd, 0x40, 0x13, 0x00, 0xfc, 0x82, 0x1f, 0xff}},
    {1594237u, 0x0cf004e6u, 8u, {0xf1, 0x89, 0x89, 0x8d, 0x1f, 0xff, 0xff, 0xff}},
    {1594786u, 0x0cfe6ce6u, 8u, {0x4b, 0x10, 0xc0, 0xc0, 0x40, 0x13, 0x66, 0x28}},
    {1600077u, 0x18f009e6u, 8u, {0x09, 0x7c, 0x60, 0x17, 0x7c, 0x2f, 0x7f, 0xff}},
    {1601203u, 0x18fef1e6u, 8u, {0xf3, 0x66, 0x28, 0xc0, 0x00, 0xff, 0xe0, 0xff}},
    {1604454u, 0x0cf002e6u, 8u, {0xcd, 0x40, 0x13, 0x00, 0xfc, 0x70, 0x1f, 0xff}},
    {1605612u, 0x18fef2e6u, 8u, {0x9c, 0x00, 0xff, 0xff, 0xff, 0xff, 0xff, 0xff}},
    {1609424u, 0x18f009e6u, 8u, {0x09, 0x7c, 0x60, 0x03, 0x7c, 0x6f, 0x7e, 0xff}},
    {1613578u, 0x0cf002e6u, 8u, {0xcd, 0x40, 0x13, 0x00, 0xfc, 0x70, 0x1f, 0xff}},
    {1614127u, 0x0cf004e6u, 8u, {0xf1, 0x89, 0x89, 0x7f, 0x1f, 0xff, 0xff, 0xff}},
    {1618863u, 0x0cf003e6u, 8u, {0xf0, 0x2c, 0x0e, 0xff, 0xff, 0xff, 0xff, 0xff}},
    {1620581u, 0x18f001e6u, 8u, {0xcf, 0x00, 0xcf, 0xff, 0xff, 0xff, 0xff, 0xff}},
    {1621106u, 0x18f009e6u, 8u, {0x09, 0x7c, 0x60, 0xf7, 0x7b, 0xe7, 0x7c, 0xff}},
    {1624374u, 0x0cf002e6u, 8u, {0xcd, 0x40, 0x13, 0x00, 0xfc, 0x74, 0x1f, 0xff}},
    {1629387u, 0x18f009e6u, 8u, {0x09, 0x7c, 0x60, 0xf7, 0x7b, 0xbf, 0x7c, 0xff}},
    {1633600u, 0x0cf002e6u, 8u, {0xcd, 0x40, 0x13, 0x00, 0xfc, 0x74, 0x1f, 0xff}},
    {1634168u, 0x0cf004e6u, 8u, {0xf1, 0x89, 0x89, 0x6a, 0x1f, 0xff, 0xff, 0xff}},
    {1639989u, 0x18f009e6u, 8u, {0x09, 0x7c, 0x60, 0xff, 0x7b, 0x07, 0x7f, 0xff}},
    {1644324u, 0x0cf002e6u, 8u, {0xcd, 0x40, 0x13, 0x00, 0xfc, 0x51, 0x1f, 0xff}},
    {1644839u, 0x0cfe6ce6u, 8u, {0x4b, 0x10, 0xc0, 0xc0, 0x58, 0x13, 0x99, 0x28}},
    {1650646u, 0x18f009e6u, 8u, {0x09, 0x7c, 0x60, 0x07, 0x7c, 0xc7, 0x81, 0xff}},
    {1653666u, 0x0cf002e6u, 8u, {0xcd, 0x40, 0x13, 0x00, 0xfc, 0x51, 0x1f, 0xff}},
    {1654187u, 0x0cf004e6u, 8u, {0xf1, 0x89, 0x89, 0x64, 0x1f, 0xff, 0xff, 0xff}},
    {1660100u, 0x18f009e6u, 8u, {0x07, 0x7c, 0x60, 0x03, 0x7c, 0x2f, 0x82, 0xff}},
    {1664423u, 0x0cf002e6u, 8u, {0xcd, 0x40, 0x13, 0x00, 0xfc, 0x75, 0x1f, 0xff}},
    {1668792u, 0x0cf003e6u, 8u, {0xf0, 0x2d, 0x0e, 0xff, 0xff, 0xff, 0xff, 0xff}},
    {1671610u, 0x18f009e6u, 8u, {0x05, 0x7c, 0x60, 0xff, 0x7b, 0x07, 0x80, 0xff}},
    {1673601u, 0x0cf002e6u, 8u, {0xcd, 0x38, 0x13, 0x00, 0xfc, 0x75, 0x1f, 0xff}},
    {1674164u, 0x0cf004e6u, 8u, {0xf1, 0x89, 0x89, 0x6a, 0x1f, 0xff, 0xff, 0xff}},
    {1679993u, 0x18f009e6u, 8u, {0x03, 0x7c, 0x60, 0xf7, 0x7b, 0x27, 0x7e, 0xff}},
    {1684254u, 0x0cf002e6u, 8u, {0xcd, 0x38, 0x13, 0x00, 0xfc, 0x4e, 0x1f, 0xff}},
    {1685966u, 0x18f005e6u, 8u, {0x87, 0x5f, 0x06, 0x87, 0x20, 0x41, 0x31, 0x30}},
    {1689412u, 0x18f009e6u, 8u, {0x01, 0x7c, 0x60, 0xfb, 0x7b, 0x37, 0x7d, 0xff}},
    {1693750u, 0x0cf002e6u, 8u, {0xcd, 0x38, 0x13, 0x00, 0xfc, 0x4e, 0x1f, 0xff}},
    {1694307u, 0x0cf004e6u, 8u, {0xf1, 0x89, 0x89, 0x58, 0x1f, 0xff, 0xff, 0xff}},
    {1694855u, 0x0cfe6ce6u, 8u, {0x4b, 0x10, 0xc0, 0xc0, 0x38, 0x13, 0x66, 0x28}},
    {1700093u, 0x18f009e6u, 8u, {0x01, 0x7c, 0x60, 0xff, 0x7b, 0x7f, 0x7c, 0xff}},
    {1701230u, 0x18fef1e6u, 8u, {0xf3, 0x66, 0x28, 0xc0, 0x00, 0xff, 0xe0, 0xff}},
    {1704548u, 0x0cf002e6u, 8u, {0xcd, 0x38, 0x13, 0x00, 0xfc, 0x57, 0x1f, 0xff}},
    {1705685u, 0x18fef2e6u, 8u, {0x9a, 0x00, 0xff, 0xff, 0xff, 0xff, 0xff, 0xff}},
    {1709500u, 0x18f009e6u, 8u, {0x01, 0x7c, 0x60, 0xfb, 0x7b, 0xff, 0x7b, 0xff}},
    {1713469u, 0x0cf002e6u, 8u, {0xcd, 0x38, 0x13, 0x00, 0xfc, 0x57, 0x1f, 0xff}},
    {1714045u, 0x0cf004e6u, 8u, {0xf1, 0x89, 0x89, 0x4b, 0x1f, 0xff, 0xff, 0xff}},
    {1718850u, 0x0cf003e6u, 8u, {0xf0, 0x2d, 0x0e, 0xff, 0xff, 0xff, 0xff, 0xff}},
    {1720550u, 0x18f001e6u, 8u, {0xcf, 0x00, 0xcf, 0xff, 0xff, 0xff, 0xff, 0xff}},
    {1721074u, 0x18f009e6u, 8u, {0xff, 0x7b, 0x60, 0xeb, 0x7b, 0x57, 0x7c, 0xff}},
    {1724338u, 0x0cf002e6u, 8u, {0xcd, 0x38, 0x13, 0x00, 0xfc, 0x4b, 0x1f, 0xff}},
    {1729951u, 0x18f009e6u, 8u, {0xff, 0x7b, 0x60, 0xdf, 0x7b, 0x57, 0x7d, 0xff}},
    {1733654u, 0x0cf002e6u, 8u, {0xcd, 0x38, 0x13, 0x00, 0xfc, 0x4b, 0x1f, 0xff}},
    {1734246u, 0x0cf004e6u, 8u, {0xf1, 0x89, 0x89, 0x43, 0x1f, 0xff, 0xff, 0xff}},
    {1740102u, 0x18f009e6u, 8u, {0xff, 0x7b, 0x60, 0xe7, 0x7b, 0xdf, 0x7e, 0xff}},
    {1744273u, 0x0cf002e6u, 8u, {0xcd, 0x38, 0x13, 0x00, 0xfc, 0x46, 0x1f, 0xff}},
    {1744791u, 0x0cfe6ce6u, 8u, {0x4b, 0x10, 0xc0, 0xc0, 0x40, 0x13, 0x66, 0x28}},
    {1750608u, 0x18f009e6u, 8u, {0xfd, 0x7b, 0x60, 0xf3, 0x7b, 0x0f, 0x80, 0xff}},
    {1753648u, 0x0cf002e6u, 8u, {0xcd, 0x38, 0x13, 0x00, 0xfc, 0x46, 0x1f, 0xff}},
    {1754189u, 0x0cf004e6u, 8u, {0xf1, 0x89, 0x89, 0x46, 0x1f, 0xff, 0xff, 0xff}},
    {1759966u, 0x18f009e6u, 8u, {0xfb, 0x7b, 0x60, 0xfb, 0x7b, 0xef, 0x7f, 0xff}},
    {1764394u, 0x0cf002e6u, 8u, {0xcd, 0x38, 0x13, 0x00, 0xfc, 0x5f, 0x1f, 0xff}},
    {1768795u, 0x0cf003e6u, 8u, {0xf0, 0x2d, 0x0e, 0xff, 0xff, 0xff, 0xff, 0xff}},
    {1771036u, 0x18f009e6u, 8u, {0xf7, 0x7b, 0x60, 0xef, 0x7b, 0xb7, 0x7e, 0xff}},
    {1773554u, 0x0cf002e6u, 8u, {0xcd, 0x30, 0x13, 0x00, 0xfc, 0x5f, 0x1f, 0xff}},
    {1774117u, 0x0cf004e6u, 8u, {0xf1, 0x89, 0x89, 0x48, 0x1f, 0xff, 0xff, 0xff}},
    {1781140u, 0x18f009e6u, 8u, {0xf7, 0x7b, 0x60, 0xdb, 0x7b, 0x77, 0x7d, 0xff}},
    {1784322u, 0x0cf002e6u, 8u, {0xcd, 0x30, 0x13, 0x00, 0xfc, 0x5b, 0x1f, 0xff}},
    {1784835u, 0x18f005e6u, 8u, {0x87, 0x5f, 0x06, 0x87, 0x20, 0x41, 0x31, 0x30}},
    {1789290u, 0x18f009e6u, 8u, {0xf5, 0x7b, 0x60, 0xcb, 0x7b, 0x8f, 0x7c, 0xff}},
    {1793570u, 0x0cf002e6u, 8u, {0xcd, 0x30, 0x13, 0x00, 0xfc, 0x5b, 0x1f, 0xff}},
    {1794163u, 0x0cf004e6u, 8u, {0xf1, 0x89, 0x89, 0x6b, 0x1f, 0xff, 0xff, 0xff}},
    {1794705u, 0x0cfe6ce6u, 8u, {0x4b, 0x10, 0xc0, 0xc0, 0x30, 0x13, 0x4c, 0x28}},
    {1800173u, 0x18f009e6u, 8u, {0xf1, 0x7b, 0x60, 0xc7, 0x7b, 0xef, 0x7c, 0xff}},
    {1801303u, 0x18fef1e6u, 8u, {0xf3, 0x66, 0x28, 0xc0, 0x00, 0xff, 0xe0, 0xff}},
    {1804409u, 0x0cf002e6u, 8u, {0xcd, 0x30, 0x13, 0x00, 0xfc, 0x71, 0x1f, 0xff}},
    {1805560u, 0x18fef2e6u, 8u, {0x99, 0x00, 0xff, 0xff, 0xff, 0xff, 0xff, 0xff}},
    {1809419u, 0x18f009e6u, 8u, {0xef, 0x7b, 0x60, 0xcf, 0x7b, 0xa7, 0x7e, 0xff}},
    {1813698u, 0x0cf002e6u, 8u, {0xcd, 0x30, 0x13, 0x00, 0xfc, 0x71, 0x1f, 0xff}},
    {1814264u, 0x0cf004e6u, 8u, {0xf1, 0x89, 0x89, 0x64, 0x1f, 0xff, 0xff, 0xff}},
    {1818816u, 0x0cf003e6u, 8u, {0xf0, 0x2d, 0x0e, 0xff, 0xff, 0xff, 0xff, 0xff}},
    {1820562u, 0x18f001e6u, 8u, {0xcf, 0x00, 0xcf, 0xff, 0xff, 0xff, 0xff, 0xff}},
    {1821095u, 0x18f009e6u, 8u, {0xed, 0x7b, 0x60, 0xdf, 0x7b, 0xef, 0x7f, 0xff}},
    {1824260u, 0x0cf002e6u, 8u, {0xcd, 0x30, 0x13, 0x00, 0xfc, 0x78, 0x1f, 0xff}},
    {1829400u, 0x18f009e6u, 8u, {0xeb, 0x7b, 0x60, 0xeb, 0x7b, 0x0f, 0x80, 0xff}},
    {1833652u, 0x0cf002e6u, 8u, {0xcd, 0x30, 0x13, 0x00, 0xfc, 0x78, 0x1f, 0xff}},
    {1834201u, 0x0cf004e6u, 8u, {0xf1, 0x89, 0x89, 0x71, 0x1f, 0xff, 0xff, 0xff}},
    {1840012u, 0x18f009e6u, 8u, {0xe7, 0x7b, 0x60, 0xe7, 0x7b, 0x07, 0x7f, 0xff}},
    {1844314u, 0x0cf002e6u, 8u, {0xcd, 0x30, 0x13, 0x00, 0xfc, 0x5c, 0x1f, 0xff}},
    {1844837u, 0x0cfe6ce6u, 8u, {0x4b, 0x10, 0xc0, 0xc0, 0x38, 0x13, 0x4c, 0x28}},
    {1850664u, 0x18f009e6u, 8u, {0xe5, 0x7b, 0x60, 0xdf, 0x7b, 0x97, 0x7d, 0xff}},
    {1853656u, 0x0cf002e6u, 8u, {0xcd, 0x30, 0x13, 0x00, 0xfc, 0x5c, 0x1f, 0xff}},
    {1854258u, 0x0cf004e6u, 8u, {0xf1, 0x89, 0x89, 0x76, 0x1f, 0xff, 0xff, 0xff}},
    {1860026u, 0x18f009e6u, 8u, {0xe1, 0x7b, 0x60, 0xdb, 0x7b, 0xb7, 0x7c, 0xff}},
    {1864418u, 0x0cf002e6u, 8u, {0xcd, 0x30, 0x13, 0x00, 0xfc, 0x7e, 0x1f, 0xff}},
    {1868836u, 0x0cf003e6u, 8u, {0xf0, 0x2d, 0x0e, 0xff, 0xff, 0xff, 0xff, 0xff}},
    {1871106u, 0x18f009e6u, 8u, {0xdf, 0x7b, 0x60, 0xd7, 0x7b, 0x8f, 0x7c, 0xff}},
    {1873698u, 0x0cf002e6u, 8u, {0xcd, 0x40, 0x13, 0x00, 0xfc, 0x7e, 0x1f, 0xff}},
    {1874206u, 0x0cf004e6u, 8u, {0xf1, 0x89, 0x89, 0x71, 0x1f, 0xff, 0xff, 0xff}},
    {1879975u, 0x18f009e6u, 8u, {0xdb, 0x7b, 0x60, 0xcf, 0x7b, 0x2f, 0x7d, 0xff}},
    {1884244u, 0x0cf002e6u, 8u, {0xcd, 0x40, 0x13, 0x00, 0xfc, 0x5e, 0x1f, 0xff}},
    {1884787u, 0x18f005e6u, 8u, {0x87, 0x5f, 0x06, 0x87, 0x20, 0x41, 0x31, 0x30}},
    {1889447u, 0x18f009e6u, 8u, {0xd9, 0x7b, 0x60, 0xc7, 0x7b, 0x7f, 0x7c, 0xff}},
    {1893660u, 0x0cf002e6u, 8u, {0xcd, 0x40, 0x13, 0x00, 0xfc, 0x5e, 0x1f, 0xff}},
    {1894216u, 0x0cf004e6u, 8u, {0xf1, 0x89, 0x89, 0x70, 0x1f, 0xff, 0xff, 0xff}},
    {1894770u, 0x0cfe6ce6u, 8u, {0x4b, 0x10, 0xc0, 0xc0, 0x40, 0x13, 0x66, 0x28}},
    {1900066u, 0x18f009e6u, 8u, {0xd5, 0x7b, 0x60, 0xc3, 0x7b, 0xe7, 0x7a, 0xff}},
    {1901203u, 0x18fef1e6u, 8u, {0xf3, 0x4c, 0x28, 0xc0, 0x00, 0xff, 0xe0, 0xff}},
    {1904545u, 0x0cf002e6u, 8u, {0xcd, 0x40, 0x13, 0x00, 0xfc, 0x82, 0x1f, 0xff}},
    {1905681u, 0x18fef2e6u, 8u, {0x9a, 0x00, 0xff, 0xff, 0xff, 0xff, 0xff, 0xff}},
    {1909456u, 0x18f009e6u, 8u, {0xd5, 0x7b, 0x60, 0xc3, 0x7b, 0x97, 0x7a, 0xff}},
    {1913583u, 0x0cf002e6u, 8u, {0xcd, 0x40, 0x13, 0x00, 0xfc, 0x82, 0x1f, 0xff}},
    {1914137u, 0x0cf004e6u, 8u, {0xf1, 0x89, 0x89, 0x78, 0x1f, 0xff, 0xff, 0xff}},
    {1918878u, 0x0cf003e6u, 8u, {0xf0, 0x2d, 0x0e, 0xff, 0xff, 0xff, 0xff, 0xff}},
    {1920574u, 0x18f001e6u, 8u, {0xcf, 0x00, 0xcf, 0xff, 0xff, 0xff, 0xff, 0xff}},
    {1921096u, 0x18f009e6u, 8u, {0xd3, 0x7b, 0x60, 0xc7, 0x7b, 0x17, 0x7c, 0xff}},
    {1924325u, 0x0cf002e6u, 8u, {0xcd, 0x40, 0x13, 0x00, 0xfc, 0x68, 0x1f, 0xff}},
    {1929895u, 0x18f009e6u, 8u, {0xd3, 0x7b, 0x60, 0xc7, 0x7b, 0x87, 0x7e, 0xff}},
    {1933637u, 0x0cf002e6u, 8u, {0xcd, 0x40, 0x13, 0x00, 0xfc, 0x68, 0x1f, 0xff}},
    {1934180u, 0x0cf004e6u, 8u, {0xf1, 0x89, 0x89, 0x6b, 0x1f, 0xff, 0xff, 0xff}},
    {1940016u, 0x18f009e6u, 8u, {0xd1, 0x7b, 0x60, 0xc7, 0x7b, 0xc7, 0x7f, 0xff}},
    {1944307u, 0x0cf002e6u, 8u, {0xcd, 0x40, 0x13, 0x00, 0xfc, 0x62, 0x1f, 0xff}},
    {1944807u, 0x0cfe6ce6u, 8u, {0x4b, 0x10, 0xc0, 0xc0, 0x40, 0x13, 0x66, 0x28}},
    {1950651u, 0x18f009e6u, 8u, {0xd1, 0x7b, 0x60, 0xbf, 0x7b, 0xdf, 0x7e, 0xff}},
    {1953732u, 0x0cf002e6u, 8u, {0xcd, 0x40, 0x13, 0x00, 0xfc, 0x62, 0x1f, 0xff}},
    {1954267u, 0x0cf004e6u, 8u, {0xf1, 0x89, 0x89, 0x63, 0x1f, 0xff, 0xff, 0xff}},
    {1960067u, 0x18f009e6u, 8u, {0xcf, 0x7b, 0x60, 0xa7, 0x7b, 0x8f, 0x7d, 0xff}},
    {1964425u, 0x0cf002e6u, 8u, {0xcd, 0x40, 0x13, 0x00, 0xfc, 0x60, 0x1f, 0xff}},
    {1968792u, 0x0cf003e6u, 8u, {0xf0, 0x2d, 0x0e, 0xff, 0xff, 0xff, 0xff, 0xff}},
    {1971601u, 0x18f009e6u, 8u, {0xcf, 0x7b, 0x60, 0x9b, 0x7b, 0x4f, 0x7d, 0xff}},
    {1973701u, 0x0cf002e6u, 8u, {0xcd, 0x48, 0x13, 0x00, 0xfc, 0x60, 0x1f, 0xff}},
    {1974279u, 0x0cf004e6u, 8u, {0xf1, 0x89, 0x89, 0x58, 0x1f, 0xff, 0xff, 0xff}},
    {1980017u, 0x18f009e6u, 8u, {0xcf, 0x7b, 0x60, 0x9b, 0x7b, 0x7f, 0x7d, 0xff}},
    {1984346u, 0x0cf002e6u, 8u, {0xcd, 0x48, 0x13, 0x00, 0xfc, 0x46, 0x1f, 0xff}},
    {1984894u, 0x18f005e6u, 8u, {0x87, 0x5f, 0x06, 0x87, 0x20, 0x41, 0x31, 0x30}},
    {1989308u, 0x18f009e6u, 8u, {0xcf, 0x7b, 0x60, 0xa7, 0x7b, 0x47, 0x7d, 0xff}},
    {1993706u, 0x0cf002e6u, 8u, {0xcd, 0x48, 0x13, 0x00, 0xfc, 0x46, 0x1f, 0xff}},
    {1994264u, 0x0cf004e6u, 8u, {0xf1, 0x89, 0x89, 0x56, 0x1f, 0xff, 0xff, 0xff}},
    {1994804u, 0x0cfe6ce6u, 8u, {0x4b, 0x10, 0xc0, 0xc0, 0x48, 0x13, 0x66, 0x28}},
    {2000038u, 0x18f009e6u, 8u, {0xcf, 0x7b, 0x60, 0xb7, 0x7b, 0xb7, 0x7c, 0xff}},
    {2001168u, 0x18fef1e6u, 8u, {0xf3, 0x66, 0x28, 0xc0, 0x00, 0xff, 0xe0, 0xff}},
    {2004595u, 0x0cf002e6u, 8u, {0xcd, 0x48, 0x13, 0x00, 0xfc, 0x63, 0x1f, 0xff}},
    {2005730u, 0x18fef2e6u, 8u, {0x9a, 0x00, 0xff, 0xff, 0xff, 0xff, 0xff, 0xff}},
    {2009512u, 0x18f009e6u, 8u, {0xcf, 0x7b, 0x60, 0xb7, 0x7b, 0xff, 0x7c, 0xff}},
    {2013574u, 0x0cf002e6u, 8u, {0xcd, 0x48, 0x13, 0x00, 0xfc, 0x63, 0x1f, 0xff}},
    {2014122u, 0x0cf004e6u, 8u, {0xf1, 0x89, 0x89, 0x4a, 0x1f, 0xff, 0xff, 0xff}},
    {2018851u, 0x0cf003e6u, 8u, {0xf0, 0x2d, 0x0e, 0xff, 0xff, 0xff, 0xff, 0xff}},
    {2020569u, 0x18f001e6u, 8u, {0xcf, 0x00, 0xcf, 0xff, 0xff, 0xff, 0xff, 0xff}},
    {2021086u, 0x18f009e6u, 8u, {0xcf, 0x7b, 0x60, 0xaf, 0x7b, 0x5f, 0x7e, 0xff}},
    {2024343u, 0x0cf002e6u, 8u, {0xcd, 0x48, 0x13, 0x00, 0xfc, 0x58, 0x1f, 0xff}},
    {2029395u, 0x18f009e6u, 8u, {0xcf, 0x7b, 0x60, 0xa3, 0x7b, 0x27, 0x7f, 0xff}},
    {2033574u, 0x0cf002e6u, 8u, {0xcd, 0x48, 0x13, 0x00, 0xfc, 0x58, 0x1f, 0xff}},
    {2034078u, 0x0cf004e6u, 8u, {0xf1, 0x89, 0x89, 0x63, 0x1f, 0xff, 0xff, 0xff}},
    {2040168u, 0x18f009e6u, 8u, {0xcf, 0x7b, 0x60, 0x93, 0x7b, 0x1f, 0x7e, 0xff}},
    {2044438u, 0x0cf002e6u, 8u, {0xcd, 0x48, 0x13, 0x00, 0xfc, 0x5f, 0x1f, 0xff}},
    {2044980u, 0x0cfe6ce6u, 8u, {0x4b, 0x10, 0xc0, 0xc0, 0x38, 0x13, 0x66, 0x28}},
    {2050634u, 0x18f009e6u, 8u, {0xcf, 0x7b, 0x60, 0x8b, 0x7b, 0x27, 0x7d, 0xff}},
    {2053673u, 0x0cf002e6u, 8u, {0xcd, 0x48, 0x13, 0x00, 0xfc, 0x5f, 0x1f, 0xff}},
    {2054216u, 0x0cf004e6u, 8u, {0xf1, 0x89, 0x89, 0x5b, 0x1f, 0xff, 0xff, 0xff}},
    {2060034u, 0x18f009e6u, 8u, {0xcf, 0x7b, 0x60, 0x8b, 0x7b, 0xd7, 0x7c, 0xff}},
    {2064339u, 0x0cf002e6u, 8u, {0xcd, 0x48, 0x13, 0x00, 0xfc, 0x67, 0x1f, 0xff}},
    {2068818u, 0x0cf003e6u, 8u, {0xf0, 0x2d, 0x0e, 0xff, 0xff, 0xff, 0xff, 0xff}},
    {2071063u, 0x18f009e6u, 8u, {0xcf, 0x7b, 0x60, 0x93, 0x7b, 0x67, 0x7d, 0xff}},
    {2074084u, 0x0cf002e6u, 8u, {0xcd, 0x38, 0x13, 0x00, 0xfc, 0x67, 0x1f, 0xff}},
    {2074630u, 0x0cf004e6u, 8u, {0xf1, 0x89, 0x89, 0x61, 0x1f, 0xff, 0xff, 0xff}},
    {2080000u, 0x18f009e6u, 8u, {0xcf, 0x7b, 0x60, 0x97, 0x7b, 0xb7, 0x7d, 0xff}},
    {2084340u, 0x0cf002e6u, 8u, {0xcd, 0x38, 0x13, 0x00, 0xfc, 0x52, 0x1f, 0xff}},
    {2084845u, 0x18f005e6u, 8u, {0x87, 0x5f, 0x06, 0x87, 0x20, 0x41, 0x31, 0x30}},
    {2089360u, 0x18f009e6u, 8u, {0xcf, 0x7b, 0x60, 0x9b, 0x7b, 0x47, 0x7d, 0xff}},
    {2093707u, 0x0cf002e6u, 8u, {0xcd, 0x38, 0x13, 0x00, 0xfc, 0x52, 0x1f, 0xff}},
    {2094211u, 0x0cf004e6u, 8u, {0xf1, 0x89, 0x89, 0x62, 0x1f, 0xff, 0xff, 0xff}},
    {2094788u, 0x0cfe6ce6u, 8u, {0x4b, 0x10, 0xc0, 0xc0, 0x38, 0x13, 0x4c, 0x28}},
    {2100175u, 0x18f009e6u, 8u, {0xcf, 0x7b, 0x60, 0x9b, 0x7b, 0xdf, 0x7c, 0xff}},
    {2101265u, 0x18fef1e6u, 8u, {0xf3, 0x66, 0x28, 0xc0, 0x00, 0xff, 0xe0, 0xff}},
    {2104431u, 0x0cf002e6u, 8u, {0xcd, 0x38, 0x13, 0x00, 0xfc, 0x69, 0x1f, 0xff}},
    {2105594u, 0x18fef2e6u, 8u, {0x9a, 0x00, 0xff, 0xff, 0xff, 0xff, 0xff, 0xff}},
    {2109489u, 0x18f009e6u, 8u, {0xcf, 0x7b, 0x60, 0x9b, 0x7b, 0x7f, 0x7d, 0xff}},
    {2113770u, 0x0cf002e6u, 8u, {0xcd, 0x38, 0x13, 0x00, 0xfc, 0x69, 0x1f, 0xff}},
    {2114284u, 0x0cf004e6u, 8u, {0xf1, 0x89, 0x89, 0x5c, 0x1f, 0xff, 0xff, 0xff}},
    {2118873u, 0x0cf003e6u, 8u, {0xf0, 0x2d, 0x0e, 0xff, 0xff, 0xff, 0xff, 0xff}},
    {2120575u, 0x18f001e6u, 8u, {0xcf, 0x00, 0xcf, 0xff, 0xff, 0xff, 0xff, 0xff}},
    {2121114u, 0x18f009e6u, 8u, {0xcf, 0x7b, 0x60, 0x8f, 0x7b, 0x57, 0x7e, 0xff}},
    {2124369u, 0x0cf002e6u, 8u, {0xcd, 0x38, 0x13, 0x00, 0xfc, 0x5d, 0x1f, 0xff}},
    {2129970u, 0x18f009e6u, 8u, {0xcf, 0x7b, 0x60, 0x87, 0x7b, 0x57, 0x7e, 0xff}},
    {2133615u, 0x0cf002e6u, 8u, {0xcd, 0x38, 0x13, 0x00, 0xfc, 0x5d, 0x1f, 0xff}},
    {2134121u, 0x0cf004e6u, 8u, {0xf1, 0x89, 0x89, 0x5e, 0x1f, 0xff, 0xff, 0xff}},
    {2140001u, 0x18f009e6u, 8u, {0xcf, 0x7b, 0x60, 0x87, 0x7b, 0x57, 0x7e, 0xff}},
    {2144333u, 0x0cf002e6u, 8u, {0xcd, 0x38, 0x13, 0x00, 0xfc, 0x6a, 0x1f, 0xff}},
    {2144836u, 0x0cfe6ce6u, 8u, {0x4b, 0x10, 0xc0, 0xc0, 0x38, 0x13, 0x66, 0x28}},
    {2150726u, 0x18f009e6u, 8u, {0xcf, 0x7b, 0x60, 0x87, 0x7b, 0x27, 0x7e, 0xff}},
    {2153687u, 0x0cf002e6u, 8u, {0xcd, 0x38, 0x13, 0x00, 0xfc, 0x6a, 0x1f, 0xff}},
    {2154245u, 0x0cf004e6u, 8u, {0xf1, 0x89, 0x89, 0x73, 0x1f, 0xff, 0xff, 0xff}},
    {2160054u, 0x18f009e6u, 8u, {0xcf, 0x7b, 0x60, 0x8b, 0x7b, 0x37, 0x7e, 0xff}},
    {2164334u, 0x0cf002e6u, 8u, {0xcd, 0x38, 0x13, 0x00, 0xfc, 0x62, 0x1f, 0xff}},
    {2168846u, 0x0cf003e6u, 8u, {0xf0, 0x2e, 0x0e, 0xff, 0xff, 0xff, 0xff, 0xff}},
    {2171642u, 0x18f009e6u, 8u, {0xcf, 0x7b, 0x60, 0x97, 0x7b, 0x47, 0x7e, 0xff}},
    {2173771u, 0x0cf002e6u, 8u, {0xcd, 0x38, 0x13, 0x00, 0xfc, 0x62, 0x1f, 0xff}},
    {2174330u, 0x0cf004e6u, 8u, {0xf1, 0x89, 0x89, 0x63, 0x1f, 0xff, 0xff, 0xff}},
    {2179981u, 0x18f009e6u, 8u, {0xcf, 0x7b, 0x60, 0x9b, 0x7b, 0x87, 0x7d, 0xff}},
    {2184342u, 0x0cf002e6u, 8u, {0xcd, 0x38, 0x13, 0x00, 0xfc, 0x49, 0x1f, 0xff}},
    {2184879u, 0x18f005e6u, 8u, {0x87, 0x5f, 0x06, 0x87, 0x20, 0x41, 0x31, 0x30}},
    {2189500u, 0x18f009e6u, 8u, {0xcf, 0x7b, 0x60, 0x8f, 0x7b, 0x8f, 0x7d, 0xff}},
    {2193675u, 0x0cf002e6u, 8u, {0xcd, 0x38, 0x13, 0x00, 0xfc, 0x49, 0x1f, 0xff}},
    {2194213u, 0x0cf004e6u, 8u, {0xf1, 0x89, 0x89, 0x5c, 0x1f, 0xff, 0xff, 0xff}},
    {2194738u, 0x0cfe6ce6u, 8u, {0x4b, 0x10, 0xc0, 0xc0, 0x38, 0x13, 0x66, 0x28}},
    {2200047u, 0x18f009e6u, 8u, {0xcf, 0x7b, 0x60, 0x7b, 0x7b, 0x57, 0x7e, 0xff}},
    {2201135u, 0x18fef1e6u, 8u, {0xf3, 0x4c, 0x28, 0xc0, 0x00, 0xff, 0xe0, 0xff}},
    {2204600u, 0x0cf002e6u, 8u, {0xcd, 0x38, 0x13, 0x00, 0xfc, 0x55, 0x1f, 0xff}},
    {2205716u, 0x18fef2e6u, 8u, {0x99, 0x00, 0xff, 0xff, 0xff, 0xff, 0xff, 0xff}},
    {2209450u, 0x18f009e6u, 8u, {0xcf, 0x7b, 0x60, 0x6f, 0x7b, 0x17, 0x7e, 0xff}},
    {2213580u, 0x0cf002e6u, 8u, {0xcd, 0x38, 0x13, 0x00, 0xfc, 0x55, 0x1f, 0xff}},
    {2214137u, 0x0cf004e6u, 8u, {0xf1, 0x89, 0x89, 0x48, 0x1f, 0xff, 0xff, 0xff}},
    {2218970u, 0x0cf003e6u, 8u, {0xf0, 0x2f, 0x0e, 0xff, 0xff, 0xff, 0xff, 0xff}},
    {2220656u, 0x18f001e6u, 8u, {0xcf, 0x00, 0xcf, 0xff, 0xff, 0xff, 0xff, 0xff}},
    {2221202u, 0x18f009e6u, 8u, {0xcf, 0x7b, 0x60, 0x73, 0x7b, 0x87, 0x7d, 0xff}},
    {2224318u, 0x0cf002e6u, 8u, {0xcd, 0x38, 0x13, 0x00, 0xfc, 0x4a, 0x1f, 0xff}},
    {2229403u, 0x18f009e6u, 8u, {0xd1, 0x7b, 0x60, 0x83, 0x7b, 0x97, 0x7d, 0xff}},
    {2233700u, 0x0cf002e6u, 8u, {0xcd, 0x38, 0x13, 0x00, 0xfc, 0x4a, 0x1f, 0xff}},
    {2234240u, 0x0cf004e6u, 8u, {0xf1, 0x89, 0x89, 0x42, 0x1f, 0xff, 0xff, 0xff}},
    {2240020u, 0x18f009e6u, 8u, {0xd1, 0x7b, 0x60, 0x8b, 0x7b, 0xe7, 0x7d, 0xff}},
    {2244291u, 0x0cf002e6u, 8u, {0xcd, 0x38, 0x13, 0x00, 0xfc, 0x55, 0x1f, 0xff}},
    {2244818u, 0x0cfe6ce6u, 8u, {0x4b, 0x10, 0xc0, 0xc0, 0x38, 0x13, 0x4c, 0x28}},
    {2250594u, 0x18f009e6u, 8u, {0xd1, 0x7b, 0x60, 0x8f, 0x7b, 0xd7, 0x7c, 0xff}},
    {2253735u, 0x0cf002e6u, 8u, {0xcd, 0x38, 0x13, 0x00, 0xfc, 0x55, 0x1f, 0xff}},
    {2254287u, 0x0cf004e6u, 8u, {0xf1, 0x89, 0x89, 0x44, 0x1f, 0xff, 0xff, 0xff}},
    {2260102u, 0x18f009e6u, 8u, {0xd1, 0x7b, 0x60, 0x8f, 0x7b, 0x8f, 0x7a, 0xff}},
    {2264473u, 0x0cf002e6u, 8u, {0xcd, 0x38, 0x13, 0x00, 0xfc, 0x61, 0x1f, 0xff}},
    {2268836u, 0x0cf003e6u, 8u, {0xf0, 0x2f, 0x0e, 0xff, 0xff, 0xff, 0xff, 0xff}},
    {2271066u, 0x18f009e6u, 8u, {0xd3, 0x7b, 0x60, 0x8b, 0x7b, 0xd7, 0x78, 0xff}},
    {2273594u, 0x0cf002e6u, 8u, {0xcd, 0x30, 0x13, 0x00, 0xfc, 0x61, 0x1f, 0xff}},
    {2274153u, 0x0cf004e6u, 8u, {0xf1, 0x89, 0x89, 0x63, 0x1f, 0xff, 0xff, 0xff}},
    {2280095u, 0x18f009e6u, 8u, {0xd3, 0x7b, 0x60, 0x8b, 0x7b, 0x57, 0x79, 0xff}},
    {2284371u, 0x0cf002e6u, 8u, {0xcd, 0x30, 0x13, 0x00, 0xfc, 0x60, 0x1f, 0xff}},
    {2284823u, 0x18f005e6u, 8u, {0x87, 0x5f, 0x06, 0x87, 0x20, 0x41, 0x31, 0x30}},
    {2289489u, 0x18f009e6u, 8u, {0xd5, 0x7b, 0x60, 0x8b, 0x7b, 0xb7, 0x7b, 0xff}},
    {2293725u, 0x0cf002e6u, 8u, {0xcd, 0x30, 0x13, 0x00, 0xfc, 0x60, 0x1f, 0xff}},
    {2294320u, 0x0cf004e6u, 8u, {0xf1, 0x89, 0x89, 0x67, 0x1f, 0xff, 0xff, 0xff}},
    {2294855u, 0x0cfe6ce6u, 8u, {0x4b, 0x10, 0xc0, 0xc0, 0x30, 0x13, 0x33, 0x28}},
    {2300156u, 0x18f009e6u, 8u, {0xd5, 0x7b, 0x60, 0x8f, 0x7b, 0xf7, 0x7e, 0xff}},
    {2301249u, 0x18fef1e6u, 8u, {0xf3, 0x66, 0x28, 0xc0, 0x00, 0xff, 0xe0, 0xff}},
    {2304628u, 0x0cf002e6u, 8u, {0xcd, 0x30, 0x13, 0x00, 0xfc, 0x73, 0x1f, 0xff}},
    {2305563u, 0x18fef2e6u, 8u, {0x9a, 0x00, 0xff, 0xff, 0xff, 0xff, 0xff, 0xff}},
    {2309572u, 0x18f009e6u, 8u, {0xd5, 0x7b, 0x60, 0x87, 0x7b, 0xef, 0x80, 0xff}},
    {2313565u, 0x0cf002e6u, 8u, {0xcd, 0x30, 0x13, 0x00, 0xfc, 0x73, 0x1f, 0xff}},
    {2314164u, 0x0cf004e6u, 8u, {0xf1, 0x89, 0x89, 0x6c, 0x1f, 0xff, 0xff, 0xff}},
    {2318976u, 0x0cf003e6u, 8u, {0xf0, 0x32, 0x0e, 0xff, 0xff, 0xff, 0xff, 0xff}},
    {2320699u, 0x18f001e6u, 8u, {0xcf, 0x00, 0xcf, 0xff, 0xff, 0xff, 0xff, 0xff}},
    {2321269u, 0x18f009e6u, 8u, {0xd5, 0x7b, 0x60, 0x7b, 0x7b, 0x3f, 0x80, 0xff}},
    {2324392u, 0x0cf002e6u, 8u, {0xcd, 0x30, 0x13, 0x00, 0xfc, 0x4e, 0x1f, 0xff}},
    {2329999u, 0x18f009e6u, 8u, {0xd5, 0x7b, 0x60, 0x73, 0x7b, 0x87, 0x7e, 0xff}},
    {2333712u, 0x0cf002e6u, 8u, {0xcd, 0x30, 0x13, 0x00, 0xfc, 0x4e, 0x1f, 0xff}},
    {2334264u, 0x0cf004e6u, 8u, {0xf1, 0x8a, 0x8a, 0x68, 0x1f, 0xff, 0xff, 0xff}},
    {2340194u, 0x18f009e6u, 8u, {0xd5, 0x7b, 0x60, 0x7b, 0x7b, 0x1f, 0x7d, 0xff}},
    {2344406u, 0x0cf002e6u, 8u, {0xcd, 0x30, 0x13, 0x00, 0xfc, 0x6d, 0x1f, 0xff}},
    {2344909u, 0x0cfe6ce6u, 8u, {0x4b, 0x10, 0xc0, 0xc0, 0x40, 0x13, 0x66, 0x28}},
    {2350561u, 0x18f009e6u, 8u, {0xd5, 0x7b, 0x60, 0x87, 0x7b, 0xaf, 0x7c, 0xff}},
    {2353640u, 0x0cf002e6u, 8u, {0xcd, 0x30, 0x13, 0x00, 0xfc, 0x6d, 0x1f, 0xff}},
    {2354353u, 0x0cf004e6u, 8u, {0xf1, 0x8a, 0x8a, 0x5f, 0x1f, 0xff, 0xff, 0xff}},
    {2360206u, 0x18f009e6u, 8u, {0xd5, 0x7b, 0x60, 0x8b, 0x7b, 0xb7, 0x7c, 0xff}},
    {2364482u, 0x0cf002e6u, 8u, {0xcd, 0x30, 0x13, 0x00, 0xfc, 0x5d, 0x1f, 0xff}},
    {2368927u, 0x0cf003e6u, 8u, {0xf0, 0x33, 0x0f, 0xff, 0xff, 0xff, 0xff, 0xff}},
    {2371141u, 0x18f009e6u, 8u, {0xd5, 0x7b, 0x60, 0x8f, 0x7b, 0x5f, 0x7c, 0xff}},
    {2373633u, 0x0cf002e6u, 8u, {0xcd, 0x38, 0x13, 0x00, 0xfc, 0x5d, 0x1f, 0xff}},
    {2374233u, 0x0cf004e6u, 8u, {0xf1, 0x8a, 0x8a, 0x58, 0x1f, 0xff, 0xff, 0xff}},
    {2380009u, 0x18f009e6u, 8u, {0xd7, 0x7b, 0x60, 0x8f, 0x7b, 0xe7, 0x7c, 0xff}},
    {2384344u, 0x0cf002e6u, 8u, {0xcd, 0x38, 0x13, 0x00, 0xfc, 0x62, 0x1f, 0xff}},
    {2384923u, 0x18f005e6u, 8u, {0x87, 0x5f, 0x06, 0x87, 0x20, 0x41, 0x31, 0x30}},
    {2389503u, 0x18f009e6u, 8u, {0xd7, 0x7b, 0x60, 0x87, 0x7b, 0x0f, 0x7e, 0xff}},
    {2393823u, 0x0cf002e6u, 8u, {0xcd, 0x38, 0x13, 0x00, 0xfc, 0x62, 0x1f, 0xff}},
    {2394382u, 0x0cf004e6u, 8u, {0xf1, 0x8a, 0x8a, 0x69, 0x1f, 0xff, 0xff, 0xff}},
    {2394852u, 0x0cfe6ce6u, 8u, {0x4b, 0x10, 0xc0, 0xc0, 0x38, 0x13, 0x66, 0x28}},
    {2400226u, 0x18f009e6u, 8u, {0xd7, 0x7b, 0x60, 0x83, 0x7b, 0x17, 0x7f, 0xff}},
    {2401289u, 0x18fef1e6u, 8u, {0xf3, 0x33, 0x28, 0xc0, 0x00, 0xff, 0xe0, 0xff}},
    {2404538u, 0x0cf002e6u, 8u, {0xcd, 0x38, 0x13, 0x00, 0xfc, 0x6d, 0x1f, 0xff}},
    {2405736u, 0x18fef2e6u, 8u, {0x9d, 0x00, 0xff, 0xff, 0xff, 0xff, 0xff, 0xff}},
    {2409500u, 0x18f009e6u, 8u, {0xd9, 0x7b, 0x60, 0x8b, 0x7b, 0xd7, 0x7e, 0xff}},
    {2413880u, 0x0cf002e6u, 8u, {0xcd, 0x38, 0x13, 0x00, 0xfc, 0x6d, 0x1f, 0xff}},
    {2414372u, 0x0cf004e6u, 8u, {0xf1, 0x8a, 0x8a, 0x5e, 0x1f, 0xff, 0xff, 0xff}},
    {2418990u, 0x0cf003e6u, 8u, {0xf0, 0x35, 0x0f, 0xff, 0xff, 0xff, 0xff, 0xff}},
    {2420653u, 0x18f001e6u, 8u, {0xcf, 0x00, 0xcf, 0xff, 0xff, 0xff, 0xff, 0xff}},
    {2421222u, 0x18f009e6u, 8u, {0xd9, 0x7b, 0x60, 0x8f, 0x7b, 0x77, 0x7d, 0xff}},
    {2424384u, 0x0cf002e6u, 8u, {0xcd, 0x38, 0x13, 0x00, 0xfc, 0x4e, 0x1f, 0xff}},
    {2429560u, 0x18f009e6u, 8u, {0xdb, 0x7b, 0x60, 0x8b, 0x7b, 0xa7, 0x7b, 0xff}},
    {2433690u, 0x0cf002e6u, 8u, {0xcd, 0x38, 0x13, 0x00, 0xfc, 0x4e, 0x1f, 0xff}},
    {2434162u, 0x0cf004e6u, 8u, {0xf1, 0x8a, 0x8a, 0x66, 0x1f, 0xff, 0xff, 0xff}},
    {2440046u, 0x18f009e6u, 8u, {0xdb, 0x7b, 0x60, 0x83, 0x7b, 0xf7, 0x79, 0xff}},
    {2444389u, 0x0cf002e6u, 8u, {0xcd, 0x38, 0x13, 0x00, 0xfc, 0x72, 0x1f, 0xff}},
    {2444957u, 0x0cfe6ce6u, 8u, {0x4b, 0x10, 0xc0, 0xc0, 0x40, 0x13, 0x66, 0x28}},
    {2450667u, 0x18f009e6u, 8u, {0xdb, 0x7b, 0x60, 0x83, 0x7b, 0xaf, 0x79, 0xff}},
    {2453892u, 0x0cf002e6u, 8u, {0xcd, 0x38, 0x13, 0x00, 0xfc, 0x72, 0x1f, 0xff}},
    {2454382u, 0x0cf004e6u, 8u, {0xf1, 0x8a, 0x8a, 0x58, 0x1f, 0xff, 0xff, 0xff}},
    {2460161u, 0x18f009e6u, 8u, {0xdb, 0x7b, 0x60, 0x83, 0x7b, 0x27, 0x7b, 0xff}},
    {2464593u, 0x0cf002e6u, 8u, {0xcd, 0x38, 0x13, 0x00, 0xfc, 0x5a, 0x1f, 0xff}},
    {2468909u, 0x0cf003e6u, 8u, {0xf0, 0x34, 0x0f, 0xff, 0xff, 0xff, 0xff, 0xff}},
    {2471790u, 0x18f009e6u, 8u, {0xdb, 0x7b, 0x60, 0x83, 0x7b, 0x6f, 0x7d, 0xff}},
    {2474015u, 0x0cf002e6u, 8u, {0xcd, 0x38, 0x13, 0x00, 0xfc, 0x5a, 0x1f, 0xff}},
    {2475164u, 0x0cf004e6u, 8u, {0xf1, 0x8a, 0x8a, 0x62, 0x1f, 0xff, 0xff, 0xff}},
    {2480041u, 0x18f009e6u, 8u, {0xdb, 0x7b, 0x60, 0x8f, 0x7b, 0xbf, 0x7e, 0xff}},
    {2484479u, 0x0cf002e6u, 8u, {0xcd, 0x38, 0x13, 0x00, 0xfc, 0x6b, 0x1f, 0xff}},
    {2484957u, 0x18f005e6u, 8u, {0x87, 0x5f, 0x06, 0x87, 0x20, 0x41, 0x31, 0x30}},
    {2489525u, 0x18f009e6u, 8u, {0xdb, 0x7b, 0x60, 0x97, 0x7b, 0xd7, 0x7e, 0xff}},
    {2493738u, 0x0cf002e6u, 8u, {0xcd, 0x38, 0x13, 0x00, 0xfc, 0x6b, 0x1f, 0xff}},
    {2494210u, 0x0cf004e6u, 8u, {0xf1, 0x8a, 0x8a, 0x62, 0x1f, 0xff, 0xff, 0xff}},
    {2494864u, 0x0cfe6ce6u, 8u, {0x4b, 0x10, 0xc0, 0xc0, 0x38, 0x13, 0x66, 0x28}},
    {2500193u, 0x18f009e6u, 8u, {0xdb, 0x7b, 0x60, 0x9b, 0x7b, 0x97, 0x7e, 0xff}},
    {2501404u, 0x18fef1e6u, 8u, {0xf3, 0x66, 0x28, 0xc0, 0x00, 0xff, 0xe0, 0xff}},
    {2504570u, 0x0cf002e6u, 8u, {0xcd, 0x38, 0x13, 0x00, 0xfc, 0x75, 0x1f, 0xff}},
    {2505766u, 0x18fef2e6u, 8u, {0xa3, 0x00, 0xff, 0xff, 0xff, 0xff, 0xff, 0xff}},
    {2509522u, 0x18f009e6u, 8u, {0xdd, 0x7b, 0x60, 0xa3, 0x7b, 0x4f, 0x7e, 0xff}},
    {2513601u, 0x0cf002e6u, 8u, {0xcd, 0x38, 0x13, 0x00, 0xfc, 0x75, 0x1f, 0xff}},
    {2514164u, 0x0cf004e6u, 8u, {0xf1, 0x8a, 0x8a, 0x74, 0x1f, 0xff, 0xff, 0xff}},
    {2518863u, 0x0cf003e6u, 8u, {0xf0, 0x35, 0x0f, 0xff, 0xff, 0xff, 0xff, 0xff}},
    {2520614u, 0x18f001e6u, 8u, {0xcf, 0x00, 0xcf, 0xff, 0xff, 0xff, 0xff, 0xff}},
    {2521080u, 0x18f009e6u, 8u, {0xdd, 0x7b, 0x60, 0x9b, 0x7b, 0xff, 0x7d, 0xff}},
    {2524324u, 0x0cf002e6u, 8u, {0xcd, 0x38, 0x13, 0x00, 0xfc, 0x5b, 0x1f, 0xff}},
    {2529950u, 0x18f009e6u, 8u, {0xdd, 0x7b, 0x60, 0x8b, 0x7b, 0x0f, 0x7d, 0xff}},
    {2533752u, 0x0cf002e6u, 8u, {0xcd, 0x38, 0x13, 0x00, 0xfc, 0x5b, 0x1f, 0xff}},
    {2534289u, 0x0cf004e6u, 8u, {0xf1, 0x8b, 0x8b, 0x75, 0x1f, 0xff, 0xff, 0xff}},
    {2540044u, 0x18f009e6u, 8u, {0xdd, 0x7b, 0x60, 0x7b, 0x7b, 0x6f, 0x7c, 0xff}},
    {2544347u, 0x0cf002e6u, 8u, {0xcd, 0x38, 0x13, 0x00, 0xfc, 0x85, 0x1f, 0xff}},
    {2544872u, 0x0cfe6ce6u, 8u, {0x4b, 0x10, 0xc0, 0xc0, 0x40, 0x13, 0x66, 0x28}},
    {2550705u, 0x18f009e6u, 8u, {0xdf, 0x7b, 0x60, 0x73, 0x7b, 0x97, 0x7d, 0xff}},
    {2553698u, 0x0cf002e6u, 8u, {0xcd, 0x38, 0x13, 0x00, 0xfc, 0x85, 0x1f, 0xff}},
    {2554237u, 0x0cf004e6u, 8u, {0xf1, 0x8b, 0x8b, 0x73, 0x1f, 0xff, 0xff, 0xff}},
    {2560062u, 0x18f009e6u, 8u, {0xdf, 0x7b, 0x60, 0x6f, 0x7b, 0x77, 0x7f, 0xff}},
    {2564517u, 0x0cf002e6u, 8u, {0xcd, 0x38, 0x13, 0x00, 0xfc, 0x5e, 0x1f, 0xff}},
    {2568796u, 0x0cf003e6u, 8u, {0xf0, 0x35, 0x10, 0xff, 0xff, 0xff, 0xff, 0xff}},
    {2572298u, 0x18f009e6u, 8u, {0xe1, 0x7b, 0x60, 0x77, 0x7b, 0xf7, 0x7f, 0xff}},
    {2574019u, 0x0cf002e6u, 8u, {0xcd, 0x40, 0x13, 0x00, 0xfc, 0x5e, 0x1f, 0xff}},
    {2574562u, 0x0cf004e6u, 8u, {0xf1, 0x8b, 0x8b, 0x71, 0x1f, 0xff, 0xff, 0xff}},
    {2580023u, 0x18f009e6u, 8u, {0xe1, 0x7b, 0x60, 0x8b, 0x7b, 0xd7, 0x7f, 0xff}},
    {2584292u, 0x0cf002e6u, 8u, {0xcd, 0x40, 0x13, 0x00, 0xfc, 0x66, 0x1f, 0xff}},
    {2584798u, 0x18f005e6u, 8u, {0x87, 0x5f, 0x06, 0x87, 0x20, 0x41, 0x31, 0x30}},
    {2589496u, 0x18f009e6u, 8u, {0xe3, 0x7b, 0x60, 0x97, 0x7b, 0x37, 0x7f, 0xff}},
    {2593682u, 0x0cf002e6u, 8u, {0xcd, 0x40, 0x13, 0x00, 0xfc, 0x66, 0x1f, 0xff}},
    {2594268u, 0x0cf004e6u, 8u, {0xf1, 0x8b, 0x8b, 0x66, 0x1f, 0xff, 0xff, 0xff}},
    {2594815u, 0x0cfe6ce6u, 8u, {0x4b, 0x10, 0xc0, 0xc0, 0x40, 0x13, 0x66, 0x28}},
    {2600099u, 0x18f009e6u, 8u, {0xe5, 0x7b, 0x60, 0x9b, 0x7b, 0x6f, 0x7d, 0xff}},
    {2601235u, 0x18fef1e6u, 8u, {0xf3, 0x66, 0x28, 0xc0, 0x00, 0xff, 0xe0, 0xff}},
    {2604486u, 0x0cf002e6u, 8u, {0xcd, 0x40, 0x13, 0x00, 0xfc, 0x56, 0x1f, 0xff}},
    {2605693u, 0x18fef2e6u, 8u, {0xa8, 0x00, 0xff, 0xff, 0xff, 0xff, 0xff, 0xff}},
    {2609467u, 0x18f009e6u, 8u, {0xe7, 0x7b, 0x60, 0x9b, 0x7b, 0x17, 0x7c, 0xff}},
    {2613620u, 0x0cf002e6u, 8u, {0xcd, 0x40, 0x13, 0x00, 0xfc, 0x56, 0x1f, 0xff}},
    {2614125u, 0x0cf004e6u, 8u, {0xf1, 0x8b, 0x8b, 0x52, 0x1f, 0xff, 0xff, 0xff}},
    {2618927u, 0x0cf003e6u, 8u, {0xf0, 0x37, 0x10, 0xff, 0xff, 0xff, 0xff, 0xff}},
    {2620628u, 0x18f001e6u, 8u, {0xcf, 0x00, 0xcf, 0xff, 0xff, 0xff, 0xff, 0xff}},
    {2621156u, 0x18f009e6u, 8u, {0xe7, 0x7b, 0x60, 0x9b, 0x7b, 0xff, 0x7b, 0xff}},
    {2624409u, 0x0cf002e6u, 8u, {0xcd, 0x40, 0x13, 0x00, 0xfc, 0x59, 0x1f, 0xff}},
    {2629420u, 0x18f009e6u, 8u, {0xe7, 0x7b, 0x60, 0x9f, 0x7b, 0x4f, 0x7e, 0xff}},
    {2633630u, 0x0cf002e6u, 8u, {0xcd, 0x40, 0x13, 0x00, 0xfc, 0x59, 0x1f, 0xff}},
    {2634189u, 0x0cf004e6u, 8u, {0xf1, 0x8b, 0x8b, 0x5c, 0x1f, 0xff, 0xff, 0xff}},
    {2640255u, 0x18f009e6u, 8u, {0xeb, 0x7b, 0x60, 0x97, 0x7b, 0x07, 0x82, 0xff}},
    {2644344u, 0x0cf002e6u, 8u, {0xcd, 0x40, 0x13, 0x00, 0xfc, 0x6e, 0x1f, 0xff}},
    {2644862u, 0x0cfe6ce6u, 8u, {0x4b, 0x10, 0xc0, 0xc0, 0x40, 0x13, 0x66, 0x28}},
    {2650658u, 0x18f009e6u, 8u, {0xeb, 0x7b, 0x60, 0x87, 0x7b, 0x07, 0x84, 0xff}},
    {2653723u, 0x0cf002e6u, 8u, {0xcd, 0x40, 0x13, 0x00, 0xfc, 0x6e, 0x1f, 0xff}},
    {2654284u, 0x0cf004e6u, 8u, {0xf1, 0x8b, 0x8b, 0x50, 0x1f, 0xff, 0xff, 0xff}},
    {2660048u, 0x18f009e6u, 8u, {0xed, 0x7b, 0x60, 0x73, 0x7b, 0x87, 0x83, 0xff}},
    {2664389u, 0x0cf002e6u, 8u, {0xcd, 0x40, 0x13, 0x00, 0xfc, 0x5e, 0x1f, 0xff}},
    {2668919u, 0x0cf003e6u, 8u, {0xf0, 0x37, 0x10, 0xff, 0xff, 0xff, 0xff, 0xff}},
    {2671680u, 0x18f009e6u, 8u, {0xf1, 0x7b, 0x60, 0x63, 0x7b, 0xc7, 0x80, 0xff}},
    {2673721u, 0x0cf002e6u, 8u, {0xcd, 0x38, 0x13, 0x00, 0xfc, 0x5e, 0x1f, 0xff}},
    {2674229u, 0x0cf004e6u, 8u, {0xf1, 0x8b, 0x8b, 0x6a, 0x1f, 0xff, 0xff, 0xff}},
    {2680016u, 0x18f009e6u, 8u, {0xf3, 0x7b, 0x60, 0x67, 0x7b, 0xe7, 0x7d, 0xff}},
    {2684328u, 0x0cf002e6u, 8u, {0xcd, 0x38, 0x13, 0x00, 0xfc, 0x83, 0x1f, 0xff}},
    {2684846u, 0x18f005e6u, 8u, {0x87, 0x5f, 0x06, 0x87, 0x20, 0x41, 0x31, 0x30}},
    {2689368u, 0x18f009e6u, 8u, {0xf7, 0x7b, 0x60, 0x77, 0x7b, 0x17, 0x7d, 0xff}},
    {2693674u, 0x0cf002e6u, 8u, {0xcd, 0x38, 0x13, 0x00, 0xfc, 0x83, 0x1f, 0xff}},
    {2694218u, 0x0cf004e6u, 8u, {0xf1, 0x8c, 0x8c, 0x77, 0x1f, 0xff, 0xff, 0xff}},
    {2694762u, 0x0cfe6ce6u, 8u, {0x4b, 0x10, 0xc0, 0xc0, 0x38, 0x13, 0x4c, 0x28}},
    {2700152u, 0x18f009e6u, 8u, {0xf7, 0x7b, 0x60, 0x8f, 0x7b, 0x7f, 0x7d, 0xff}},
    {2701293u, 0x18fef1e6u, 8u, {0xf3, 0x66, 0x28, 0xc0, 0x00, 0xff, 0xe0, 0xff}},
    {2704618u, 0x0cf002e6u, 8u, {0xcd, 0x38, 0x13, 0x00, 0xfc, 0x74, 0x1f, 0xff}},
    {2705760u, 0x18fef2e6u, 8u, {0xae, 0x00, 0xff, 0xff, 0xff, 0xff, 0xff, 0xff}},
    {2709553u, 0x18f009e6u, 8u, {0xfd, 0x7b, 0x60, 0x9b, 0x7b, 0xd7, 0x7d, 0xff}},
    {2713729u, 0x0cf002e6u, 8u, {0xcd, 0x38, 0x13, 0x00, 0xfc, 0x74, 0x1f, 0xff}},
    {2714240u, 0x0cf004e6u, 8u, {0xf1, 0x8c, 0x8c, 0x80, 0x1f, 0xff, 0xff, 0xff}},
    {2718859u, 0x0cf003e6u, 8u, {0xf0, 0x37, 0x10, 0xff, 0xff, 0xff, 0xff, 0xff}},
    {2720607u, 0x18f001e6u, 8u, {0xcf, 0x00, 0xcf, 0xff, 0xff, 0xff, 0xff, 0xff}},
    {2721097u, 0x18f009e6u, 8u, {0x03, 0x7c, 0x60, 0x8f, 0x7b, 0xe7, 0x7d, 0xff}},
    {2724388u, 0x0cf002e6u, 8u, {0xcd, 0x38, 0x13, 0x00, 0xfc, 0x73, 0x1f, 0xff}},
    {2729991u, 0x18f009e6u, 8u, {0x09, 0x7c, 0x60, 0x73, 0x7b, 0x0f, 0x7e, 0xff}},
    {2733718u, 0x0cf002e6u, 8u, {0xcd, 0x38, 0x13, 0x00, 0xfc, 0x73, 0x1f, 0xff}},
    {2734265u, 0x0cf004e6u, 8u, {0xf1, 0x8c, 0x8c, 0x7a, 0x1f, 0xff, 0xff, 0xff}},
    {2740046u, 0x18f009e6u, 8u, {0x0d, 0x7c, 0x60, 0x67, 0x7b, 0x97, 0x7e, 0xff}},
    {2744406u, 0x0cf002e6u, 8u, {0xcd, 0x38, 0x13, 0x00, 0xfc, 0x87, 0x1f, 0xff}},
    {2744948u, 0x0cfe6ce6u, 8u, {0x4b, 0x10, 0xc0, 0xc0, 0x40, 0x13, 0x66, 0x28}},
    {2750655u, 0x18f009e6u, 8u, {0x15, 0x7c, 0x60, 0x6b, 0x7b, 0xff, 0x7f, 0xff}},
    {2753725u, 0x0cf002e6u, 8u, {0xcd, 0x38, 0x13, 0x00, 0xfc, 0x87, 0x1f, 0xff}},
    {2754263u, 0x0cf004e6u, 8u, {0xf1, 0x8c, 0x8c, 0x82, 0x1f, 0xff, 0xff, 0xff}},
    {2760343u, 0x18f009e6u, 8u, {0x19, 0x7c, 0x60, 0x77, 0x7b, 0x1f, 0x81, 0xff}},
    {2764407u, 0x0cf002e6u, 8u, {0xcd, 0x38, 0x13, 0x00, 0xfc, 0x6f, 0x1f, 0xff}},
    {2768830u, 0x0cf003e6u, 8u, {0xf0, 0x37, 0x11, 0xff, 0xff, 0xff, 0xff, 0xff}},
    {2771073u, 0x18f009e6u, 8u, {0x21, 0x7c, 0x60, 0x7b, 0x7b, 0x87, 0x81, 0xff}},
    {2773656u, 0x0cf002e6u, 8u, {0xcd, 0x50, 0x13, 0x00, 0xfc, 0x6f, 0x1f, 0xff}},
    {2774199u, 0x0cf004e6u, 8u, {0xf1, 0x8c, 0x8c, 0x7f, 0x1f, 0xff, 0xff, 0xff}},
    {2780055u, 0x18f009e6u, 8u, {0x29, 0x7c, 0x60, 0x73, 0x7b, 0x0f, 0x81, 0xff}},
    {2784333u, 0x0cf002e6u, 8u, {0xcd, 0x50, 0x13, 0x00, 0xfc, 0x7e, 0x1f, 0xff}},
    {2784856u, 0x18f005e6u, 8u, {0x87, 0x5f, 0x06, 0x87, 0x20, 0x41, 0x31, 0x30}},
    {2789534u, 0x18f009e6u, 8u, {0x2d, 0x7c, 0x60, 0x5b, 0x7b, 0x87, 0x7f, 0xff}},
    {2793708u, 0x0cf002e6u, 8u, {0xcd, 0x50, 0x13, 0x00, 0xfc, 0x7e, 0x1f, 0xff}},
    {2794259u, 0x0cf004e6u, 8u, {0xf1, 0x8c, 0x8c, 0x79, 0x1f, 0xff, 0xff, 0xff}},
    {2794797u, 0x0cfe6ce6u, 8u, {0x4b, 0x10, 0xc0, 0xc0, 0x50, 0x13, 0x80, 0x28}},
    {2800098u, 0x18f009e6u, 8u, {0x33, 0x7c, 0x60, 0x4b, 0x7b, 0x5f, 0x7d, 0xff}},
    {2801233u, 0x18fef1e6u, 8u, {0xf3, 0x4c, 0x28, 0xc0, 0x00, 0xff, 0xe0, 0xff}},
    {2804528u, 0x0cf002e6u, 8u, {0xcd, 0x50, 0x13, 0x00, 0xfc, 0x67, 0x1f, 0xff}},
    {2805681u, 0x18fef2e6u, 8u, {0xb4, 0x00, 0xff, 0xff, 0xff, 0xff, 0xff, 0xff}},
    {2809494u, 0x18f009e6u, 8u, {0x39, 0x7c, 0x60, 0x47, 0x7b, 0xbf, 0x7b, 0xff}},
    {2813715u, 0x0cf002e6u, 8u, {0xcd, 0x50, 0x13, 0x00, 0xfc, 0x67, 0x1f, 0xff}},
    {2814262u, 0x0cf004e6u, 8u, {0xf1, 0x8c, 0x8c, 0x75, 0x1f, 0xff, 0xff, 0xff}},
    {2818912u, 0x0cf003e6u, 8u, {0xf0, 0x37, 0x11, 0xff, 0xff, 0xff, 0xff, 0xff}},
    {2820635u, 0x18f001e6u, 8u, {0xcf, 0x00, 0xcf, 0xff, 0xff, 0xff, 0xff, 0xff}},
    {2821168u, 0x18f009e6u, 8u, {0x3f, 0x7c, 0x60, 0x53, 0x7b, 0x0f, 0x7c, 0xff}},
    {2824385u, 0x0cf002e6u, 8u, {0xcd, 0x50, 0x13, 0x00, 0xfc, 0x72, 0x1f, 0xff}},
    {2829398u, 0x18f009e6u, 8u, {0x45, 0x7c, 0x60, 0x63, 0x7b, 0x97, 0x7d, 0xff}},
    {2833591u, 0x0cf002e6u, 8u, {0xcd, 0x50, 0x13, 0x00, 0xfc, 0x72, 0x1f, 0xff}},
    {2834189u, 0x0cf004e6u, 8u, {0xf1, 0x8c, 0x8c, 0x6d, 0x1f, 0xff, 0xff, 0xff}},
    {2840085u, 0x18f009e6u, 8u, {0x4b, 0x7c, 0x60, 0x6b, 0x7b, 0xff, 0x7f, 0xff}},
    {2844308u, 0x0cf002e6u, 8u, {0xcd, 0x50, 0x13, 0x00, 0xfc, 0x5e, 0x1f, 0xff}},
    {2844916u, 0x0cfe6ce6u, 8u, {0x4b, 0x10, 0xc0, 0xc0, 0x48, 0x13, 0x80, 0x28}},
    {2850766u, 0x18f009e6u, 8u, {0x4f, 0x7c, 0x60, 0x6f, 0x7b, 0x6f, 0x82, 0xff}},
    {2853718u, 0x0cf002e6u, 8u, {0xcd, 0x50, 0x13, 0x00, 0xfc, 0x5e, 0x1f, 0xff}},
    {2854266u, 0x0cf004e6u, 8u, {0xf1, 0x8c, 0x8c, 0x57, 0x1f, 0xff, 0xff, 0xff}},
    {2860088u, 0x18f009e6u, 8u, {0x57, 0x7c, 0x60, 0x6f, 0x7b, 0x3f, 0x83, 0xff}},
    {2864648u, 0x0cf002e6u, 8u, {0xcd, 0x50, 0x13, 0x00, 0xfc, 0x5b, 0x1f, 0xff}},
    {2868839u, 0x0cf003e6u, 8u, {0xf0, 0x38, 0x11, 0xff, 0xff, 0xff, 0xff, 0xff}},
    {2871085u, 0x18f009e6u, 8u, {0x5d, 0x7c, 0x60, 0x6f, 0x7b, 0xd7, 0x81, 0xff}},
    {2873710u, 0x0cf002e6u, 8u, {0xcd, 0x48, 0x13, 0x00, 0xfc, 0x5b, 0x1f, 0xff}},
    {2874232u, 0x0cf004e6u, 8u, {0xf1, 0x8c, 0x8c, 0x64, 0x1f, 0xff, 0xff, 0xff}},
    {2880039u, 0x18f009e6u, 8u, {0x61, 0x7c, 0x60, 0x73, 0x7b, 0xa7, 0x7f, 0xff}},
    {2884373u, 0x0cf002e6u, 8u, {0xcd, 0x48, 0x13, 0x00, 0xfc, 0x78, 0x1f, 0xff}},
    {2884918u, 0x18f005e6u, 8u, {0x87, 0x5f, 0x06, 0x87, 0x20, 0x41, 0x31, 0x30}},
    {2889415u, 0x18f009e6u, 8u, {0x65, 0x7c, 0x60, 0x77, 0x7b, 0x9f, 0x7e, 0xff}},
    {2893718u, 0x0cf002e6u, 8u, {0xcd, 0x48, 0x13, 0x00, 0xfc, 0x78, 0x1f, 0xff}},
    {2894283u, 0x0cf004e6u, 8u, {0xf1, 0x8c, 0x8c, 0x5a, 0x1f, 0xff, 0xff, 0xff}},
    {2894817u, 0x0cfe6ce6u, 8u, {0x4b, 0x10, 0xc0, 0xc0, 0x48, 0x13, 0x66, 0x28}},
    {2900118u, 0x18f009e6u, 8u, {0x6b, 0x7c, 0x60, 0x7f, 0x7b, 0x27, 0x7e, 0xff}},
    {2901236u, 0x18fef1e6u, 8u, {0xf3, 0x80, 0x28, 0xc0, 0x00, 0xff, 0xe0, 0xff}},
    {2904528u, 0x0cf002e6u, 8u, {0xcd, 0x48, 0x13, 0x00, 0xfc, 0x6d, 0x1f, 0xff}},
    {2905646u, 0x18fef2e6u, 8u, {0xb9, 0x00, 0xff, 0xff, 0xff, 0xff, 0xff, 0xff}},
    {2909538u, 0x18f009e6u, 8u, {0x6f, 0x7c, 0x60, 0x87, 0x7b, 0x17, 0x7e, 0xff}},
    {2913639u, 0x0cf002e6u, 8u, {0xcd, 0x48, 0x13, 0x00, 0xfc, 0x6d, 0x1f, 0xff}},
    {2914178u, 0x0cf004e6u, 8u, {0xf1, 0x8c, 0x8c, 0x6f, 0x1f, 0xff, 0xff, 0xff}},
    {2918975u, 0x0cf003e6u, 8u, {0xf0, 0x37, 0x11, 0xff, 0xff, 0xff, 0xff, 0xff}},
    {2920623u, 0x18f001e6u, 8u, {0xcf, 0x00, 0xcf, 0xff, 0xff, 0xff, 0xff, 0xff}},
    {2921203u, 0x18f009e6u, 8u, {0x73, 0x7c, 0x60, 0x83, 0x7b, 0x77, 0x7e, 0xff}},
    {2924427u, 0x0cf002e6u, 8u, {0xcd, 0x48, 0x13, 0x00, 0xfc, 0x88, 0x1f, 0xff}},
    {2929913u, 0x18f009e6u, 8u, {0x77, 0x7c, 0x60, 0x7f, 0x7b, 0xe7, 0x7f, 0xff}},
    {2933685u, 0x0cf002e6u, 8u, {0xcd, 0x48, 0x13, 0x00, 0xfc, 0x88, 0x1f, 0xff}},
    {2934232u, 0x0cf004e6u, 8u, {0xf1, 0x8c, 0x8c, 0x80, 0x1f, 0xff, 0xff, 0xff}},
    {2940101u, 0x18f009e6u, 8u, {0x79, 0x7c, 0x60, 0x7f, 0x7b, 0x67, 0x81, 0xff}},
    {2944333u, 0x0cf002e6u, 8u, {0xcd, 0x48, 0x13, 0x00, 0xfc, 0x80, 0x1f, 0xff}},
    {2944857u, 0x0cfe6ce6u, 8u, {0x4b, 0x10, 0xc0, 0xc0, 0x40, 0x13, 0x66, 0x28}},
    {2950700u, 0x18f009e6u, 8u, {0x7b, 0x7c, 0x60, 0x87, 0x7b, 0x67, 0x81, 0xff}},
    {2953862u, 0x0cf002e6u, 8u, {0xcd, 0x48, 0x13, 0x00, 0xfc, 0x80, 0x1f, 0xff}},
    {2954364u, 0x0cf004e6u, 8u, {0xf1, 0x8c, 0x8c, 0x89, 0x1f, 0xff, 0xff, 0xff}},
    {2960076u, 0x18f009e6u, 8u, {0x7d, 0x7c, 0x60, 0x8f, 0x7b, 0x0f, 0x80, 0xff}},
    {2964381u, 0x0cf002e6u, 8u, {0xcd, 0x48, 0x13, 0x00, 0xfc, 0x7e, 0x1f, 0xff}},
    {2968840u, 0x0cf003e6u, 8u, {0xf0, 0x38, 0x11, 0xff, 0xff, 0xff, 0xff, 0xff}},
    {2971664u, 0x18f009e6u, 8u, {0x7d, 0x7c, 0x60, 0x8f, 0x7b, 0x47, 0x7e, 0xff}},
    {2973678u, 0x0cf002e6u, 8u, {0xcd, 0x48, 0x13, 0x00, 0xfc, 0x7e, 0x1f, 0xff}},
    {2974239u, 0x0cf004e6u, 8u, {0xf1, 0x8d, 0x8d, 0x87, 0x1f, 0xff, 0xff, 0xff}},
    {2979996u, 0x18f009e6u, 8u, {0x7f, 0x7c, 0x60, 0x8b, 0x7b, 0x97, 0x7d, 0xff}},
    {2984402u, 0x0cf002e6u, 8u, {0xcd, 0x48, 0x13, 0x00, 0xfc, 0x85, 0x1f, 0xff}},
    {2984969u, 0x18f005e6u, 8u, {0x87, 0x5f, 0x06, 0x87, 0x20, 0x41, 0x31, 0x30}},
    {2989466u, 0x18f009e6u, 8u, {0x7f, 0x7c, 0x60, 0x8f, 0x7b, 0xff, 0x7c, 0xff}},
    {2993682u, 0x0cf002e6u, 8u, {0xcd, 0x48, 0x13, 0x00, 0xfc, 0x85, 0x1f, 0xff}},
    {2994246u, 0x0cf004e6u, 8u, {0xf1, 0x8d, 0x8d, 0x8d, 0x1f, 0xff, 0xff, 0xff}},
    {2994749u, 0x0cfe6ce6u, 8u, {0x4b, 0x10, 0xc0, 0xc0, 0x48, 0x13, 0x80, 0x28}},
    {3000156u, 0x18f009e6u, 8u, {0x7f, 0x7c, 0x60, 0x8b, 0x7b, 0x77, 0x7c, 0xff}},
    {3001291u, 0x18fef1e6u, 8u, {0xf3, 0x66, 0x28, 0xc0, 0x00, 0xff, 0xe0, 0xff}},
    {3004560u, 0x0cf002e6u, 8u, {0xcd, 0x48, 0x13, 0x00, 0xfc, 0x76, 0x1f, 0xff}},
    {3005654u, 0x18fef2e6u, 8u, {0xbd, 0x00, 0xff, 0xff, 0xff, 0xff, 0xff, 0xff}},
    {3009496u, 0x18f009e6u, 8u, {0x81, 0x7c, 0x60, 0x8b, 0x7b, 0xff, 0x7c, 0xff}},
    {3013765u, 0x0cf002e6u, 8u, {0xcd, 0x48, 0x13, 0x00, 0xfc, 0x76, 0x1f, 0xff}},
    {3014314u, 0x0cf004e6u, 8u, {0xf1, 0x8d, 0x8d, 0x80, 0x1f, 0xff, 0xff, 0xff}},
    {3018965u, 0x0cf003e6u, 8u, {0xf0, 0x38, 0x12, 0xff, 0xff, 0xff, 0xff, 0xff}},
    {3020641u, 0x18f001e6u, 8u, {0xcf, 0x00, 0xcf, 0xff, 0xff, 0xff, 0xff, 0xff}},
    {3021210u, 0x18f009e6u, 8u, {0x81, 0x7c, 0x60, 0x9f, 0x7b, 0xff, 0x7d, 0xff}},
    {3024403u, 0x0cf002e6u, 8u, {0xcd, 0x48, 0x13, 0x00, 0xfc, 0x87, 0x1f, 0xff}},
    {3029517u, 0x18f009e6u, 8u, {0x81, 0x7c, 0x60, 0xb3, 0x7b, 0x77, 0x7f, 0xff}},
    {3033673u, 0x0cf002e6u, 8u, {0xcd, 0x48, 0x13, 0x00, 0xfc, 0x87, 0x1f, 0xff}},
    {3034218u, 0x0cf004e6u, 8u, {0xf1, 0x8d, 0x8d, 0x78, 0x1f, 0xff, 0xff, 0xff}},
    {3040067u, 0x18f009e6u, 8u, {0x81, 0x7c, 0x60, 0xb7, 0x7b, 0xe7, 0x80, 0xff}},
    {3044425u, 0x0cf002e6u, 8u, {0xcd, 0x48, 0x13, 0x00, 0xfc, 0x70, 0x1f, 0xff}},
    {3045023u, 0x0cfe6ce6u, 8u, {0x4b, 0x10, 0xc0, 0xc0, 0x58, 0x13, 0x99, 0x28}},
    {3050638u, 0x18f009e6u, 8u, {0x81, 0x7c, 0x60, 0xbb, 0x7b, 0x8f, 0x81, 0xff}},
    {3053743u, 0x0cf002e6u, 8u, {0xcd, 0x48, 0x13, 0x00, 0xfc, 0x70, 0x1f, 0xff}},
    {3054305u, 0x0cf004e6u, 8u, {0xf1, 0x8d, 0x8d, 0x77, 0x1f, 0xff, 0xff, 0xff}},
    {3060152u, 0x18f009e6u, 8u, {0x81, 0x7c, 0x60, 0xb7, 0x7b, 0x5f, 0x81, 0xff}},
    {3064378u, 0x0cf002e6u, 8u, {0xcd, 0x48, 0x13, 0x00, 0xfc, 0x71, 0x1f, 0xff}},
    {3068844u, 0x0cf003e6u, 8u, {0xf0, 0x39, 0x12, 0xff, 0xff, 0xff, 0xff, 0xff}},
    {3071121u, 0x18f009e6u, 8u, {0x81, 0x7c, 0x60, 0xb3, 0x7b, 0x0f, 0x81, 0xff}},
    {3073706u, 0x0cf002e6u, 8u, {0xcd, 0x48, 0x13, 0x00, 0xfc, 0x71, 0x1f, 0xff}},
    {3074217u, 0x0cf004e6u, 8u, {0xf1, 0x8d, 0x8d, 0x7a, 0x1f, 0xff, 0xff, 0xff}},
    {3080044u, 0x18f009e6u, 8u, {0x81, 0x7c, 0x60, 0xb3, 0x7b, 0x67, 0x81, 0xff}},
    {3084344u, 0x0cf002e6u, 8u, {0xcd, 0x48, 0x13, 0x00, 0xfc, 0x85, 0x1f, 0xff}},
    {3084858u, 0x18f005e6u, 8u, {0x87, 0x5f, 0x06, 0x87, 0x20, 0x41, 0x31, 0x30}},
    {3089526u, 0x18f009e6u, 8u, {0x81, 0x7c, 0x60, 0xbb, 0x7b, 0x1f, 0x82, 0xff}},
    {3093880u, 0x0cf002e6u, 8u, {0xcd, 0x48, 0x13, 0x00, 0xfc, 0x85, 0x1f, 0xff}},
    {3094413u, 0x0cf004e6u, 8u, {0xf1, 0x8d, 0x8d, 0x6a, 0x1f, 0xff, 0xff, 0xff}},
    {3094954u, 0x0cfe6ce6u, 8u, {0x4b, 0x10, 0xc0, 0xc0, 0x48, 0x13, 0x80, 0x28}},
    {3100159u, 0x18f009e6u, 8u, {0x81, 0x7c, 0x60, 0xc3, 0x7b, 0x5f, 0x82, 0xff}},
    {3101301u, 0x18fef1e6u, 8u, {0xf3, 0x80, 0x28, 0xc0, 0x00, 0xff, 0xe0, 0xff}},
    {3104536u, 0x0cf002e6u, 8u, {0xcd, 0x48, 0x13, 0x00, 0xfc, 0x6e, 0x1f, 0xff}},
    {3105673u, 0x18fef2e6u, 8u, {0xbf, 0x00, 0xff, 0xff, 0xff, 0xff, 0xff, 0xff}},
    {3109508u, 0x18f009e6u, 8u, {0x81, 0x7c, 0x60, 0xc3, 0x7b, 0x87, 0x81, 0xff}},
    {3113537u, 0x0cf002e6u, 8u, {0xcd, 0x48, 0x13, 0x00, 0xfc, 0x6e, 0x1f, 0xff}},
    {3114099u, 0x0cf004e6u, 8u, {0xf1, 0x8d, 0x8d, 0x82, 0x1f, 0xff, 0xff, 0xff}},
    {3118837u, 0x0cf003e6u, 8u, {0xf0, 0x39, 0x12, 0xff, 0xff, 0xff, 0xff, 0xff}},
    {3120530u, 0x18f001e6u, 8u, {0xcf, 0x00, 0xcf, 0xff, 0xff, 0xff, 0xff, 0xff}},
    {3121065u, 0x18f009e6u, 8u, {0x81, 0x7c, 0x60, 0xc7, 0x7b, 0x1f, 0x80, 0xff}},
    {3124314u, 0x0cf002e6u, 8u, {0xcd, 0x48, 0x13, 0x00, 0xfc, 0x94, 0x1f, 0xff}},
    {3129941u, 0x18f009e6u, 8u, {0x81, 0x7c, 0x60, 0xcb, 0x7b, 0xbf, 0x7e, 0xff}},
    {3133544u, 0x0cf002e6u, 8u, {0xcd, 0x48, 0x13, 0x00, 0xfc, 0x94, 0x1f, 0xff}},
    {3134097u, 0x0cf004e6u, 8u, {0xf1, 0x8d, 0x8d, 0x7d, 0x1f, 0xff, 0xff, 0xff}},
    {3139962u, 0x18f009e6u, 8u, {0x81, 0x7c, 0x60, 0xd3, 0x7b, 0x8f, 0x7d, 0xff}},
    {3144257u, 0x0cf002e6u, 8u, {0xcd, 0x48, 0x13, 0x00, 0xfc, 0x84, 0x1f, 0xff}},
    {3144810u, 0x0cfe6ce6u, 8u, {0x4b, 0x10, 0xc0, 0xc0, 0x50, 0x13, 0x80, 0x28}},
    {3150695u, 0x18f009e6u, 8u, {0x81, 0x7c, 0x60, 0xdf, 0x7b, 0x2f, 0x7e, 0xff}},
    {3153686u, 0x0cf002e6u, 8u, {0xcd, 0x48, 0x13, 0x00, 0xfc, 0x84, 0x1f, 0xff}},
    {3154232u, 0x0cf004e6u, 8u, {0xf1, 0x8d, 0x8d, 0x89, 0x1f, 0xff, 0xff, 0xff}},
    {3160069u, 0x18f009e6u, 8u, {0x81, 0x7c, 0x60, 0xdf, 0x7b, 0xc7, 0x80, 0xff}},
    {3164636u, 0x0cf002e6u, 8u, {0xcd, 0x48, 0x13, 0x00, 0xfc, 0x91, 0x1f, 0xff}},
    {3168794u, 0x0cf003e6u, 8u, {0xf0, 0x39, 0x12, 0xff, 0xff, 0xff, 0xff, 0xff}},
    {3171664u, 0x18f009e6u, 8u, {0x81, 0x7c, 0x60, 0xdb, 0x7b, 0x67, 0x83, 0xff}},
    {3173656u, 0x0cf002e6u, 8u, {0xcd, 0x50, 0x13, 0x00, 0xfc, 0x91, 0x1f, 0xff}},
    {3174194u, 0x0cf004e6u, 8u, {0xf1, 0x8d, 0x8d, 0x97, 0x1f, 0xff, 0xff, 0xff}},
    {3180053u, 0x18f009e6u, 8u, {0x81, 0x7c, 0x60, 0xdb, 0x7b, 0xef, 0x83, 0xff}},
    {3184315u, 0x0cf002e6u, 8u, {0xcd, 0x50, 0x13, 0x00, 0xfc, 0x86, 0x1f, 0xff}},
    {3184865u, 0x18f005e6u, 8u, {0x87, 0x5f, 0x06, 0x87, 0x20, 0x41, 0x31, 0x30}},
    {3189432u, 0x18f009e6u, 8u, {0x81, 0x7c, 0x60, 0xd7, 0x7b, 0x7f, 0x82, 0xff}},
    {3193771u, 0x0cf002e6u, 8u, {0xcd, 0x50, 0x13, 0x00, 0xfc, 0x86, 0x1f, 0xff}},
    {3194280u, 0x0cf004e6u, 8u, {0xf1, 0x8d, 0x8d, 0x94, 0x1f, 0xff, 0xff, 0xff}},
    {3194872u, 0x0cfe6ce6u, 8u, {0x4b, 0x10, 0xc0, 0xc0, 0x50, 0x13, 0x80, 0x28}},
    {3200208u, 0x18f009e6u, 8u, {0x7f, 0x7c, 0x60, 0xd7, 0x7b, 0xaf, 0x80, 0xff}},
    {3201315u, 0x18fef1e6u, 8u, {0xf3, 0x80, 0x28, 0xc0, 0x00, 0xff, 0xe0, 0xff}},
    {3204614u, 0x0cf002e6u, 8u, {0xcd, 0x50, 0x13, 0x00, 0xfc, 0x84, 0x1f, 0xff}},
    {3205743u, 0x18fef2e6u, 8u, {0xc3, 0x00, 0xff, 0xff, 0xff, 0xff, 0xff, 0xff}},
    {3210621u, 0x18f009e6u, 8u, {0x7f, 0x7c, 0x60, 0xdf, 0x7b, 0x97, 0x7e, 0xff}},
    {3213622u, 0x0cf002e6u, 8u, {0xcd, 0x50, 0x13, 0x00, 0xfc, 0x84, 0x1f, 0xff}},
    {3214163u, 0x0cf004e6u, 8u, {0xf1, 0x8d, 0x8d, 0x86, 0x1f, 0xff, 0xff, 0xff}},
    {3218972u, 0x0cf003e6u, 8u, {0xf0, 0x38, 0x12, 0xff, 0xff, 0xff, 0xff, 0xff}},
    {3220657u, 0x18f001e6u, 8u, {0xcf, 0x00, 0xcf, 0xff, 0xff, 0xff, 0xff, 0xff}},
    {3221158u, 0x18f009e6u, 8u, {0x7d, 0x7c, 0x60, 0xf3, 0x7b, 0xcf, 0x7d, 0xff}},
    {3224422u, 0x0cf002e6u, 8u, {0xcd, 0x50, 0x13, 0x00, 0xfc, 0x8d, 0x1f, 0xff}},
    {3229438u, 0x18f009e6u, 8u, {0x7d, 0x7c, 0x60, 0xfb, 0x7b, 0x0f, 0x7f, 0xff}},
    {3233750u, 0x0cf002e6u, 8u, {0xcd, 0x50, 0x13, 0x00, 0xfc, 0x8d, 0x1f, 0xff}},
    {3234347u, 0x0cf004e6u, 8u, {0xf1, 0x8d, 0x8d, 0x88, 0x1f, 0xff, 0xff, 0xff}},
    {3240174u, 0x18f009e6u, 8u, {0x7d, 0x7c, 0x60, 0xef, 0x7b, 0x87, 0x80, 0xff}},
    {3244360u, 0x0cf002e6u, 8u, {0xcd, 0x50, 0x13, 0x00, 0xfc, 0x74, 0x1f, 0xff}},
    {3244904u, 0x0cfe6ce6u, 8u, {0x4b, 0x10, 0xc0, 0xc0, 0x58, 0x13, 0x99, 0x28}},
    {3250671u, 0x18f009e6u, 8u, {0x7d, 0x7c, 0x60, 0xe7, 0x7b, 0x47, 0x81, 0xff}},
    {3253740u, 0x0cf002e6u, 8u, {0xcd, 0x50, 0x13, 0x00, 0xfc, 0x74, 0x1f, 0xff}},
    {3254242u, 0x0cf004e6u, 8u, {0xf1, 0x8d, 0x8d, 0x77, 0x1f, 0xff, 0xff, 0xff}},
    {3260036u, 0x18f009e6u, 8u, {0x7d, 0x7c, 0x60, 0xe3, 0x7b, 0xaf, 0x81, 0xff}},
    {3264401u, 0x0cf002e6u, 8u, {0xcd, 0x50, 0x13, 0x00, 0xfc, 0x8e, 0x1f, 0xff}},
    {3268904u, 0x0cf003e6u, 8u, {0xf0, 0x39, 0x12, 0xff, 0xff, 0xff, 0xff, 0xff}},
    {3271190u, 0x18f009e6u, 8u, {0x7d, 0x7c, 0x60, 0xe3, 0x7b, 0x97, 0x82, 0xff}},
    {3273654u, 0x0cf002e6u, 8u, {0xcd, 0x50, 0x13, 0x00, 0xfc, 0x8e, 0x1f, 0xff}},
    {3274160u, 0x0cf004e6u, 8u, {0xf1, 0x8d, 0x8d, 0x7c, 0x1f, 0xff, 0xff, 0xff}},
    {3279997u, 0x18f009e6u, 8u, {0x7b, 0x7c, 0x60, 0xe7, 0x7b, 0xa7, 0x83, 0xff}},
    {3284382u, 0x0cf002e6u, 8u, {0xcd, 0x50, 0x13, 0x00, 0xfc, 0x8c, 0x1f, 0xff}},
    {3284888u, 0x18f005e6u, 8u, {0x87, 0x5f, 0x06, 0x87, 0x20, 0x41, 0x31, 0x30}},
    {3289370u, 0x18f009e6u, 8u, {0x7b, 0x7c, 0x60, 0xf3, 0x7b, 0x7f, 0x83, 0xff}},
    {3293687u, 0x0cf002e6u, 8u, {0xcd, 0x50, 0x13, 0x00, 0xfc, 0x8c, 0x1f, 0xff}},
    {3294252u, 0x0cf004e6u, 8u, {0xf1, 0x8d, 0x8d, 0x82, 0x1f, 0xff, 0xff, 0xff}},
    {3294792u, 0x0cfe6ce6u, 8u, {0x4b, 0x10, 0xc0, 0xc0, 0x50, 0x13, 0x80, 0x28}},
    {3300164u, 0x18f009e6u, 8u, {0x7b, 0x7c, 0x60, 0xff, 0x7b, 0x17, 0x82, 0xff}},
    {3303022u, 0x18fef1e6u, 8u, {0xf3, 0x80, 0x28, 0xc0, 0x00, 0xff, 0xe0, 0xff}},
    {3304664u, 0x0cf002e6u, 8u, {0xcd, 0x50, 0x13, 0x00, 0xfc, 0x87, 0x1f, 0xff}},
    {3305800u, 0x18fef2e6u, 8u, {0xc3, 0x00, 0xff, 0xff, 0xff, 0xff, 0xff, 0xff}},
    {3309568u, 0x18f009e6u, 8u, {0x79, 0x7c, 0x60, 0x07, 0x7c, 0xdf, 0x80, 0xff}},
    {3313755u, 0x0cf002e6u, 8u, {0xcd, 0x50, 0x13, 0x00, 0xfc, 0x87, 0x1f, 0xff}},
    {3314269u, 0x0cf004e6u, 8u, {0xf1, 0x8d, 0x8d, 0x88, 0x1f, 0xff, 0xff, 0xff}},
    {3318930u, 0x0cf003e6u, 8u, {0xf0, 0x39, 0x12, 0xff, 0xff, 0xff, 0xff, 0xff}},
    {3320632u, 0x18f001e6u, 8u, {0xcf, 0x00, 0xcf, 0xff, 0xff, 0xff, 0xff, 0xff}},
    {3321129u, 0x18f009e6u, 8u, {0x79, 0x7c, 0x60, 0xfb, 0x7b, 0x7f, 0x80, 0xff}},
    {3324368u, 0x0cf002e6u, 8u, {0xcd, 0x50, 0x13, 0x00, 0xfc, 0xa7, 0x1f, 0xff}},
    {3329967u, 0x18f009e6u, 8u, {0x77, 0x7c, 0x60, 0xeb, 0x7b, 0x7f, 0x81, 0xff}},
    {3333633u, 0x0cf002e6u, 8u, {0xcd, 0x50, 0x13, 0x00, 0xfc, 0xa7, 0x1f, 0xff}},
    {3334227u, 0x0cf004e6u, 8u, {0xf1, 0x8d, 0x8d, 0xa4, 0x1f, 0xff, 0xff, 0xff}},
    {3340098u, 0x18f009e6u, 8u, {0x71, 0x7c, 0x60, 0xe7, 0x7b, 0xef, 0x82, 0xff}},
    {3344357u, 0x0cf002e6u, 8u, {0xcd, 0x50, 0x13, 0x00, 0xfc, 0x91, 0x1f, 0xff}},
    {3344954u, 0x0cfe6ce6u, 8u, {0x4b, 0x10, 0xc0, 0xc0, 0x50, 0x13, 0x80, 0x28}},
    {3350918u, 0x18f009e6u, 8u, {0x6d, 0x7c, 0x60, 0xeb, 0x7b, 0x47, 0x82, 0xff}},
    {3353854u, 0x0cf002e6u, 8u, {0xcd, 0x50, 0x13, 0x00, 0xfc, 0x91, 0x1f, 0xff}},
    {3354405u, 0x0cf004e6u, 8u, {0xf1, 0x8d, 0x8d, 0x9f, 0x1f, 0xff, 0xff, 0xff}},
    {3360282u, 0x18f009e6u, 8u, {0x65, 0x7c, 0x60, 0xef, 0x7b, 0x1f, 0x80, 0xff}},
    {3364528u, 0x0cf002e6u, 8u, {0xcd, 0x50, 0x13, 0x00, 0xfc, 0xa4, 0x1f, 0xff}},
    {3368877u, 0x0cf003e6u, 8u, {0xf0, 0x39, 0x12, 0xff, 0xff, 0xff, 0xff, 0xff}},
    {3371183u, 0x18f009e6u, 8u, {0x5f, 0x7c, 0x60, 0xfb, 0x7b, 0xff, 0x7f, 0xff}},
    {3373857u, 0x0cf002e6u, 8u, {0xcd, 0x58, 0x13, 0x00, 0xfc, 0xa4, 0x1f, 0xff}},
    {3374408u, 0x0cf004e6u, 8u, {0xf1, 0x8d, 0x8d, 0xa0, 0x1f, 0xff, 0xff, 0xff}},
    {3380096u, 0x18f009e6u, 8u, {0x59, 0x7c, 0x60, 0x13, 0x7c, 0x07, 0x81, 0xff}},
    {3384401u, 0x0cf002e6u, 8u, {0xcd, 0x58, 0x13, 0x00, 0xfc, 0x92, 0x1f, 0xff}},
    {3384877u, 0x18f005e6u, 8u, {0x87, 0x5f, 0x06, 0x87, 0x20, 0x41, 0x31, 0x30}},
    {3389637u, 0x18f009e6u, 8u, {0x55, 0x7c, 0x60, 0x1b, 0x7c, 0x8f, 0x81, 0xff}},
    {3393940u, 0x0cf002e6u, 8u, {0xcd, 0x58, 0x13, 0x00, 0xfc, 0x92, 0x1f, 0xff}},
    {3394482u, 0x0cf004e6u, 8u, {0xf1, 0x8d, 0x8d, 0x9f, 0x1f, 0xff, 0xff, 0xff}},
    {3394918u, 0x0cfe6ce6u, 8u, {0x4b, 0x10, 0xc0, 0xc0, 0x58, 0x13, 0x99, 0x28}},
    {3400216u, 0x18f009e6u, 8u, {0x4d, 0x7c, 0x60, 0x13, 0x7c, 0xf7, 0x81, 0xff}},
    {3401371u, 0x18fef1e6u, 8u, {0xf3, 0x80, 0x28, 0xc0, 0x00, 0xff, 0xe0, 0xff}},
    {3404683u, 0x0cf002e6u, 8u, {0xcd, 0x58, 0x13, 0x00, 0xfc, 0x96, 0x1f, 0xff}},
    {3405794u, 0x18fef2e6u, 8u, {0xc3, 0x00, 0xff, 0xff, 0xff, 0xff, 0xff, 0xff}},
    {3409626u, 0x18f009e6u, 8u, {0x49, 0x7c, 0x60, 0x03, 0x7c, 0x4f, 0x82, 0xff}},
    {3413627u, 0x0cf002e6u, 8u, {0xcd, 0x58, 0x13, 0x00, 0xfc, 0x96, 0x1f, 0xff}},
    {3414294u, 0x0cf004e6u, 8u, {0xf1, 0x8d, 0x8d, 0x92, 0x1f, 0xff, 0xff, 0xff}},
    {3419020u, 0x0cf003e6u, 8u, {0xf0, 0x3c, 0x13, 0xff, 0xff, 0xff, 0xff, 0xff}},
    {3420704u, 0x18f001e6u, 8u, {0xcf, 0x00, 0xcf, 0xff, 0xff, 0xff, 0xff, 0xff}},
    {3421259u, 0x18f009e6u, 8u, {0x43, 0x7c, 0x60, 0xeb, 0x7b, 0x77, 0x83, 0xff}},
    {3424303u, 0x0cf002e6u, 8u, {0xcd, 0x58, 0x13, 0x00, 0xfc, 0x8f, 0x1f, 0xff}},
    {3429502u, 0x18f009e6u, 8u, {0x3b, 0x7c, 0x60, 0xd3, 0x7b, 0x37, 0x85, 0xff}},
    {3433711u, 0x0cf002e6u, 8u, {0xcd, 0x58, 0x13, 0x00, 0xfc, 0x8f, 0x1f, 0xff}},
    {3434302u, 0x0cf004e6u, 8u, {0xf1, 0x8d, 0x8d, 0x7e, 0x1f, 0xff, 0xff, 0xff}},
    {3440219u, 0x18f009e6u, 8u, {0x35, 0x7c, 0x60, 0xd7, 0x7b, 0x37, 0x85, 0xff}},
    {3444448u, 0x0cf002e6u, 8u, {0xcd, 0x58, 0x13, 0x00, 0xfc, 0x81, 0x1f, 0xff}},
    {3445031u, 0x0cfe6ce6u, 8u, {0x4b, 0x10, 0xc0, 0xc0, 0x58, 0x13, 0x99, 0x28}},
    {3450794u, 0x18f009e6u, 8u, {0x2d, 0x7c, 0x60, 0xf3, 0x7b, 0xaf, 0x82, 0xff}},
    {3453863u, 0x0cf002e6u, 8u, {0xcd, 0x58, 0x13, 0x00, 0xfc, 0x81, 0x1f, 0xff}},
    {3454381u, 0x0cf004e6u, 8u, {0xf1, 0x8e, 0x8e, 0x88, 0x1f, 0xff, 0xff, 0xff}},
    {3460205u, 0x18f009e6u, 8u, {0x25, 0x7c, 0x60, 0x0f, 0x7c, 0x67, 0x80, 0xff}},
    {3464657u, 0x0cf002e6u, 8u, {0xcd, 0x58, 0x13, 0x00, 0xfc, 0xa2, 0x1f, 0xff}},
    {3468906u, 0x0cf003e6u, 8u, {0xf0, 0x3d, 0x13, 0xff, 0xff, 0xff, 0xff, 0xff}},
    {3471801u, 0x18f009e6u, 8u, {0x1d, 0x7c, 0x60, 0x13, 0x7c, 0xb7, 0x7f, 0xff}},
    {3473830u, 0x0cf002e6u, 8u, {0xcd, 0x60, 0x13, 0x00, 0xfc, 0xa2, 0x1f, 0xff}},
    {3474384u, 0x0cf004e6u, 8u, {0xf1, 0x8e, 0x8e, 0x86, 0x1f, 0xff, 0xff, 0xff}},
    {3480228u, 0x18f009e6u, 8u, {0x17, 0x7c, 0x60, 0x03, 0x7c, 0xb7, 0x7f, 0xff}},
    {3484474u, 0x0cf002e6u, 8u, {0xcd, 0x60, 0x13, 0x00, 0xfc, 0x8c, 0x1f, 0xff}},
    {3485017u, 0x18f005e6u, 8u, {0x87, 0x5f, 0x06, 0x87, 0x20, 0x41, 0x31, 0x30}},
    {3489492u, 0x18f009e6u, 8u, {0x0d, 0x7c, 0x60, 0xe7, 0x7b, 0xd7, 0x7f, 0xff}},
    {3493741u, 0x0cf002e6u, 8u, {0xcd, 0x60, 0x13, 0x00, 0xfc, 0x8c, 0x1f, 0xff}},
    {3494404u, 0x0cf004e6u, 8u, {0xf1, 0x8e, 0x8e, 0xa3, 0x1f, 0xff, 0xff, 0xff}},
    {3494943u, 0x0cfe6ce6u, 8u, {0x4b, 0x10, 0xc0, 0xc0, 0x60, 0x13, 0x99, 0x28}},
    {3500218u, 0x18f009e6u, 8u, {0x07, 0x7c, 0x60, 0xdf, 0x7b, 0xff, 0x7f, 0xff}},
    {3501317u, 0x18fef1e6u, 8u, {0xf3, 0x99, 0x28, 0xc0, 0x00, 0xff, 0xe0, 0xff}},
    {3504616u, 0x0cf002e6u, 8u, {0xcd, 0x60, 0x13, 0x00, 0xfc, 0xad, 0x1f, 0xff}},
    {3505725u, 0x18fef2e6u, 8u, {0xc7, 0x00, 0xff, 0xff, 0xff, 0xff, 0xff, 0xff}},
    {3509578u, 0x18f009e6u, 8u, {0xfd, 0x7b, 0x60, 0xe7, 0x7b, 0x57, 0x81, 0xff}},
    {3513740u, 0x0cf002e6u, 8u, {0xcd, 0x60, 0x13, 0x00, 0xfc, 0xad, 0x1f, 0xff}},
    {3514292u, 0x0cf004e6u, 8u, {0xf1, 0x8e, 0x8e, 0xac, 0x1f, 0xff, 0xff, 0xff}},
    {3518966u, 0x0cf003e6u, 8u, {0xf0, 0x3d, 0x13, 0xff, 0xff, 0xff, 0xff, 0xff}},
    {3520727u, 0x18f001e6u, 8u, {0xcf, 0x00, 0xcf, 0xff, 0xff, 0xff, 0xff, 0xff}},
    {3521234u, 0x18f009e6u, 8u, {0xf7, 0x7b, 0x60, 0xef, 0x7b, 0x57, 0x83, 0xff}},
    {3524388u, 0x0cf002e6u, 8u, {0xcd, 0x60, 0x13, 0x00, 0xfc, 0xc1, 0x1f, 0xff}},
    {3530062u, 0x18f009e6u, 8u, {0xeb, 0x7b, 0x60, 0xf3, 0x7b, 0x4f, 0x83, 0xff}},
    {3533777u, 0x0cf002e6u, 8u, {0xcd, 0x60, 0x13, 0x00, 0xfc, 0xc1, 0x1f, 0xff}},
    {3534335u, 0x0cf004e6u, 8u, {0xf1, 0x8e, 0x8e, 0xc0, 0x1f, 0xff, 0xff, 0xff}},
    {3540223u, 0x18f009e6u, 8u, {0xe3, 0x7b, 0x60, 0xeb, 0x7b, 0xa7, 0x80, 0xff}},
    {3544439u, 0x0cf002e6u, 8u, {0xcd, 0x60, 0x13, 0x00, 0xfc, 0xa2, 0x1f, 0xff}},
    {3544989u, 0x0cfe6ce6u, 8u, {0x4b, 0x10, 0xc0, 0xc0, 0x50, 0x13, 0x99, 0x28}},
    {3550766u, 0x18f009e6u, 8u, {0xdb, 0x7b, 0x60, 0xdb, 0x7b, 0xff, 0x7d, 0xff}},
    {3553714u, 0x0cf002e6u, 8u, {0xcd, 0x60, 0x13, 0x00, 0xfc, 0xa2, 0x1f, 0xff}},
    {3554299u, 0x0cf004e6u, 8u, {0xf1, 0x8e, 0x8e, 0xb4, 0x1f, 0xff, 0xff, 0xff}},
    {3560103u, 0x18f009e6u, 8u, {0xd3, 0x7b, 0x60, 0xc3, 0x7b, 0x87, 0x7d, 0xff}},
    {3564360u, 0x0cf002e6u, 8u, {0xcd, 0x60, 0x13, 0x00, 0xfc, 0xcd, 0x1f, 0xff}},
    {3568828u, 0x0cf003e6u, 8u, {0xf0, 0x3e, 0x13, 0xff, 0xff, 0xff, 0xff, 0xff}},
    {3571118u, 0x18f009e6u, 8u, {0xcb, 0x7b, 0x60, 0xb7, 0x7b, 0xbf, 0x7e, 0xff}},
    {3573595u, 0x0cf002e6u, 8u, {0xcd, 0x70, 0x13, 0x00, 0xfc, 0xcd, 0x1f, 0xff}},
    {3574178u, 0x0cf004e6u, 8u, {0xf1, 0x8e, 0x8e, 0xc3, 0x1f, 0xff, 0xff, 0xff}},
    {3580083u, 0x18f009e6u, 8u, {0xc3, 0x7b, 0x60, 0xbf, 0x7b, 0x7f, 0x80, 0xff}},
    {3584383u, 0x0cf002e6u, 8u, {0xcd, 0x70, 0x13, 0x01, 0xfc, 0x99, 0x1f, 0xff}},
    {3584982u, 0x18f005e6u, 8u, {0x87, 0x5f, 0x06, 0x87, 0x20, 0x41, 0x31, 0x30}},
    {3589415u, 0x18f009e6u, 8u, {0xbb, 0x7b, 0x60, 0xc7, 0x7b, 0xbf, 0x80, 0xff}},
    {3593709u, 0x0cf002e6u, 8u, {0xcd, 0x70, 0x13, 0x01, 0xfc, 0x99, 0x1f, 0xff}},
    {3594265u, 0x0cf004e6u, 8u, {0xf1, 0x8e, 0x8e, 0xb6, 0x1f, 0xff, 0xff, 0xff}},
    {3594810u, 0x0cfe6ce6u, 8u, {0x4b, 0x10, 0xc0, 0xc0, 0x70, 0x13, 0xcc, 0x28}},
    {3600223u, 0x18f009e6u, 8u, {0xb5, 0x7b, 0x60, 0xcb, 0x7b, 0xc7, 0x80, 0xff}},
    {3601362u, 0x18fef1e6u, 8u, {0xf3, 0x99, 0x28, 0xc0, 0x00, 0xff, 0xe0, 0xff}},
    {3604579u, 0x0cf002e6u, 8u, {0xcd, 0x70, 0x13, 0x00, 0xfc, 0xb9, 0x1f, 0xff}},
    {3605721u, 0x18fef2e6u, 8u, {0xcf, 0x00, 0xff, 0xff, 0xff, 0xff, 0xff, 0xff}},
    {3609503u, 0x18f009e6u, 8u, {0xad, 0x7b, 0x60, 0xc7, 0x7b, 0x3f, 0x81, 0xff}},
    {3613828u, 0x0cf002e6u, 8u, {0xcd, 0x70, 0x13, 0x00, 0xfc, 0xb9, 0x1f, 0xff}},
    {3614364u, 0x0cf004e6u, 8u, {0xf1, 0x8f, 0x8f, 0xad, 0x1f, 0xff, 0xff, 0xff}},
    {3619007u, 0x0cf003e6u, 8u, {0xf0, 0x40, 0x14, 0xff, 0xff, 0xff, 0xff, 0xff}},
    {3620702u, 0x18f001e6u, 8u, {0xcf, 0x00, 0xcf, 0xff, 0xff, 0xff, 0xff, 0xff}},
    {3621294u, 0x18f009e6u, 8u, {0xa3, 0x7b, 0x60, 0xc3, 0x7b, 0xf7, 0x81, 0xff}},
    {3624355u, 0x0cf002e6u, 8u, {0xcd, 0x70, 0x13, 0x00, 0xfc, 0x9c, 0x1f, 0xff}},
    {3629561u, 0x18f009e6u, 8u, {0x9f, 0x7b, 0x60, 0xb7, 0x7b, 0xbf, 0x82, 0xff}},
    {3633633u, 0x0cf002e6u, 8u, {0xcd, 0x70, 0x13, 0x00, 0xfc, 0x9c, 0x1f, 0xff}},
    {3634234u, 0x0cf004e6u, 8u, {0xf1, 0x8f, 0x8f, 0xa5, 0x1f, 0xff, 0xff, 0xff}},
    {3640181u, 0x18f009e6u, 8u, {0x95, 0x7b, 0x60, 0xaf, 0x7b, 0x37, 0x81, 0xff}},
    {3644456u, 0x0cf002e6u, 8u, {0xcd, 0x70, 0x13, 0x00, 0xfc, 0x94, 0x1f, 0xff}},
    {3645026u, 0x0cfe6ce6u, 8u, {0x4b, 0x10, 0xc0, 0xc0, 0x68, 0x13, 0xb3, 0x28}},
    {3650642u, 0x18f009e6u, 8u, {0x91, 0x7b, 0x60, 0xb3, 0x7b, 0x97, 0x7e, 0xff}},
    {3653850u, 0x0cf002e6u, 8u, {0xcd, 0x70, 0x13, 0x00, 0xfc, 0x94, 0x1f, 0xff}},
    {3654459u, 0x0cf004e6u, 8u, {0xf1, 0x8f, 0x8f, 0x8f, 0x1f, 0xff, 0xff, 0xff}},
    {3660170u, 0x18f009e6u, 8u, {0x8b, 0x7b, 0x60, 0xb3, 0x7b, 0x8f, 0x7d, 0xff}},
    {3664567u, 0x0cf002e6u, 8u, {0xcd, 0x70, 0x13, 0x00, 0xfc, 0x97, 0x1f, 0xff}},
    {3668933u, 0x0cf003e6u, 8u, {0xf0, 0x40, 0x14, 0xff, 0xff, 0xff, 0xff, 0xff}},
    {3671778u, 0x18f009e6u, 8u, {0x85, 0x7b, 0x60, 0xaf, 0x7b, 0x2f, 0x7e, 0xff}},
    {3673815u, 0x0cf002e6u, 8u, {0xcd, 0x68, 0x13, 0x00, 0xfc, 0x97, 0x1f, 0xff}},
    {3674261u, 0x0cf004e6u, 8u, {0xf1, 0x8f, 0x8f, 0x7d, 0x1f, 0xff, 0xff, 0xff}},
    {3680083u, 0x18f009e6u, 8u, {0x81, 0x7b, 0x60, 0xab, 0x7b, 0x77, 0x7f, 0xff}},
    {3684434u, 0x0cf002e6u, 8u, {0xcd, 0x68, 0x13, 0x00, 0xfc, 0x8a, 0x1f, 0xff}},
    {3684976u, 0x18f005e6u, 8u, {0x87, 0x5f, 0x06, 0x87, 0x20, 0x41, 0x31, 0x30}},
    {3689690u, 0x18f009e6u, 8u, {0x7b, 0x7b, 0x60, 0xab, 0x7b, 0xaf, 0x7f, 0xff}},
    {3693818u, 0x0cf002e6u, 8u, {0xcd, 0x68, 0x13, 0x00, 0xfc, 0x8a, 0x1f, 0xff}},
    {3694381u, 0x0cf004e6u, 8u, {0xf1, 0x8f, 0x8f, 0x96, 0x1f, 0xff, 0xff, 0xff}},
    {3694777u, 0x0cfe6ce6u, 8u, {0x4b, 0x10, 0xc0, 0xc0, 0x68, 0x13, 0xb3, 0x28}},
    {3700238u, 0x18f009e6u, 8u, {0x75, 0x7b, 0x60, 0xa3, 0x7b, 0x17, 0x7f, 0xff}},
    {3701374u, 0x18fef1e6u, 8u, {0xf3, 0xcc, 0x28, 0xc0, 0x00, 0xff, 0xe0, 0xff}},
    {3704653u, 0x0cf002e6u, 8u, {0xcd, 0x68, 0x13, 0x00, 0xfc, 0xac, 0x1f, 0xff}},
    {3705803u, 0x18fef2e6u, 8u, {0xd4, 0x00, 0xff, 0xff, 0xff, 0xff, 0xff, 0xff}},
    {3709560u, 0x18f009e6u, 8u, {0x71, 0x7b, 0x60, 0x8f, 0x7b, 0x7f, 0x7e, 0xff}},
    {3713713u, 0x0cf002e6u, 8u, {0xcd, 0x68, 0x13, 0x00, 0xfc, 0xac, 0x1f, 0xff}},
    {3714280u, 0x0cf004e6u, 8u, {0xf1, 0x8f, 0x8f, 0x95, 0x1f, 0xff, 0xff, 0xff}},
    {3719003u, 0x0cf003e6u, 8u, {0xf0, 0x42, 0x15, 0xff, 0xff, 0xff, 0xff, 0xff}},
    {3720781u, 0x18f001e6u, 8u, {0xcf, 0x00, 0xcf, 0xff, 0xff, 0xff, 0xff, 0xff}},
    {3721245u, 0x18f009e6u, 8u, {0x6d, 0x7b, 0x60, 0x7b, 0x7b, 0x17, 0x7e, 0xff}},
    {3724541u, 0x0cf002e6u, 8u, {0xcd, 0x68, 0x13, 0x00, 0xfc, 0xa4, 0x1f, 0xff}},
    {3730062u, 0x18f009e6u, 8u, {0x69, 0x7b, 0x60, 0x73, 0x7b, 0x67, 0x7d, 0xff}},
    {3733864u, 0x0cf002e6u, 8u, {0xcd, 0x68, 0x13, 0x00, 0xfc, 0xa4, 0x1f, 0xff}},
    {3734420u, 0x0cf004e6u, 8u, {0xf1, 0x8f, 0x8f, 0xb7, 0x1f, 0xff, 0xff, 0xff}},
    {3740052u, 0x18f009e6u, 8u, {0x65, 0x7b, 0x60, 0x77, 0x7b, 0x87, 0x7c, 0xff}},
    {3744385u, 0x0cf002e6u, 8u, {0xcd, 0x68, 0x13, 0x00, 0xfc, 0xc7, 0x1f, 0xff}},
    {3745034u, 0x0cfe6ce6u, 8u, {0x4b, 0x10, 0xc0, 0xc0, 0x58, 0x13, 0x99, 0x28}},
    {3750761u, 0x18f009e6u, 8u, {0x63, 0x7b, 0x60, 0x7b, 0x7b, 0xcf, 0x7c, 0xff}},
    {3753805u, 0x0cf002e6u, 8u, {0xcd, 0x68, 0x13, 0x00, 0xfc, 0xc7, 0x1f, 0xff}},
    {3754367u, 0x0cf004e6u, 8u, {0xf1, 0x90, 0x90, 0xbf, 0x1f, 0xff, 0xff, 0xff}},
    {3760200u, 0x18f009e6u, 8u, {0x61, 0x7b, 0x60, 0x7b, 0x7b, 0xef, 0x7c, 0xff}},
    {3764690u, 0x0cf002e6u, 8u, {0xcd, 0x68, 0x13, 0x00, 0xfc, 0xbc, 0x1f, 0xff}},
    {3768944u, 0x0cf003e6u, 8u, {0xf0, 0x43, 0x15, 0xff, 0xff, 0xff, 0xff, 0xff}},
    {3771212u, 0x18f009e6u, 8u, {0x61, 0x7b, 0x60, 0x77, 0x7b, 0x67, 0x7b, 0xff}},
    {3773743u, 0x0cf002e6u, 8u, {0xcd, 0x68, 0x13, 0x00, 0xfc, 0xbc, 0x1f, 0xff}},
    {3774298u, 0x0cf004e6u, 8u, {0xf1, 0x90, 0x90, 0xce, 0x1f, 0xff, 0xff, 0xff}},
    {3780177u, 0x18f009e6u, 8u, {0x61, 0x7b, 0x60, 0x67, 0x7b, 0x7f, 0x79, 0xff}},
    {3784479u, 0x0cf002e6u, 8u, {0xcd, 0x68, 0x13, 0x00, 0xfc, 0xbc, 0x1f, 0xff}},
    {3784953u, 0x18f005e6u, 8u, {0x87, 0x5f, 0x06, 0x87, 0x20, 0x41, 0x31, 0x30}},
    {3789506u, 0x18f009e6u, 8u, {0x61, 0x7b, 0x60, 0x57, 0x7b, 0x47, 0x78, 0xff}},
    {3793932u, 0x0cf002e6u, 8u, {0xcd, 0x68, 0x13, 0x00, 0xfc, 0xbc, 0x1f, 0xff}},
    {3794490u, 0x0cf004e6u, 8u, {0xf1, 0x90, 0x90, 0xc1, 0x1f, 0xff, 0xff, 0xff}},
    {3794973u, 0x0cfe6ce6u, 8u, {0x4b, 0x10, 0xc0, 0xc0, 0x68, 0x13, 0xb3, 0x28}},
    {3800270u, 0x18f009e6u, 8u, {0x61, 0x7b, 0x60, 0x4f, 0x7b, 0xc7, 0x78, 0xff}},
    {3801346u, 0x18fef1e6u, 8u, {0xf3, 0xb3, 0x28, 0xc0, 0x00, 0xff, 0xe0, 0xff}},
    {3804588u, 0x0cf002e6u, 8u, {0xcd, 0x68, 0x13, 0x00, 0xfc, 0xd2, 0x1f, 0xff}},
    {3805811u, 0x18fef2e6u, 8u, {0xde, 0x00, 0xff, 0xff, 0xff, 0xff, 0xff, 0xff}},
    {3809528u, 0x18f009e6u, 8u, {0x61, 0x7b, 0x60, 0x4f, 0x7b, 0xff, 0x7a, 0xff}},
    {3813717u, 0x0cf002e6u, 8u, {0xcd, 0x68, 0x13, 0x00, 0xfc, 0xd2, 0x1f, 0xff}},
    {3814304u, 0x0cf004e6u, 8u, {0xf1, 0x90, 0x90, 0xcd, 0x1f, 0xff, 0xff, 0xff}},
    {3819000u, 0x0cf003e6u, 8u, {0xf0, 0x44, 0x15, 0xff, 0xff, 0xff, 0xff, 0xff}},
    {3820732u, 0x18f001e6u, 8u, {0xcf, 0x00, 0xcf, 0xff, 0xff, 0xff, 0xff, 0xff}},
    {3821165u, 0x18f009e6u, 8u, {0x61, 0x7b, 0x60, 0x4f, 0x7b, 0x97, 0x7e, 0xff}},
    {3824576u, 0x0cf002e6u, 8u, {0xcd, 0x68, 0x13, 0x01, 0xfc, 0xa9, 0x1f, 0xff}},
    {3829634u, 0x18f009e6u, 8u, {0x61, 0x7b, 0x60, 0x4b, 0x7b, 0x4f, 0x82, 0xff}},
    {3833715u, 0x0cf002e6u, 8u, {0xcd, 0x68, 0x13, 0x01, 0xfc, 0xa9, 0x1f, 0xff}},
    {3834311u, 0x0cf004e6u, 8u, {0xf1, 0x90, 0x90, 0xbc, 0x1f, 0xff, 0xff, 0xff}},
    {3840249u, 0x18f009e6u, 8u, {0x61, 0x7b, 0x60, 0x43, 0x7b, 0x97, 0x83, 0xff}},
    {3844527u, 0x0cf002e6u, 8u, {0xcd, 0x68, 0x13, 0x00, 0xfc, 0xc8, 0x1f, 0xff}},
    {3844973u, 0x0cfe6ce6u, 8u, {0x4b, 0x10, 0xc0, 0xc0, 0x70, 0x13, 0xcc, 0x28}},
    {3850765u, 0x18f009e6u, 8u, {0x61, 0x7b, 0x60, 0x2f, 0x7b, 0x5f, 0x82, 0xff}},
    {3853893u, 0x0cf002e6u, 8u, {0xcd, 0x68, 0x13, 0x00, 0xfc, 0xc8, 0x1f, 0xff}},
    {3854383u, 0x0cf004e6u, 8u, {0xf1, 0x90, 0x90, 0xb5, 0x1f, 0xff, 0xff, 0xff}},
    {3860146u, 0x18f009e6u, 8u, {0x61, 0x7b, 0x60, 0x23, 0x7b, 0xcf, 0x7e, 0xff}},
    {3864587u, 0x0cf002e6u, 8u, {0xcd, 0x68, 0x13, 0x00, 0xfc, 0xaf, 0x1f, 0xff}},
    {3869001u, 0x0cf003e6u, 8u, {0xf0, 0x45, 0x16, 0xff, 0xff, 0xff, 0xff, 0xff}},
    {3871183u, 0x18f009e6u, 8u, {0x61, 0x7b, 0x60, 0x23, 0x7b, 0x4f, 0x7b, 0xff}},
    {3873813u, 0x0cf002e6u, 8u, {0xcd, 0x70, 0x13, 0x00, 0xfc, 0xaf, 0x1f, 0xff}},
    {3874366u, 0x0cf004e6u, 8u, {0xf1, 0x91, 0x91, 0xb6, 0x1f, 0xff, 0xff, 0xff}},
    {3880170u, 0x18f009e6u, 8u, {0x61, 0x7b, 0x60, 0x1f, 0x7b, 0x37, 0x7a, 0xff}},
    {3884467u, 0x0cf002e6u, 8u, {0xcd, 0x70, 0x13, 0x00, 0xfc, 0xae, 0x1f, 0xff}},
    {3884945u, 0x18f005e6u, 8u, {0x87, 0x5f, 0x06, 0x87, 0x20, 0x41, 0x31, 0x30}},
    {3889525u, 0x18f009e6u, 8u, {0x61, 0x7b, 0x60, 0x23, 0x7b, 0xcf, 0x7a, 0xff}},
    {3893840u, 0x0cf002e6u, 8u, {0xcd, 0x70, 0x13, 0x00, 0xfc, 0xae, 0x1f, 0xff}},
    {3894396u, 0x0cf004e6u, 8u, {0xf1, 0x91, 0x91, 0xb0, 0x1f, 0xff, 0xff, 0xff}},
    {3894861u, 0x0cfe6ce6u, 8u, {0x4b, 0x10, 0xc0, 0xc0, 0x70, 0x13, 0xcc, 0x28}},
    {3900389u, 0x18f009e6u, 8u, {0x61, 0x7b, 0x60, 0x33, 0x7b, 0x5f, 0x7d, 0xff}},
    {3901521u, 0x18fef1e6u, 8u, {0xf3, 0xb3, 0x28, 0xc0, 0x00, 0xff, 0xe0, 0xff}},
    {3904563u, 0x0cf002e6u, 8u, {0xcd, 0x70, 0x13, 0x00, 0xfc, 0xbb, 0x1f, 0xff}},
    {3905659u, 0x18fef2e6u, 8u, {0xe6, 0x00, 0xff, 0xff, 0xff, 0xff, 0xff, 0xff}},
    {3909596u, 0x18f009e6u, 8u, {0x61, 0x7b, 0x60, 0x3b, 0x7b, 0x4f, 0x7f, 0xff}},
    {3913920u, 0x0cf002e6u, 8u, {0xcd, 0x70, 0x13, 0x00, 0xfc, 0xbb, 0x1f, 0xff}},
    {3914375u, 0x0cf004e6u, 8u, {0xf1, 0x91, 0x91, 0xa4, 0x1f, 0xff, 0xff, 0xff}},
    {3919070u, 0x0cf003e6u, 8u, {0xf0, 0x47, 0x16, 0xff, 0xff, 0xff, 0xff, 0xff}},
    {3920650u, 0x18f001e6u, 8u, {0xcf, 0x00, 0xcf, 0xff, 0xff, 0xff, 0xff, 0xff}},
    {3921300u, 0x18f009e6u, 8u, {0x61, 0x7b, 0x60, 0x3f, 0x7b, 0x9f, 0x7f, 0xff}},
    {3924407u, 0x0cf002e6u, 8u, {0xcd, 0x70, 0x13, 0x00, 0xfc, 0xb0, 0x1f, 0xff}},
    {3930093u, 0x18f009e6u, 8u, {0x61, 0x7b, 0x60, 0x3b, 0x7b, 0x27, 0x80, 0xff}},
    {3933809u, 0x0cf002e6u, 8u, {0xcd, 0x70, 0x13, 0x00, 0xfc, 0xb0, 0x1f, 0xff}},
    {3934365u, 0x0cf004e6u, 8u, {0xf1, 0x91, 0x91, 0xc3, 0x1f, 0xff, 0xff, 0xff}},
    {3940197u, 0x18f009e6u, 8u, {0x63, 0x7b, 0x60, 0x2b, 0x7b, 0x1f, 0x80, 0xff}},
    {3944521u, 0x0cf002e6u, 8u, {0xcd, 0x70, 0x13, 0x00, 0xfc, 0xcd, 0x1f, 0xff}},
    {3944979u, 0x0cfe6ce6u, 8u, {0x4b, 0x10, 0xc0, 0xc0, 0x70, 0x13, 0xcc, 0x28}},
    {3950699u, 0x18f009e6u, 8u, {0x63, 0x7b, 0x60, 0x0b, 0x7b, 0xf7, 0x7e, 0xff}},
    {3953886u, 0x0cf002e6u, 8u, {0xcd, 0x70, 0x13, 0x00, 0xfc, 0xcd, 0x1f, 0xff}},
    {3954486u, 0x0cf004e6u, 8u, {0xf1, 0x91, 0x91, 0xbb, 0x1f, 0xff, 0xff, 0xff}},
    {3960294u, 0x18f009e6u, 8u, {0x65, 0x7b, 0x60, 0xf7, 0x7a, 0xdf, 0x7d, 0xff}},
    {3964494u, 0x0cf002e6u, 8u, {0xcd, 0x70, 0x13, 0x00, 0xfc, 0xba, 0x1f, 0xff}},
    {3969028u, 0x0cf003e6u, 8u, {0xf0, 0x48, 0x16, 0xff, 0xff, 0xff, 0xff, 0xff}},
    {3971785u, 0x18f009e6u, 8u, {0x67, 0x7b, 0x60, 0x0b, 0x7b, 0x27, 0x7d, 0xff}},
    {3973876u, 0x0cf002e6u, 8u, {0xcd, 0x70, 0x13, 0x00, 0xfc, 0xba, 0x1f, 0xff}},
    {3974321u, 0x0cf004e6u, 8u, {0xf1, 0x91, 0x91, 0xd2, 0x1f, 0xff, 0xff, 0xff}},
    {3980153u, 0x18f009e6u, 8u, {0x67, 0x7b, 0x60, 0x23, 0x7b, 0x67, 0x7e, 0xff}},
    {3984565u, 0x0cf002e6u, 8u, {0xcd, 0x70, 0x13, 0x00, 0xfc, 0xdb, 0x1f, 0xff}},
    {3985129u, 0x18f005e6u, 8u, {0x87, 0x5f, 0x06, 0x87, 0x20, 0x41, 0x31, 0x30}},
    {3989706u, 0x18f009e6u, 8u, {0x69, 0x7b, 0x60, 0x2f, 0x7b, 0x97, 0x81, 0xff}},
    {3993762u, 0x0cf002e6u, 8u, {0xcd, 0x70, 0x13, 0x00, 0xfc, 0xdb, 0x1f, 0xff}},
    {3994421u, 0x0cf004e6u, 8u, {0xf1, 0x91, 0x91, 0xd1, 0x1f, 0xff, 0xff, 0xff}},
    {3994862u, 0x0cfe6ce6u, 8u, {0x4b, 0x10, 0xc0, 0xc0, 0x70, 0x13, 0xcc, 0x28}},
    {4000276u, 0x18f009e6u, 8u, {0x6b, 0x7b, 0x60, 0x2b, 0x7b, 0x3f, 0x83, 0xff}},
    {4001332u, 0x18fef1e6u, 8u, {0xf3, 0xcc, 0x28, 0xc0, 0x00, 0xff, 0xe0, 0xff}},
    {4004698u, 0x0cf002e6u, 8u, {0xcd, 0x70, 0x13, 0x00, 0xfc, 0xc8, 0x1f, 0xff}},
    {4005947u, 0x18fef2e6u, 8u, {0xed, 0x00, 0xff, 0xff, 0xff, 0xff, 0xff, 0xff}},
    {4009514u, 0x18f009e6u, 8u, {0x71, 0x7b, 0x60, 0x1f, 0x7b, 0xc7, 0x81, 0xff}},
    {4013748u, 0x0cf002e6u, 8u, {0xcd, 0x70, 0x13, 0x00, 0xfc, 0xc8, 0x1f, 0xff}},
    {4014195u, 0x0cf004e6u, 8u, {0xf1, 0x92, 0x92, 0xce, 0x1f, 0xff, 0xff, 0xff}},
    {4019086u, 0x0cf003e6u, 8u, {0xf0, 0x4b, 0x17, 0xff, 0xff, 0xff, 0xff, 0xff}},
    {4020784u, 0x18f001e6u, 8u, {0xcf, 0x00, 0xcf, 0xff, 0xff, 0xff, 0xff, 0xff}},
    {4021242u, 0x18f009e6u, 8u, {0x73, 0x7b, 0x60, 0x0f, 0x7b, 0x97, 0x7d, 0xff}},
    {4024657u, 0x0cf002e6u, 8u, {0xcd, 0x70, 0x13, 0x00, 0xfc, 0xb3, 0x1f, 0xff}},
    {4029525u, 0x18f009e6u, 8u, {0x77, 0x7b, 0x60, 0x0f, 0x7b, 0x27, 0x7a, 0xff}},
    {4033778u, 0x0cf002e6u, 8u, {0xcd, 0x70, 0x13, 0x00, 0xfc, 0xb3, 0x1f, 0xff}},
    {4034379u, 0x0cf004e6u, 8u, {0xf1, 0x92, 0x92, 0xbe, 0x1f, 0xff, 0xff, 0xff}},
    {4040215u, 0x18f009e6u, 8u, {0x7b, 0x7b, 0x60, 0x1f, 0x7b, 0x5f, 0x7a, 0xff}},
    {4044477u, 0x0cf002e6u, 8u, {0xcd, 0x70, 0x13, 0x00, 0xfc, 0xd8, 0x1f, 0xff}},
    {4045106u, 0x0cfe6ce6u, 8u, {0x4b, 0x10, 0xc0, 0xc0, 0x78, 0x13, 0xe6, 0x28}},
    {4050812u, 0x18f009e6u, 8u, {0x81, 0x7b, 0x60, 0x33, 0x7b, 0x3f, 0x7d, 0xff}},
    {4053844u, 0x0cf002e6u, 8u, {0xcd, 0x70, 0x13, 0x00, 0xfc, 0xd8, 0x1f, 0xff}},
    {4054444u, 0x0cf004e6u, 8u, {0xf1, 0x92, 0x92, 0xc3, 0x1f, 0xff, 0xff, 0xff}},
    {4060229u, 0x18f009e6u, 8u, {0x83, 0x7b, 0x60, 0x2b, 0x7b, 0x2f, 0x80, 0xff}},
    {4064622u, 0x0cf002e6u, 8u, {0xcd, 0x70, 0x13, 0x00, 0xfc, 0xbc, 0x1f, 0xff}},
    {4068980u, 0x0cf003e6u, 8u, {0xf0, 0x4d, 0x18, 0xff, 0xff, 0xff, 0xff, 0xff}},
    {4071265u, 0x18f009e6u, 8u, {0x87, 0x7b, 0x60, 0x13, 0x7b, 0xd7, 0x80, 0xff}},
    {4073842u, 0x0cf002e6u, 8u, {0xcd, 0x78, 0x13, 0x00, 0xfc, 0xbc, 0x1f, 0xff}},
    {4074433u, 0x0cf004e6u, 8u, {0xf1, 0x92, 0x92, 0xc2, 0x1f, 0xff, 0xff, 0xff}},
    {4080124u, 0x18f009e6u, 8u, {0x8b, 0x7b, 0x60, 0xff, 0x7a, 0x5f, 0x7f, 0xff}},
    {4084466u, 0x0cf002e6u, 8u, {0xcd, 0x78, 0x13, 0x00, 0xfc, 0xdd, 0x1f, 0xff}},
    {4084953u, 0x18f005e6u, 8u, {0x87, 0x5f, 0x06, 0x87, 0x20, 0x41, 0x31, 0x30}},
    {4089480u, 0x18f009e6u, 8u, {0x8d, 0x7b, 0x60, 0xff, 0x7a, 0xef, 0x7d, 0xff}},
    {4093848u, 0x0cf002e6u, 8u, {0xcd, 0x78, 0x13, 0x00, 0xfc, 0xdd, 0x1f, 0xff}},
    {4094444u, 0x0cf004e6u, 8u, {0xf1, 0x93, 0x93, 0xd2, 0x1f, 0xff, 0xff, 0xff}},
    {4094888u, 0x0cfe6ce6u, 8u, {0x4b, 0x10, 0xc0, 0xc0, 0x78, 0x13, 0xe6, 0x28}},
    {4100222u, 0x18f009e6u, 8u, {0x91, 0x7b, 0x60, 0x0b, 0x7b, 0xcf, 0x7d, 0xff}},
    {4101431u, 0x18fef1e6u, 8u, {0xf3, 0xcc, 0x28, 0xc0, 0x00, 0xff, 0xe0, 0xff}},
    {4104703u, 0x0cf002e6u, 8u, {0xcd, 0x78, 0x13, 0x00, 0xfc, 0xea, 0x1f, 0xff}},
    {4105952u, 0x18fef2e6u, 8u, {0xf6, 0x00, 0xff, 0xff, 0xff, 0xff, 0xff, 0xff}},
    {4109623u, 0x18f009e6u, 8u, {0x93, 0x7b, 0x60, 0x0f, 0x7b, 0xa7, 0x7d, 0xff}},
    {4113788u, 0x0cf002e6u, 8u, {0xcd, 0x78, 0x13, 0x00, 0xfc, 0xea, 0x1f, 0xff}},
    {4114355u, 0x0cf004e6u, 8u, {0xf1, 0x93, 0x93, 0xe4, 0x1f, 0xff, 0xff, 0xff}},
    {4119041u, 0x0cf003e6u, 8u, {0xf0, 0x4d, 0x18, 0xff, 0xff, 0xff, 0xff, 0xff}},
    {4120775u, 0x18f001e6u, 8u, {0xcf, 0x00, 0xcf, 0xff, 0xff, 0xff, 0xff, 0xff}},
    {4121231u, 0x18f009e6u, 8u, {0x95, 0x7b, 0x60, 0x0f, 0x7b, 0xa7, 0x7b, 0xff}},
    {4124529u, 0x0cf002e6u, 8u, {0xcd, 0x78, 0x13, 0x00, 0xfc, 0xcb, 0x1f, 0xff}},
    {4130239u, 0x18f009e6u, 8u, {0x9b, 0x7b, 0x60, 0x0b, 0x7b, 0x27, 0x79, 0xff}},
    {4133834u, 0x0cf002e6u, 8u, {0xcd, 0x78, 0x13, 0x00, 0xfc, 0xcb, 0x1f, 0xff}},
    {4134404u, 0x0cf004e6u, 8u, {0xf1, 0x93, 0x93, 0xeb, 0x1f, 0xff, 0xff, 0xff}},
    {4140295u, 0x18f009e6u, 8u, {0x9f, 0x7b, 0x60, 0xff, 0x7a, 0x9f, 0x79, 0xff}},
    {4144586u, 0x0cf002e6u, 8u, {0xcd, 0x78, 0x13, 0x00, 0xfc, 0xdf, 0x1f, 0xff}},
    {4145047u, 0x0cfe6ce6u, 8u, {0x4b, 0x10, 0xc0, 0xc0, 0x78, 0x13, 0xe6, 0x28}},
    {4150743u, 0x18f009e6u, 8u, {0xa3, 0x7b, 0x60, 0xf7, 0x7a, 0x17, 0x7c, 0xff}},
    {4153888u, 0x0cf002e6u, 8u, {0xcd, 0x78, 0x13, 0x00, 0xfc, 0xdf, 0x1f, 0xff}},
    {4154453u, 0x0cf004e6u, 8u, {0xf1, 0x93, 0x93, 0xcc, 0x1f, 0xff, 0xff, 0xff}},
    {4160138u, 0x18f009e6u, 8u, {0xa5, 0x7b, 0x60, 0xff, 0x7a, 0x8f, 0x7e, 0xff}},
    {4164574u, 0x0cf002e6u, 8u, {0xcd, 0x78, 0x13, 0x00, 0xfc, 0xc5, 0x1f, 0xff}},
    {4168977u, 0x0cf003e6u, 8u, {0xf0, 0x4d, 0x18, 0xff, 0xff, 0xff, 0xff, 0xff}},
    {4171773u, 0x18f009e6u, 8u, {0xa9, 0x7b, 0x60, 0x13, 0x7b, 0x57, 0x80, 0xff}},
    {4173752u, 0x0cf002e6u, 8u, {0xcd, 0x88, 0x13, 0x00, 0xfc, 0xc5, 0x1f, 0xff}},
    {4174345u, 0x0cf004e6u, 8u, {0xf1, 0x93, 0x93, 0xdd, 0x1f, 0xff, 0xff, 0xff}},
    {4180126u, 0x18f009e6u, 8u, {0xad, 0x7b, 0x60, 0x13, 0x7b, 0xcf, 0x80, 0xff}},
    {4184410u, 0x0cf002e6u, 8u, {0xcd, 0x88, 0x13, 0x00, 0xfc, 0xe1, 0x1f, 0xff}},
    {4185039u, 0x18f005e6u, 8u, {0x87, 0x5f, 0x06, 0x87, 0x20, 0x41, 0x31, 0x30}},
    {4189575u, 0x18f009e6u, 8u, {0xb1, 0x7b, 0x60, 0x03, 0x7b, 0x1f, 0x80, 0xff}},
    {4193822u, 0x0cf002e6u, 8u, {0xcd, 0x88, 0x13, 0x00, 0xfc, 0xe1, 0x1f, 0xff}},
    {4194390u, 0x0cf004e6u, 8u, {0xf1, 0x93, 0x93, 0xd2, 0x1f, 0xff, 0xff, 0xff}},
    {4194852u, 0x0cfe6ce6u, 8u, {0x4b, 0x10, 0xc0, 0xc0, 0x88, 0x13, 0x00, 0x29}},
    {4200243u, 0x18f009e6u, 8u, {0xb5, 0x7b, 0x60, 0xfb, 0x7a, 0x2f, 0x7e, 0xff}},
    {4201414u, 0x18fef1e6u, 8u, {0xf3, 0xe6, 0x28, 0xc0, 0x00, 0xff, 0xe0, 0xff}},
    {4204657u, 0x0cf002e6u, 8u, {0xcd, 0x88, 0x13, 0x00, 0xfc, 0xce, 0x1f, 0xff}},
    {4205793u, 0x18fef2e6u, 8u, {0x03, 0x01, 0xff, 0xff, 0xff, 0xff, 0xff, 0xff}},
    {4209667u, 0x18f009e6u, 8u, {0xb7, 0x7b, 0x60, 0x03, 0x7b, 0x7f, 0x7c, 0xff}},
    {4213951u, 0x0cf002e6u, 8u, {0xcd, 0x88, 0x13, 0x00, 0xfc, 0xce, 0x1f, 0xff}},
    {4214508u, 0x0cf004e6u, 8u, {0xf1, 0x94, 0x94, 0xd8, 0x1f, 0xff, 0xff, 0xff}},
    {4219019u, 0x0cf003e6u, 8u, {0xf0, 0x4e, 0x19, 0xff, 0xff, 0xff, 0xff, 0xff}},
    {4220689u, 0x18f001e6u, 8u, {0xcf, 0x00, 0xcf, 0xff, 0xff, 0xff, 0xff, 0xff}},
    {4221289u, 0x18f009e6u, 8u, {0xbb, 0x7b, 0x60, 0x1b, 0x7b, 0xbf, 0x7b, 0xff}},
    {4224386u, 0x0cf002e6u, 8u, {0xcd, 0x88, 0x13, 0x00, 0xfc, 0xd9, 0x1f, 0xff}},
    {4229497u, 0x18f009e6u, 8u, {0xbf, 0x7b, 0x60, 0x2b, 0x7b, 0x3f, 0x7b, 0xff}},
    {4233791u, 0x0cf002e6u, 8u, {0xcd, 0x88, 0x13, 0x00, 0xfc, 0xd9, 0x1f, 0xff}},
    {4234393u, 0x0cf004e6u, 8u, {0xf1, 0x94, 0x94, 0xdc, 0x1f, 0xff, 0xff, 0xff}},
    {4240230u, 0x18f009e6u, 8u, {0xc1, 0x7b, 0x60, 0x2b, 0x7b, 0xe7, 0x7b, 0xff}},
    {4244461u, 0x0cf002e6u, 8u, {0xcd, 0x88, 0x13, 0x00, 0xfc, 0xd7, 0x1f, 0xff}},
    {4245033u, 0x0cfe6ce6u, 8u, {0x4b, 0x10, 0xc0, 0xc0, 0x80, 0x13, 0xe6, 0x28}},
    {4250853u, 0x18f009e6u, 8u, {0xc5, 0x7b, 0x60, 0x23, 0x7b, 0x9f, 0x7c, 0xff}},
    {4253852u, 0x0cf002e6u, 8u, {0xcd, 0x88, 0x13, 0x00, 0xfc, 0xd7, 0x1f, 0xff}},
    {4254452u, 0x0cf004e6u, 8u, {0xf1, 0x94, 0x94, 0xcc, 0x1f, 0xff, 0xff, 0xff}},
    {4260289u, 0x18f009e6u, 8u, {0xc7, 0x7b, 0x60, 0x17, 0x7b, 0xdf, 0x7c, 0xff}},
    {4264527u, 0x0cf002e6u, 8u, {0xcd, 0x88, 0x13, 0x00, 0xfc, 0xb9, 0x1f, 0xff}},
    {4269006u, 0x0cf003e6u, 8u, {0xf0, 0x4e, 0x19, 0xff, 0xff, 0xff, 0xff, 0xff}},
    {4271250u, 0x18f009e6u, 8u, {0xcb, 0x7b, 0x60, 0x0f, 0x7b, 0x2f, 0x7e, 0xff}},
    {4273852u, 0x0cf002e6u, 8u, {0xcd, 0x88, 0x13, 0x00, 0xfc, 0xb9, 0x1f, 0xff}},
    {4274297u, 0x0cf004e6u, 8u, {0xf1, 0x94, 0x94, 0xc9, 0x1f, 0xff, 0xff, 0xff}},
    {4280125u, 0x18f009e6u, 8u, {0xcd, 0x7b, 0x60, 0x0f, 0x7b, 0xcf, 0x7f, 0xff}},
    {4284428u, 0x0cf002e6u, 8u, {0xcd, 0x88, 0x13, 0x00, 0xfc, 0xe1, 0x1f, 0xff}},
    {4285084u, 0x18f005e6u, 8u, {0x87, 0x5f, 0x06, 0x87, 0x20, 0x41, 0x31, 0x30}},
    {4289561u, 0x18f009e6u, 8u, {0xd1, 0x7b, 0x60, 0x17, 0x7b, 0x4f, 0x7f, 0xff}},
    {4293913u, 0x0cf002e6u, 8u, {0xcd, 0x88, 0x13, 0x00, 0xfc, 0xe1, 0x1f, 0xff}},
    {4294467u, 0x0cf004e6u, 8u, {0xf1, 0x94, 0x94, 0xc8, 0x1f, 0xff, 0xff, 0xff}},
    {4294949u, 0x0cfe6ce6u, 8u, {0x4b, 0x10, 0xc0, 0xc0, 0x88, 0x13, 0x00, 0x29}},
    {4300181u, 0x18f009e6u, 8u, {0xd5, 0x7b, 0x60, 0x1b, 0x7b, 0x77, 0x7d, 0xff}},
    {4301417u, 0x18fef1e6u, 8u, {0xf3, 0x00, 0x29, 0xc0, 0x00, 0xff, 0xe0, 0xff}},
    {4304627u, 0x0cf002e6u, 8u, {0xcd, 0x88, 0x13, 0x00, 0xfc, 0xc9, 0x1f, 0xff}},
    {4305836u, 0x18fef2e6u, 8u, {0x0b, 0x01, 0xff, 0xff, 0xff, 0xff, 0xff, 0xff}},
    {4309697u, 0x18f009e6u, 8u, {0xd5, 0x7b, 0x60, 0x1f, 0x7b, 0xb7, 0x7b, 0xff}},
    {4313686u, 0x0cf002e6u, 8u, {0xcd, 0x88, 0x13, 0x00, 0xfc, 0xc9, 0x1f, 0xff}},
    {4314333u, 0x0cf004e6u, 8u, {0xf1, 0x94, 0x94, 0xd3, 0x1f, 0xff, 0xff, 0xff}},
    {4319138u, 0x0cf003e6u, 8u, {0xf0, 0x4f, 0x1a, 0xff, 0xff, 0xff, 0xff, 0xff}},
    {4320763u, 0x18f001e6u, 8u, {0xcf, 0x00, 0xcf, 0xff, 0xff, 0xff, 0xff, 0xff}},
    {4321371u, 0x18f009e6u, 8u, {0xd9, 0x7b, 0x60, 0x17, 0x7b, 0x3f, 0x7a, 0xff}},
    {4324566u, 0x0cf002e6u, 8u, {0xcd, 0x88, 0x13, 0x00, 0xfc, 0xf3, 0x1f, 0xff}},
    {4330124u, 0x18f009e6u, 8u, {0xdd, 0x7b, 0x60, 0x07, 0x7b, 0x97, 0x7a, 0xff}},
    {4333802u, 0x0cf002e6u, 8u, {0xcd, 0x88, 0x13, 0x00, 0xfc, 0xf3, 0x1f, 0xff}},
    {4334395u, 0x0cf004e6u, 8u, {0xf1, 0x94, 0x94, 0xe5, 0x1f, 0xff, 0xff, 0xff}},
    {4340175u, 0x18f009e6u, 8u, {0xe1, 0x7b, 0x60, 0x03, 0x7b, 0x67, 0x7c, 0xff}},
    {4344576u, 0x0cf002e6u, 8u, {0xcd, 0x88, 0x13, 0x00, 0xfc, 0xe5, 0x1f, 0xff}},
    {4345028u, 0x0cfe6ce6u, 8u, {0x4b, 0x10, 0xc0, 0xc0, 0x88, 0x13, 0x00, 0x29}},
    {4350832u, 0x18f009e6u, 8u, {0xe7, 0x7b, 0x60, 0x13, 0x7b, 0xb7, 0x7d, 0xff}},
    {4354205u, 0x0cf002e6u, 8u, {0xcd, 0x88, 0x13, 0x00, 0xfc, 0xe5, 0x1f, 0xff}},
    {4354839u, 0x0cf004e6u, 8u, {0xf1, 0x94, 0x94, 0xed, 0x1f, 0xff, 0xff, 0xff}},
    {4360204u, 0x18f009e6u, 8u, {0xe9, 0x7b, 0x60, 0x2f, 0x7b, 0x2f, 0x7e, 0xff}},
    {4364661u, 0x0cf002e6u, 8u, {0xcd, 0x88, 0x13, 0x00, 0xfc, 0xd5, 0x1f, 0xff}},
    {4368901u, 0x0cf003e6u, 8u, {0xf0, 0x4e, 0x1a, 0xff, 0xff, 0xff, 0xff, 0xff}},
    {4371231u, 0x18f009e6u, 8u, {0xed, 0x7b, 0x60, 0x57, 0x7b, 0x8f, 0x7e, 0xff}},
    {4373761u, 0x0cf002e6u, 8u, {0xcd, 0x88, 0x13, 0x00, 0xfc, 0xd5, 0x1f, 0xff}},
    {4374208u, 0x0cf004e6u, 8u, {0xf1, 0x94, 0x94, 0xea, 0x1f, 0xff, 0xff, 0xff}},
    {4380131u, 0x18f009e6u, 8u, {0xf3, 0x7b, 0x60, 0x6b, 0x7b, 0x8f, 0x7f, 0xff}},
    {4384418u, 0x0cf002e6u, 8u, {0xcd, 0x88, 0x13, 0x00, 0xfc, 0xe8, 0x1f, 0xff}},
    {4385052u, 0x18f005e6u, 8u, {0x87, 0x5f, 0x06, 0x87, 0x20, 0x41, 0x31, 0x30}},
    {4389542u, 0x18f009e6u, 8u, {0xf7, 0x7b, 0x60, 0x57, 0x7b, 0x0f, 0x80, 0xff}},
    {4393909u, 0x0cf002e6u, 8u, {0xcd, 0x88, 0x13, 0x00, 0xfc, 0xe8, 0x1f, 0xff}},
    {4394461u, 0x0cf004e6u, 8u, {0xf1, 0x95, 0x95, 0xd0, 0x1f, 0xff, 0xff, 0xff}},
    {4395013u, 0x0cfe6ce6u, 8u, {0x4b, 0x10, 0xc0, 0xc0, 0x88, 0x13, 0x00, 0x29}},
    {4400288u, 0x18f009e6u, 8u, {0xfd, 0x7b, 0x60, 0x23, 0x7b, 0x3f, 0x7f, 0xff}},
    {4401332u, 0x18fef1e6u, 8u, {0xf3, 0x00, 0x29, 0xc0, 0x00, 0xff, 0xe0, 0xff}},
    {4404642u, 0x0cf002e6u, 8u, {0xcd, 0x88, 0x13, 0x00, 0xfc, 0xc9, 0x1f, 0xff}},
    {4405884u, 0x18fef2e6u, 8u, {0x13, 0x01, 0xff, 0xff, 0xff, 0xff, 0xff, 0xff}},
    {4409659u, 0x18f009e6u, 8u, {0x01, 0x7c, 0x60, 0xf7, 0x7a, 0xf7, 0x7c, 0xff}},
    {4413796u, 0x0cf002e6u, 8u, {0xcd, 0x88, 0x13, 0x00, 0xfc, 0xc9, 0x1f, 0xff}},
    {4414257u, 0x0cf004e6u, 8u, {0xf1, 0x95, 0x95, 0xda, 0x1f, 0xff, 0xff, 0xff}},
    {4419039u, 0x0cf003e6u, 8u, {0xf0, 0x4f, 0x1a, 0xff, 0xff, 0xff, 0xff, 0xff}},
    {4420658u, 0x18f001e6u, 8u, {0xcf, 0x00, 0xcf, 0xff, 0xff, 0xff, 0xff, 0xff}},
    {4421304u, 0x18f009e6u, 8u, {0x09, 0x7c, 0x60, 0xf3, 0x7a, 0x6f, 0x7a, 0xff}},
    {4424599u, 0x0cf002e6u, 8u, {0xcd, 0x88, 0x13, 0x00, 0xfc, 0xf1, 0x1f, 0xff}},
    {4429510u, 0x18f009e6u, 8u, {0x0b, 0x7c, 0x60, 0x1f, 0x7b, 0xbf, 0x7a, 0xff}},
    {4433798u, 0x0cf002e6u, 8u, {0xcd, 0x88, 0x13, 0x00, 0xfc, 0xf1, 0x1f, 0xff}},
    {4434361u, 0x0cf004e6u, 8u, {0xf1, 0x95, 0x95, 0xd4, 0x1f, 0xff, 0xff, 0xff}},
    {4440246u, 0x18f009e6u, 8u, {0x11, 0x7c, 0x60, 0x67, 0x7b, 0x3f, 0x7e, 0xff}},
    {4444401u, 0x0cf002e6u, 8u, {0xcd, 0x88, 0x13, 0x00, 0xfc, 0xe1, 0x1f, 0xff}},
    {4445022u, 0x0cfe6ce6u, 8u, {0x4b, 0x10, 0xc0, 0xc0, 0x88, 0x13, 0x00, 0x29}},
    {4450828u, 0x18f009e6u, 8u, {0x17, 0x7c, 0x60, 0x9f, 0x7b, 0x27, 0x82, 0xff}},
    {4453945u, 0x0cf002e6u, 8u, {0xcd, 0x88, 0x13, 0x00, 0xfc, 0xe1, 0x1f, 0xff}},
    {4454499u, 0x0cf004e6u, 8u, {0xf1, 0x95, 0x95, 0xe5, 0x1f, 0xff, 0xff, 0xff}},
    {4460222u, 0x18f009e6u, 8u, {0x1d, 0x7c, 0x60, 0xa3, 0x7b, 0xbf, 0x82, 0xff}},
    {4464852u, 0x0cf002e6u, 8u, {0xcd, 0x88, 0x13, 0x00, 0xfc, 0xfa, 0x1f, 0xff}},
    {4469022u, 0x0cf003e6u, 8u, {0xf0, 0x4e, 0x1a, 0xff, 0xff, 0xff, 0xff, 0xff}},
    {4471758u, 0x18f009e6u, 8u, {0x25, 0x7c, 0x60, 0x77, 0x7b, 0xdf, 0x7f, 0xff}},
    {4473907u, 0x0cf002e6u, 8u, {0xcd, 0x88, 0x13, 0x00, 0xfc, 0xfa, 0x1f, 0xff}},
    {4474323u, 0x0cf004e6u, 8u, {0xf1, 0x95, 0x95, 0xfc, 0x1f, 0xff, 0xff, 0xff}},
    {4480167u, 0x18f009e6u, 8u, {0x2d, 0x7c, 0x60, 0x43, 0x7b, 0x87, 0x7c, 0xff}},
    {4484535u, 0x0cf002e6u, 8u, {0xcd, 0x88, 0x13, 0x00, 0xfc, 0xf5, 0x1f, 0xff}},
    {4485082u, 0x18f005e6u, 8u, {0x87, 0x5f, 0x06, 0x87, 0x20, 0x41, 0x31, 0x30}},
    {4489559u, 0x18f009e6u, 8u, {0x37, 0x7c, 0x60, 0x37, 0x7b, 0xdf, 0x7b, 0xff}},
    {4493887u, 0x0cf002e6u, 8u, {0xcd, 0x88, 0x13, 0x00, 0xfc, 0xf5, 0x1f, 0xff}},
    {4494331u, 0x0cf004e6u, 8u, {0xf1, 0x95, 0x95, 0xfa, 0x1f, 0xff, 0xff, 0xff}},
    {4494936u, 0x0cfe6ce6u, 8u, {0x4b, 0x10, 0xc0, 0xc0, 0x88, 0x13, 0x00, 0x29}},
    {4500303u, 0x18f009e6u, 8u, {0x3b, 0x7c, 0x60, 0x4f, 0x7b, 0x6f, 0x7d, 0xff}},
    {4501404u, 0x18fef1e6u, 8u, {0xf3, 0x00, 0x29, 0xc0, 0x00, 0xff, 0xe0, 0xff}},
    {4504688u, 0x0cf002e6u, 8u, {0xcd, 0x88, 0x13, 0x00, 0xfc, 0xe4, 0x1f, 0xff}},
    {4505758u, 0x18fef2e6u, 8u, {0x18, 0x01, 0xff, 0xff, 0xff, 0xff, 0xff, 0xff}},
    {4509679u, 0x18f009e6u, 8u, {0x41, 0x7c, 0x60, 0x6f, 0x7b, 0x47, 0x7f, 0xff}},
    {4513962u, 0x0cf002e6u, 8u, {0xcd, 0x88, 0x13, 0x00, 0xfc, 0xe4, 0x1f, 0xff}},
    {4514412u, 0x0cf004e6u, 8u, {0xf1, 0x95, 0x95, 0xf7, 0x1f, 0xff, 0xff, 0xff}},
    {4519100u, 0x0cf003e6u, 8u, {0xf0, 0x4f, 0x1a, 0xff, 0xff, 0xff, 0xff, 0xff}},
    {4520779u, 0x18f001e6u, 8u, {0xcf, 0x00, 0xcf, 0xff, 0xff, 0xff, 0xff, 0xff}},
    {4521326u, 0x18f009e6u, 8u, {0x49, 0x7c, 0x60, 0x87, 0x7b, 0x3f, 0x80, 0xff}},
    {4524456u, 0x0cf002e6u, 8u, {0xcd, 0x88, 0x13, 0x00, 0xfc, 0xf6, 0x1f, 0xff}},
    {4530256u, 0x18f009e6u, 8u, {0x4f, 0x7c, 0x60, 0x97, 0x7b, 0xf7, 0x7e, 0xff}},
    {4533800u, 0x0cf002e6u, 8u, {0xcd, 0x88, 0x13, 0x00, 0xfc, 0xf6, 0x1f, 0xff}},
    {4534348u, 0x0cf004e6u, 8u, {0xf1, 0x95, 0x95, 0xf3, 0x1f, 0xff, 0xff, 0xff}},
    {4540206u, 0x18f009e6u, 8u, {0x57, 0x7c, 0x60, 0x9f, 0x7b, 0x67, 0x7d, 0xff}},
    {4544559u, 0x0cf002e6u, 8u, {0xcd, 0x88, 0x13, 0x00, 0xfc, 0xdb, 0x1f, 0xff}},
    {4545007u, 0x0cfe6ce6u, 8u, {0x4b, 0x10, 0xc0, 0xc0, 0x98, 0x13, 0x19, 0x29}},
    {4550854u, 0x18f009e6u, 8u, {0x5d, 0x7c, 0x60, 0xab, 0x7b, 0xef, 0x7c, 0xff}},
    {4553866u, 0x0cf002e6u, 8u, {0xcd, 0x88, 0x13, 0x00, 0xfc, 0xdb, 0x1f, 0xff}},
    {4554424u, 0x0cf004e6u, 8u, {0xf1, 0x95, 0x95, 0xe4, 0x1f, 0xff, 0xff, 0xff}},
    {4560304u, 0x18f009e6u, 8u, {0x65, 0x7c, 0x60, 0xb3, 0x7b, 0x77, 0x7d, 0xff}},
    {4564560u, 0x0cf002e6u, 8u, {0xcd, 0x88, 0x13, 0x00, 0xfc, 0xef, 0x1f, 0xff}},
    {4569018u, 0x0cf003e6u, 8u, {0xf0, 0x4f, 0x1a, 0xff, 0xff, 0xff, 0xff, 0xff}},
    {4571275u, 0x18f009e6u, 8u, {0x6d, 0x7c, 0x60, 0xaf, 0x7b, 0xb7, 0x7e, 0xff}},
    {4574115u, 0x0cf002e6u, 8u, {0xcd, 0x90, 0x13, 0x00, 0xfc, 0xef, 0x1f, 0xff}},
    {4574726u, 0x0cf004e6u, 8u, {0xf1, 0x95, 0x95, 0xe0, 0x1f, 0xff, 0xff, 0xff}},
    {4580080u, 0x18f009e6u, 8u, {0x75, 0x7c, 0x60, 0x9b, 0x7b, 0x3f, 0x7f, 0xff}},
    {4584434u, 0x0cf002e6u, 8u, {0xcd, 0x90, 0x13, 0x00, 0xfc, 0xe4, 0x1f, 0xff}},
    {4584937u, 0x18f005e6u, 8u, {0x87, 0x5f, 0x06, 0x87, 0x20, 0x41, 0x31, 0x30}},
    {4589671u, 0x18f009e6u, 8u, {0x7d, 0x7c, 0x60, 0x8b, 0x7b, 0x27, 0x80, 0xff}},
    {4593903u, 0x0cf002e6u, 8u, {0xcd, 0x90, 0x13, 0x00, 0xfc, 0xe4, 0x1f, 0xff}},
    {4594452u, 0x0cf004e6u, 8u, {0xf1, 0x95, 0x95, 0xe6, 0x1f, 0xff, 0xff, 0xff}},
    {4595007u, 0x0cfe6ce6u, 8u, {0x4b, 0x10, 0xc0, 0xc0, 0x90, 0x13, 0x00, 0x29}},
    {4600265u, 0x18f009e6u, 8u, {0x87, 0x7c, 0x60, 0x87, 0x7b, 0x07, 0x81, 0xff}},
    {4601480u, 0x18fef1e6u, 8u, {0xf3, 0x00, 0x29, 0xc0, 0x00, 0xff, 0xe0, 0xff}},
    {4604727u, 0x0cf002e6u, 8u, {0xcd, 0x90, 0x13, 0x00, 0xfc, 0xe4, 0x1f, 0xff}},
    {4605854u, 0x18fef2e6u, 8u, {0x1b, 0x01, 0xff, 0xff, 0xff, 0xff, 0xff, 0xff}},
    {4609703u, 0x18f009e6u, 8u, {0x8d, 0x7c, 0x60, 0x9b, 0x7b, 0xe7, 0x80, 0xff}},
    {4613814u, 0x0cf002e6u, 8u, {0xcd, 0x90, 0x13, 0x00, 0xfc, 0xe4, 0x1f, 0xff}},
    {4614331u, 0x0cf004e6u, 8u, {0xf1, 0x95, 0x95, 0xe2, 0x1f, 0xff, 0xff, 0xff}},
    {4619101u, 0x0cf003e6u, 8u, {0xf0, 0x50, 0x1a, 0xff, 0xff, 0xff, 0xff, 0xff}},
    {4620810u, 0x18f001e6u, 8u, {0xcf, 0x00, 0xcf, 0xff, 0xff, 0xff, 0xff, 0xff}},
    {4621357u, 0x18f009e6u, 8u, {0x93, 0x7c, 0x60, 0xaf, 0x7b, 0xbf, 0x80, 0xff}},
    {4624551u, 0x0cf002e6u, 8u, {0xcd, 0x90, 0x13, 0x00, 0xfc, 0x02, 0x20, 0xff}},
    {4629592u, 0x18f009e6u, 8u, {0x99, 0x7c, 0x60, 0xc3, 0x7b, 0x67, 0x80, 0xff}},
    {4633893u, 0x0cf002e6u, 8u, {0xcd, 0x90, 0x13, 0x00, 0xfc, 0x02, 0x20, 0xff}},
    {4634456u, 0x0cf004e6u, 8u, {0xf1, 0x95, 0x95, 0xf8, 0x1f, 0xff, 0xff, 0xff}},
    {4640259u, 0x18f009e6u, 8u, {0x9f, 0x7c, 0x60, 0xcb, 0x7b, 0x57, 0x7e, 0xff}},
    {4644532u, 0x0cf002e6u, 8u, {0xcd, 0x90, 0x13, 0x00, 0xfc, 0xee, 0x1f, 0xff}},
    {4645063u, 0x0cfe6ce6u, 8u, {0x4b, 0x10, 0xc0, 0xc0, 0x90, 0x13, 0x00, 0x29}},
    {4650869u, 0x18f009e6u, 8u, {0xa7, 0x7c, 0x60, 0xbf, 0x7b, 0x67, 0x7b, 0xff}},
    {4653828u, 0x0cf002e6u, 8u, {0xcd, 0x90, 0x13, 0x00, 0xfc, 0xee, 0x1f, 0xff}},
    {4654435u, 0x0cf004e6u, 8u, {0xf1, 0x95, 0x95, 0x01, 0x20, 0xff, 0xff, 0xff}},
    {4660280u, 0x18f009e6u, 8u, {0xad, 0x7c, 0x60, 0xaf, 0x7b, 0xef, 0x79, 0xff}},
    {4664739u, 0x0cf002e6u, 8u, {0xcd, 0x90, 0x13, 0x00, 0xfc, 0x21, 0x20, 0xff}},
    {4669074u, 0x0cf003e6u, 8u, {0xf0, 0x50, 0x1a, 0xff, 0xff, 0xff, 0xff, 0xff}},
    {4671945u, 0x18f009e6u, 8u, {0xb3, 0x7c, 0x60, 0xb3, 0x7b, 0xa7, 0x7a, 0xff}},
    {4673705u, 0x0cf002e6u, 8u, {0xcd, 0x90, 0x13, 0x00, 0xfc, 0x21, 0x20, 0xff}},
    {4674384u, 0x0cf004e6u, 8u, {0xf1, 0x95, 0x95, 0x11, 0x20, 0xff, 0xff, 0xff}},
    {4680229u, 0x18f009e6u, 8u, {0xb9, 0x7c, 0x60, 0xd3, 0x7b, 0xef, 0x7c, 0xff}},
    {4684490u, 0x0cf002e6u, 8u, {0xcd, 0x90, 0x13, 0x00, 0xfc, 0x03, 0x20, 0xff}},
    {4685034u, 0x18f005e6u, 8u, {0x87, 0x5f, 0x06, 0x87, 0x20, 0x41, 0x31, 0x30}},
    {4689554u, 0x18f009e6u, 8u, {0xc1, 0x7c, 0x60, 0xeb, 0x7b, 0x1f, 0x7f, 0xff}},
    {4693932u, 0x0cf002e6u, 8u, {0xcd, 0x90, 0x13, 0x00, 0xfc, 0x03, 0x20, 0xff}},
    {4694489u, 0x0cf004e6u, 8u, {0xf1, 0x95, 0x95, 0x29, 0x20, 0xff, 0xff, 0xff}},
    {4695039u, 0x0cfe6ce6u, 8u, {0x4b, 0x10, 0xc0, 0xc0, 0x90, 0x13, 0x19, 0x29}},
    {4700309u, 0x18f009e6u, 8u, {0xc9, 0x7c, 0x60, 0xff, 0x7b, 0x5f, 0x7f, 0xff}},
    {4701429u, 0x18fef1e6u, 8u, {0xf3, 0x00, 0x29, 0xc0, 0x00, 0xff, 0xe0, 0xff}},
    {4704840u, 0x0cf002e6u, 8u, {0xcd, 0x90, 0x13, 0x00, 0xfc, 0x1f, 0x20, 0xff}},
    {4706017u, 0x18fef2e6u, 8u, {0x20, 0x01, 0xff, 0xff, 0xff, 0xff, 0xff, 0xff}},
    {4709717u, 0x18f009e6u, 8u, {0xd1, 0x7c, 0x60, 0x0b, 0x7c, 0xef, 0x7d, 0xff}},
    {4713716u, 0x0cf002e6u, 8u, {0xcd, 0x90, 0x13, 0x00, 0xfc, 0x1f, 0x20, 0xff}},
    {4714313u, 0x0cf004e6u, 8u, {0xf1, 0x95, 0x95, 0x1d, 0x20, 0xff, 0xff, 0xff}},
    {4719116u, 0x0cf003e6u, 8u, {0xf0, 0x51, 0x1a, 0xff, 0xff, 0xff, 0xff, 0xff}},
    {4720989u, 0x18f001e6u, 8u, {0xcf, 0x00, 0xcf, 0xff, 0xff, 0xff, 0xff, 0xff}},
    {4721538u, 0x18f009e6u, 8u, {0xd9, 0x7c, 0x60, 0xf7, 0x7b, 0x97, 0x7b, 0xff}},
    {4724573u, 0x0cf002e6u, 8u, {0xcd, 0x90, 0x13, 0x00, 0xfc, 0x20, 0x20, 0xff}},
    {4730162u, 0x18f009e6u, 8u, {0xe1, 0x7c, 0x60, 0xd3, 0x7b, 0x9f, 0x79, 0xff}},
    {4733943u, 0x0cf002e6u, 8u, {0xcd, 0x90, 0x13, 0x00, 0xfc, 0x20, 0x20, 0xff}},
    {4734529u, 0x0cf004e6u, 8u, {0xf1, 0x95, 0x95, 0x12, 0x20, 0xff, 0xff, 0xff}},
    {4740543u, 0x18f009e6u, 8u, {0xe5, 0x7c, 0x60, 0xb7, 0x7b, 0xcf, 0x7a, 0xff}},
    {4744491u, 0x0cf002e6u, 8u, {0xcd, 0x90, 0x13, 0x00, 0xfc, 0x03, 0x20, 0xff}},
    {4745074u, 0x0cfe6ce6u, 8u, {0x4b, 0x10, 0xc0, 0xc0, 0xa0, 0x13, 0x33, 0x29}},
    {4750877u, 0x18f009e6u, 8u, {0xeb, 0x7c, 0x60, 0xb7, 0x7b, 0x3f, 0x7d, 0xff}},
    {4753851u, 0x0cf002e6u, 8u, {0xcd, 0x90, 0x13, 0x00, 0xfc, 0x03, 0x20, 0xff}},
    {4754397u, 0x0cf004e6u, 8u, {0xf1, 0x95, 0x95, 0x16, 0x20, 0xff, 0xff, 0xff}},
    {4760280u, 0x18f009e6u, 8u, {0xef, 0x7c, 0x60, 0xd3, 0x7b, 0x87, 0x7f, 0xff}},
    {4764668u, 0x0cf002e6u, 8u, {0xcd, 0x90, 0x13, 0x00, 0xfc, 0x13, 0x20, 0xff}},
    {4768990u, 0x0cf003e6u, 8u, {0xf0, 0x51, 0x1b, 0xff, 0xff, 0xff, 0xff, 0xff}},
    {4771296u, 0x18f009e6u, 8u, {0xf5, 0x7c, 0x60, 0xff, 0x7b, 0x07, 0x80, 0xff}},
    {4773869u, 0x0cf002e6u, 8u, {0xcd, 0xb0, 0x13, 0x00, 0xfc, 0x13, 0x20, 0xff}},
    {4774415u, 0x0cf004e6u, 8u, {0xf1, 0x96, 0x96, 0x01, 0x20, 0xff, 0xff, 0xff}},
    {4780229u, 0x18f009e6u, 8u, {0xfb, 0x7c, 0x60, 0x2b, 0x7c, 0x97, 0x7f, 0xff}},
    {4784484u, 0x0cf002e6u, 8u, {0xcd, 0xb0, 0x13, 0x00, 0xfc, 0x11, 0x20, 0xff}},
    {4785092u, 0x18f005e6u, 8u, {0x87, 0x5f, 0x06, 0x87, 0x20, 0x41, 0x31, 0x30}},
    {4789649u, 0x18f009e6u, 8u, {0x01, 0x7d, 0x60, 0x37, 0x7c, 0xbf, 0x7f, 0xff}},
    {4793813u, 0x0cf002e6u, 8u, {0xcd, 0xb0, 0x13, 0x00, 0xfc, 0x11, 0x20, 0xff}},
    {4794421u, 0x0cf004e6u, 8u, {0xf1, 0x96, 0x96, 0x09, 0x20, 0xff, 0xff, 0xff}},
    {4794972u, 0x0cfe6ce6u, 8u, {0x4b, 0x10, 0xc0, 0xc0, 0xb0, 0x13, 0x4c, 0x29}},
    {4800319u, 0x18f009e6u, 8u, {0x07, 0x7d, 0x60, 0x13, 0x7c, 0x1f, 0x80, 0xff}},
    {4801541u, 0x18fef1e6u, 8u, {0xf3, 0x19, 0x29, 0xc0, 0x00, 0xff, 0xe0, 0xff}},
    {4804707u, 0x0cf002e6u, 8u, {0xcd, 0xb0, 0x13, 0x00, 0xfc, 0x24, 0x20, 0xff}},
    {4805851u, 0x18fef2e6u, 8u, {0x22, 0x01, 0xff, 0xff, 0xff, 0xff, 0xff, 0xff}},
    {4809699u, 0x18f009e6u, 8u, {0x0b, 0x7d, 0x60, 0xd3, 0x7b, 0xbf, 0x7f, 0xff}},
    {4813939u, 0x0cf002e6u, 8u, {0xcd, 0xb0, 0x13, 0x00, 0xfc, 0x24, 0x20, 0xff}},
    {4814531u, 0x0cf004e6u, 8u, {0xf1, 0x95, 0x95, 0x1c, 0x20, 0xff, 0xff, 0xff}},
    {4819051u, 0x0cf003e6u, 8u, {0xf0, 0x50, 0x1a, 0xff, 0xff, 0xff, 0xff, 0xff}},
    {4820772u, 0x18f001e6u, 8u, {0xcf, 0x00, 0xcf, 0xff, 0xff, 0xff, 0xff, 0xff}},
    {4821329u, 0x18f009e6u, 8u, {0x0d, 0x7d, 0x60, 0xb7, 0x7b, 0x67, 0x7e, 0xff}},
    {4824573u, 0x0cf002e6u, 8u, {0xcd, 0xb0, 0x13, 0x00, 0xfc, 0x1e, 0x20, 0xff}},
    {4829638u, 0x18f009e6u, 8u, {0x11, 0x7d, 0x60, 0xeb, 0x7b, 0xa7, 0x7b, 0xff}},
    {4833780u, 0x0cf002e6u, 8u, {0xcd, 0xb0, 0x13, 0x00, 0xfc, 0x1e, 0x20, 0xff}},
    {4834344u, 0x0cf004e6u, 8u, {0xf1, 0x95, 0x95, 0x2b, 0x20, 0xff, 0xff, 0xff}},
    {4840301u, 0x18f009e6u, 8u, {0x15, 0x7d, 0x60, 0x53, 0x7c, 0x8f, 0x79, 0xff}},
    {4844704u, 0x0cf002e6u, 8u, {0xcd, 0xb0, 0x13, 0x00, 0xfc, 0x46, 0x20, 0xff}},
    {4845235u, 0x0cfe6ce6u, 8u, {0x4b, 0x10, 0xc0, 0xc0, 0xa8, 0x13, 0x4c, 0x29}},
    {4850791u, 0x18f009e6u, 8u, {0x15, 0x7d, 0x60, 0xa7, 0x7c, 0xc7, 0x78, 0xff}},
    {4853937u, 0x0cf002e6u, 8u, {0xcd, 0xb0, 0x13, 0x00, 0xfc, 0x46, 0x20, 0xff}},
    {4854488u, 0x0cf004e6u, 8u, {0xf1, 0x95, 0x95, 0x26, 0x20, 0xff, 0xff, 0xff}},
    {4860225u, 0x18f009e6u, 8u, {0x1b, 0x7d, 0x60, 0xa7, 0x7c, 0x87, 0x7b, 0xff}},
    {4864638u, 0x0cf002e6u, 8u, {0xcd, 0xb0, 0x13, 0x00, 0xfc, 0x34, 0x20, 0xff}},
    {4869031u, 0x0cf003e6u, 8u, {0xf0, 0x52, 0x1a, 0xff, 0xff, 0xff, 0xff, 0xff}},
    {4871305u, 0x18f009e6u, 8u, {0x21, 0x7d, 0x60, 0x5f, 0x7c, 0x0f, 0x80, 0xff}},
    {4873894u, 0x0cf002e6u, 8u, {0xcd, 0xa8, 0x13, 0x00, 0xfc, 0x34, 0x20, 0xff}},
    {4874465u, 0x0cf004e6u, 8u, {0xf1, 0x95, 0x95, 0x40, 0x20, 0xff, 0xff, 0xff}},
    {4880257u, 0x18f009e6u, 8u, {0x23, 0x7d, 0x60, 0x03, 0x7c, 0x9f, 0x82, 0xff}},
    {4884548u, 0x0cf002e6u, 8u, {0xcd, 0xa8, 0x13, 0x00, 0xfc, 0x3b, 0x20, 0xff}},
    {4885103u, 0x18f005e6u, 8u, {0x87, 0x5f, 0x06, 0x87, 0x20, 0x41, 0x31, 0x30}},
    {4889710u, 0x18f009e6u, 8u, {0x27, 0x7d, 0x60, 0xc3, 0x7b, 0xbf, 0x81, 0xff}},
    {4893833u, 0x0cf002e6u, 8u, {0xcd, 0xa8, 0x13, 0x00, 0xfc, 0x3b, 0x20, 0xff}},
    {4894396u, 0x0cf004e6u, 8u, {0xf1, 0x95, 0x95, 0x4a, 0x20, 0xff, 0xff, 0xff}},
    {4894973u, 0x0cfe6ce6u, 8u, {0x4b, 0x10, 0xc0, 0xc0, 0xa8, 0x13, 0x4c, 0x29}},
    {4900219u, 0x18f009e6u, 8u, {0x29, 0x7d, 0x60, 0xdb, 0x7b, 0x17, 0x7f, 0xff}},
    {4901440u, 0x18fef1e6u, 8u, {0xf3, 0x4c, 0x29, 0xc0, 0x00, 0xff, 0xe0, 0xff}},
    {4904742u, 0x0cf002e6u, 8u, {0xcd, 0xa8, 0x13, 0x00, 0xfc, 0x78, 0x20, 0xff}},
    {4905887u, 0x18fef2e6u, 8u, {0x24, 0x01, 0xff, 0xff, 0xff, 0xff, 0xff, 0xff}},
    {4910294u, 0x18f009e6u, 8u, {0x2d, 0x7d, 0x60, 0x3b, 0x7c, 0x1f, 0x7c, 0xff}},
    {4913833u, 0x0cf002e6u, 8u, {0xcd, 0xa8, 0x13, 0x00, 0xfc, 0x78, 0x20, 0xff}},
    {4914393u, 0x0cf004e6u, 8u, {0xf1, 0x95, 0x95, 0x58, 0x20, 0xff, 0xff, 0xff}},
    {4919143u, 0x0cf003e6u, 8u, {0xf0, 0x52, 0x1a, 0xff, 0xff, 0xff, 0xff, 0xff}},
    {4920875u, 0x18f001e6u, 8u, {0xcf, 0x00, 0xcf, 0xff, 0xff, 0xff, 0xff, 0xff}},
    {4921401u, 0x18f009e6u, 8u, {0x2f, 0x7d, 0x60, 0x9b, 0x7c, 0x1f, 0x79, 0xff}},
    {4924654u, 0x0cf002e6u, 8u, {0xcd, 0xa8, 0x13, 0x00, 0xfc, 0x56, 0x20, 0xff}},
    {4930201u, 0x18f009e6u, 8u, {0x35, 0x7d, 0x60, 0xc7, 0x7c, 0x97, 0x76, 0xff}},
    {4933825u, 0x0cf002e6u, 8u, {0xcd, 0xa8, 0x13, 0x00, 0xfc, 0x56, 0x20, 0xff}},
    {4934406u, 0x0cf004e6u, 8u, {0xf1, 0x95, 0x95, 0x70, 0x20, 0xff, 0xff, 0xff}},
    {4940238u, 0x18f009e6u, 8u, {0x37, 0x7d, 0x60, 0xb3, 0x7c, 0xef, 0x75, 0xff}},
    {4944528u, 0x0cf002e6u, 8u, {0xcd, 0xa8, 0x13, 0x00, 0xfc, 0x5f, 0x20, 0xff}},
    {4945096u, 0x0cfe6ce6u, 8u, {0x4b, 0x10, 0xc0, 0xc0, 0xc0, 0x13, 0x80, 0x29}},
    {4950985u, 0x18f009e6u, 8u, {0x3d, 0x7d, 0x60, 0x8f, 0x7c, 0x7f, 0x76, 0xff}},
    {4953994u, 0x0cf002e6u, 8u, {0xcd, 0xa8, 0x13, 0x00, 0xfc, 0x5f, 0x20, 0xff}},
    {4954553u, 0x0cf004e6u, 8u, {0xf1, 0x95, 0x95, 0x6a, 0x20, 0xff, 0xff, 0xff}},
    {4960351u, 0x18f009e6u, 8u, {0x41, 0x7d, 0x60, 0x83, 0x7c, 0x37, 0x79, 0xff}},
    {4964744u, 0x0cf002e6u, 8u, {0xcd, 0xa8, 0x13, 0x00, 0xfc, 0x50, 0x20, 0xff}},
    {4968930u, 0x0cf003e6u, 8u, {0xf0, 0x52, 0x1a, 0xff, 0xff, 0xff, 0xff, 0xff}},
    {4971827u, 0x18f009e6u, 8u, {0x45, 0x7d, 0x60, 0x83, 0x7c, 0xf7, 0x7e, 0xff}},
    {4973837u, 0x0cf002e6u, 8u, {0xcd, 0xd8, 0x13, 0x00, 0xfc, 0x50, 0x20, 0xff}},
    {4974351u, 0x0cf004e6u, 8u, {0xf1, 0x96, 0x96, 0x4b, 0x20, 0xff, 0xff, 0xff}},
    {4980273u, 0x18f009e6u, 8u, {0x47, 0x7d, 0x60, 0x87, 0x7c, 0x27, 0x85, 0xff}},
    {4984560u, 0x0cf002e6u, 8u, {0xcd, 0xd8, 0x13, 0x00, 0xfc, 0x37, 0x20, 0xff}},
    {4985147u, 0x18f005e6u, 8u, {0x87, 0x5f, 0x06, 0x87, 0x20, 0x41, 0x31, 0x30}},
    {4989532u, 0x18f009e6u, 8u, {0x4b, 0x7d, 0x60, 0x7f, 0x7c, 0xb7, 0x86, 0xff}},
    {4993907u, 0x0cf002e6u, 8u, {0xcd, 0xd8, 0x13, 0x00, 0xfc, 0x37, 0x20, 0xff}},
    {4994668u, 0x0cf004e6u, 8u, {0xf1, 0x96, 0x96, 0x48, 0x20, 0xff, 0xff, 0xff}},
    {4995220u, 0x0cfe6ce6u, 8u, {0x4b, 0x10, 0xc0, 0xc0, 0xd8, 0x13, 0x99, 0x29}},
    {5000254u, 0x18f009e6u, 8u, {0x4d, 0x7d, 0x60, 0x67, 0x7c, 0x9f, 0x84, 0xff}},
    {5001689u, 0x18fef1e6u, 8u, {0xf3, 0x4c, 0x29, 0xc0, 0x00, 0xff, 0xe0, 0xff}},
    {5004945u, 0x0cf002e6u, 8u, {0xcd, 0xd8, 0x13, 0x00, 0xfc, 0x3c, 0x20, 0xff}},
    {5006134u, 0x18fef2e6u, 8u, {0x25, 0x01, 0xff, 0xff, 0xff, 0xff, 0xff, 0xff}},
    {5009864u, 0x18f009e6u, 8u, {0x4f, 0x7d, 0x60, 0x5b, 0x7c, 0xf7, 0x81, 0xff}},
    {5013723u, 0x0cf002e6u, 8u, {0xcd, 0xd8, 0x13, 0x00, 0xfc, 0x3c, 0x20, 0xff}},
    {5014357u, 0x0cf004e6u, 8u, {0xf1, 0x96, 0x96, 0x34, 0x20, 0xff, 0xff, 0xff}},
    {5019180u, 0x0cf003e6u, 8u, {0xf0, 0x52, 0x1a, 0xff, 0xff, 0xff, 0xff, 0xff}},
    {5020987u, 0x18f001e6u, 8u, {0xcf, 0x00, 0xcf, 0xff, 0xff, 0xff, 0xff, 0xff}},
    {5021504u, 0x18f009e6u, 8u, {0x4f, 0x7d, 0x60, 0x83, 0x7c, 0x1f, 0x80, 0xff}},
    {5024750u, 0x0cf002e6u, 8u, {0xcd, 0xd8, 0x13, 0x00, 0xfc, 0x49, 0x20, 0xff}},
    {5029714u, 0x18f009e6u, 8u, {0x53, 0x7d, 0x60, 0xc3, 0x7c, 0x6f, 0x7f, 0xff}},
    {5033791u, 0x0cf002e6u, 8u, {0xcd, 0xd8, 0x13, 0x00, 0xfc, 0x49, 0x20, 0xff}},
    {5034523u, 0x0cf004e6u, 8u, {0xf1, 0x96, 0x96, 0x39, 0x20, 0xff, 0xff, 0xff}},
    {5040484u, 0x18f009e6u, 8u, {0x55, 0x7d, 0x60, 0xf3, 0x7c, 0x07, 0x7e, 0xff}},
    {5044745u, 0x0cf002e6u, 8u, {0xcd, 0xd8, 0x13, 0x00, 0xfc, 0x61, 0x20, 0xff}},
    {5045404u, 0x0cfe6ce6u, 8u, {0x4b, 0x10, 0xc0, 0xc0, 0xd0, 0x13, 0x99, 0x29}},
    {5051151u, 0x18f009e6u, 8u, {0x59, 0x7d, 0x60, 0xfb, 0x7c, 0x47, 0x7d, 0xff}},
    {5053938u, 0x0cf002e6u, 8u, {0xcd, 0xd8, 0x13, 0x00, 0xfc, 0x61, 0x20, 0xff}},
    {5054672u, 0x0cf004e6u, 8u, {0xf1, 0x96, 0x96, 0x44, 0x20, 0xff, 0xff, 0xff}},
    {5060383u, 0x18f009e6u, 8u, {0x5b, 0x7d, 0x60, 0xd7, 0x7c, 0xc7, 0x7d, 0xff}},
    {5064832u, 0x0cf002e6u, 8u, {0xcd, 0xd8, 0x13, 0x00, 0xfc, 0x43, 0x20, 0xff}},
    {5069063u, 0x0cf003e6u, 8u, {0xf0, 0x50, 0x1a, 0xff, 0xff, 0xff, 0xff, 0xff}},
    {5071467u, 0x18f009e6u, 8u, {0x5f, 0x7d, 0x60, 0xab, 0x7c, 0x97, 0x7e, 0xff}},
    {5073723u, 0x0cf002e6u, 8u, {0xcd, 0xc8, 0x13, 0x00, 0xfc, 0x43, 0x20, 0xff}},
    {5074494u, 0x0cf004e6u, 8u, {0xf1, 0x96, 0x96, 0x56, 0x20, 0xff, 0xff, 0xff}},
    {5080483u, 0x18f009e6u, 8u, {0x61, 0x7d, 0x60, 0x9f, 0x7c, 0x7f, 0x7f, 0xff}},
    {5084758u, 0x0cf002e6u, 8u, {0xcd, 0xc8, 0x13, 0x00, 0xfc, 0x70, 0x20, 0xff}},
    {5085144u, 0x18f005e6u, 8u, {0x87, 0x5f, 0x06, 0x87, 0x20, 0x41, 0x31, 0x30}},
    {5089759u, 0x18f009e6u, 8u, {0x63, 0x7d, 0x60, 0xcb, 0x7c, 0xef, 0x7e, 0xff}},
    {5093891u, 0x0cf002e6u, 8u, {0xcd, 0xc8, 0x13, 0x00, 0xfc, 0x70, 0x20, 0xff}},
    {5094579u, 0x0cf004e6u, 8u, {0xf1, 0x96, 0x96, 0x5d, 0x20, 0xff, 0xff, 0xff}},
    {5095131u, 0x0cfe6ce6u, 8u, {0x4b, 0x10, 0xc0, 0xc0, 0xc8, 0x13, 0x80, 0x29}},
    {5100674u, 0x18f009e6u, 8u, {0x65, 0x7d, 0x60, 0xff, 0x7c, 0x47, 0x7d, 0xff}},
    {5101635u, 0x18fef1e6u, 8u, {0xf3, 0x99, 0x29, 0xc0, 0x00, 0xff, 0xe0, 0xff}},
    {5104650u, 0x0cf002e6u, 8u, {0xcd, 0xc8, 0x13, 0x00, 0xfc, 0x84, 0x20, 0xff}},
    {5106044u, 0x18fef2e6u, 8u, {0x26, 0x01, 0xff, 0xff, 0xff, 0xff, 0xff, 0xff}},
    {5109869u, 0x18f009e6u, 8u, {0x69, 0x7d, 0x60, 0x1b, 0x7d, 0x07, 0x7d, 0xff}},
    {5114088u, 0x0cf002e6u, 8u, {0xcd, 0xc8, 0x13, 0x00, 0xfc, 0x84, 0x20, 0xff}},
    {5114842u, 0x0cf004e6u, 8u, {0xf1, 0x96, 0x96, 0x70, 0x20, 0xff, 0xff, 0xff}},
    {5119008u, 0x0cf003e6u, 8u, {0xf0, 0x54, 0x1a, 0xff, 0xff, 0xff, 0xff, 0xff}},
    {5120655u, 0x18f001e6u, 8u, {0xcf, 0x00, 0xcf, 0xff, 0xff, 0xff, 0xff, 0xff}},
    {5121419u, 0x18f009e6u, 8u, {0x69, 0x7d, 0x60, 0x17, 0x7d, 0x0f, 0x7f, 0xff}},
    {5124589u, 0x0cf002e6u, 8u, {0xcd, 0xc8, 0x13, 0x00, 0xfc, 0x78, 0x20, 0xff}},
    {5130833u, 0x18f009e6u, 8u, {0x69, 0x7d, 0x60, 0xf3, 0x7c, 0x4f, 0x82, 0xff}},
    {5133840u, 0x0cf002e6u, 8u, {0xcd, 0xc8, 0x13, 0x00, 0xfc, 0x78, 0x20, 0xff}},
    {5134572u, 0x0cf004e6u, 8u, {0xf1, 0x96, 0x96, 0x87, 0x20, 0xff, 0xff, 0xff}},
    {5140474u, 0x18f009e6u, 8u, {0x6b, 0x7d, 0x60, 0xdb, 0x7c, 0x3f, 0x83, 0xff}},
    {5144596u, 0x0cf002e6u, 8u, {0xcd, 0xc8, 0x13, 0x00, 0xfc, 0x9b, 0x20, 0xff}},
    {5145284u, 0x0cfe6ce6u, 8u, {0x4b, 0x10, 0xc0, 0xc0, 0xd8, 0x13, 0x99, 0x29}},
    {5151160u, 0x18f009e6u, 8u, {0x6d, 0x7d, 0x60, 0xe3, 0x7c, 0xff, 0x7f, 0xff}},
    {5153910u, 0x0cf002e6u, 8u, {0xcd, 0xc8, 0x13, 0x00, 0xfc, 0x9b, 0x20, 0xff}},
    {5154604u, 0x0cf004e6u, 8u, {0xf1, 0x96, 0x96, 0x97, 0x20, 0xff, 0xff, 0xff}},
    {5160656u, 0x18f009e6u, 8u, {0x6f, 0x7d, 0x60, 0x0f, 0x7d, 0x6f, 0x7a, 0xff}},
    {5164743u, 0x0cf002e6u, 8u, {0xcd, 0xc8, 0x13, 0x00, 0xfc, 0x92, 0x20, 0xff}},
    {5169077u, 0x0cf003e6u, 8u, {0xf0, 0x58, 0x1a, 0xff, 0xff, 0xff, 0xff, 0xff}},
    {5172152u, 0x18f009e6u, 8u, {0x6f, 0x7d, 0x60, 0x2b, 0x7d, 0x07, 0x79, 0xff}},
    {5173782u, 0x0cf002e6u, 8u, {0xcd, 0xe8, 0x13, 0x00, 0xfc, 0x92, 0x20, 0xff}},
    {5174411u, 0x0cf004e6u, 8u, {0xf1, 0x96, 0x96, 0x9e, 0x20, 0xff, 0xff, 0xff}},
    {5180473u, 0x18f009e6u, 8u, {0x71, 0x7d, 0x60, 0x2b, 0x7d, 0xbf, 0x7d, 0xff}},
    {5184748u, 0x0cf002e6u, 8u, {0xcd, 0xe8, 0x13, 0x00, 0xfc, 0x7b, 0x20, 0xff}},
    {5185154u, 0x18f005e6u, 8u, {0x87, 0x5f, 0x06, 0x87, 0x20, 0x41, 0x31, 0x30}},
    {5189777u, 0x18f009e6u, 8u, {0x71, 0x7d, 0x60, 0x1b, 0x7d, 0xa7, 0x84, 0xff}},
    {5193954u, 0x0cf002e6u, 8u, {0xcd, 0xe8, 0x13, 0x00, 0xfc, 0x7b, 0x20, 0xff}},
    {5194697u, 0x0cf004e6u, 8u, {0xf1, 0x96, 0x96, 0x7c, 0x20, 0xff, 0xff, 0xff}},
    {5195311u, 0x0cfe6ce6u, 8u, {0x4b, 0x10, 0xc0, 0xc0, 0xe8, 0x13, 0xcc, 0x29}},
    {5200476u, 0x18f009e6u, 8u, {0x71, 0x7d, 0x60, 0x13, 0x7d, 0xcf, 0x88, 0xff}},
    {5201293u, 0x18fef1e6u, 8u, {0xf3, 0x80, 0x29, 0xc0, 0x00, 0xff, 0xe0, 0xff}},
    {5204774u, 0x0cf002e6u, 8u, {0xcd, 0xe8, 0x13, 0x00, 0xfc, 0x74, 0x20, 0xff}},
    {5206188u, 0x18fef2e6u, 8u, {0x2a, 0x01, 0xff, 0xff, 0xff, 0xff, 0xff, 0xff}},
    {5209824u, 0x18f009e6u, 8u, {0x71, 0x7d, 0x60, 0x17, 0x7d, 0xaf, 0x87, 0xff}},
    {5213777u, 0x0cf002e6u, 8u, {0xcd, 0xe8, 0x13, 0x00, 0xfc, 0x74, 0x20, 0xff}},
    {5214473u, 0x0cf004e6u, 8u, {0xf1, 0x97, 0x97, 0x6d, 0x20, 0xff, 0xff, 0xff}},
    {5219138u, 0x0cf003e6u, 8u, {0xf0, 0x58, 0x1b, 0xff, 0xff, 0xff, 0xff, 0xff}},
    {5220958u, 0x18f001e6u, 8u, {0xcf, 0x00, 0xcf, 0xff, 0xff, 0xff, 0xff, 0xff}},
    {5221455u, 0x18f009e6u, 8u, {0x71, 0x7d, 0x60, 0x2b, 0x7d, 0xaf, 0x83, 0xff}},
    {5224739u, 0x0cf002e6u, 8u, {0xcd, 0xe8, 0x13, 0x00, 0xfc, 0x6a, 0x20, 0xff}},
    {5229805u, 0x18f009e6u, 8u, {0x71, 0x7d, 0x60, 0x43, 0x7d, 0x87, 0x80, 0xff}},
    {5233881u, 0x0cf002e6u, 8u, {0xcd, 0xe8, 0x13, 0x00, 0xfc, 0x6a, 0x20, 0xff}},
    {5234614u, 0x0cf004e6u, 8u, {0xf1, 0x97, 0x97, 0x5f, 0x20, 0xff, 0xff, 0xff}},
    {5240947u, 0x18f009e6u, 8u, {0x71, 0x7d, 0x60, 0x4f, 0x7d, 0x77, 0x7e, 0xff}},
    {5244477u, 0x0cf002e6u, 8u, {0xcd, 0xe8, 0x13, 0x00, 0xfc, 0x7b, 0x20, 0xff}},
    {5245162u, 0x0cfe6ce6u, 8u, {0x4b, 0x10, 0xc0, 0xc0, 0xf8, 0x13, 0xe6, 0x29}},
    {5251161u, 0x18f009e6u, 8u, {0x71, 0x7d, 0x60, 0x4b, 0x7d, 0x37, 0x7c, 0xff}},
    {5253906u, 0x0cf002e6u, 8u, {0xcd, 0xe8, 0x13, 0x00, 0xfc, 0x7b, 0x20, 0xff}},
    {5254598u, 0x0cf004e6u, 8u, {0xf1, 0x97, 0x97, 0x71, 0x20, 0xff, 0xff, 0xff}},
    {5260461u, 0x18f009e6u, 8u, {0x71, 0x7d, 0x60, 0x3b, 0x7d, 0x6f, 0x7b, 0xff}},
    {5264983u, 0x0cf002e6u, 8u, {0xcd, 0xe8, 0x13, 0x00, 0xfc, 0x7c, 0x20, 0xff}},
    {5269061u, 0x0cf003e6u, 8u, {0xf0, 0x58, 0x1b, 0xff, 0xff, 0xff, 0xff, 0xff}},
    {5271429u, 0x18f009e6u, 8u, {0x71, 0x7d, 0x60, 0x2b, 0x7d, 0xaf, 0x7e, 0xff}},
    {5273745u, 0x0cf002e6u, 8u, {0xcd, 0xe0, 0x13, 0x00, 0xfc, 0x7c, 0x20, 0xff}},
    {5274266u, 0x0cf004e6u, 8u, {0xf1, 0x97, 0x97, 0x83, 0x20, 0xff, 0xff, 0xff}},
    {5280481u, 0x18f009e6u, 8u, {0x71, 0x7d, 0x60, 0x23, 0x7d, 0x87, 0x82, 0xff}},
    {5284493u, 0x0cf002e6u, 8u, {0xcd, 0xe0, 0x13, 0x00, 0xfc, 0x99, 0x20, 0xff}},
    {5285187u, 0x18f005e6u, 8u, {0x87, 0x5f, 0x06, 0x87, 0x20, 0x41, 0x31, 0x30}},
    {5289748u, 0x18f009e6u, 8u, {0x71, 0x7d, 0x60, 0x2b, 0x7d, 0x2f, 0x82, 0xff}},
    {5293910u, 0x0cf002e6u, 8u, {0xcd, 0xe0, 0x13, 0x00, 0xfc, 0x99, 0x20, 0xff}},
    {5294596u, 0x0cf004e6u, 8u, {0xf1, 0x97, 0x97, 0x92, 0x20, 0xff, 0xff, 0xff}},
    {5295256u, 0x0cfe6ce6u, 8u, {0x4b, 0x10, 0xc0, 0xc0, 0xe0, 0x13, 0xb3, 0x29}},
    {5300341u, 0x18f009e6u, 8u, {0x71, 0x7d, 0x60, 0x3f, 0x7d, 0x37, 0x7e, 0xff}},
    {5301555u, 0x18fef1e6u, 8u, {0xf3, 0xcc, 0x29, 0xc0, 0x00, 0xff, 0xe0, 0xff}},
    {5304917u, 0x0cf002e6u, 8u, {0xcd, 0xe0, 0x13, 0x00, 0xfc, 0x87, 0x20, 0xff}},
    {5305981u, 0x18fef2e6u, 8u, {0x33, 0x01, 0xff, 0xff, 0xff, 0xff, 0xff, 0xff}},
    {5309751u, 0x18f009e6u, 8u, {0x71, 0x7d, 0x60, 0x4b, 0x7d, 0xaf, 0x7a, 0xff}},
    {5313820u, 0x0cf002e6u, 8u, {0xcd, 0xe0, 0x13, 0x00, 0xfc, 0x87, 0x20, 0xff}},
    {5314498u, 0x0cf004e6u, 8u, {0xf1, 0x97, 0x97, 0x9c, 0x20, 0xff, 0xff, 0xff}},
    {5319109u, 0x0cf003e6u, 8u, {0xf0, 0x58, 0x1c, 0xff, 0xff, 0xff, 0xff, 0xff}},
    {5321037u, 0x18f001e6u, 8u, {0xcf, 0x00, 0xcf, 0xff, 0xff, 0xff, 0xff, 0xff}},
    {5321525u, 0x18f009e6u, 8u, {0x71, 0x7d, 0x60, 0x4f, 0x7d, 0x1f, 0x7c, 0xff}},
    {5324607u, 0x0cf002e6u, 8u, {0xcd, 0xe0, 0x13, 0x00, 0xfc, 0xa4, 0x20, 0xff}},
    {5330411u, 0x18f009e6u, 8u, {0x71, 0x7d, 0x60, 0x4b, 0x7d, 0xb7, 0x81, 0xff}},
    {5334008u, 0x0cf002e6u, 8u, {0xcd, 0xe0, 0x13, 0x00, 0xfc, 0xa4, 0x20, 0xff}},
    {5334683u, 0x0cf004e6u, 8u, {0xf1, 0x97, 0x97, 0x9c, 0x20, 0xff, 0xff, 0xff}},
    {5340600u, 0x18f009e6u, 8u, {0x71, 0x7d, 0x60, 0x43, 0x7d, 0x1f, 0x86, 0xff}},
    {5344667u, 0x0cf002e6u, 8u, {0xcd, 0xe0, 0x13, 0x00, 0xfc, 0x8a, 0x20, 0xff}},
    {5345273u, 0x0cfe6ce6u, 8u, {0x4b, 0x10, 0xc0, 0xc0, 0xf0, 0x13, 0xcc, 0x29}},
    {5352083u, 0x18f009e6u, 8u, {0x71, 0x7d, 0x60, 0x43, 0x7d, 0x2f, 0x86, 0xff}},
    {5353924u, 0x0cf002e6u, 8u, {0xcd, 0xe0, 0x13, 0x00, 0xfc, 0x8a, 0x20, 0xff}},
    {5354482u, 0x0cf004e6u, 8u, {0xf1, 0x97, 0x97, 0x94, 0x20, 0xff, 0xff, 0xff}},
    {5360419u, 0x18f009e6u, 8u, {0x71, 0x7d, 0x60, 0x3f, 0x7d, 0xbf, 0x83, 0xff}},
    {5364802u, 0x0cf002e6u, 8u, {0xcd, 0xe0, 0x13, 0x00, 0xfc, 0xb3, 0x20, 0xff}},
    {5369106u, 0x0cf003e6u, 8u, {0xf0, 0x58, 0x1c, 0xff, 0xff, 0xff, 0xff, 0xff}},
    {5371567u, 0x18f009e6u, 8u, {0x71, 0x7d, 0x60, 0x3b, 0x7d, 0x6f, 0x83, 0xff}},
    {5373769u, 0x0cf002e6u, 8u, {0xcd, 0xf8, 0x13, 0x00, 0xfc, 0xb3, 0x20, 0xff}},
    {5374262u, 0x0cf004e6u, 8u, {0xf1, 0x97, 0x97, 0x9b, 0x20, 0xff, 0xff, 0xff}},
    {5380411u, 0x18f009e6u, 8u, {0x71, 0x7d, 0x60, 0x2b, 0x7d, 0x0f, 0x86, 0xff}},
    {5384701u, 0x0cf002e6u, 8u, {0xcd, 0xf8, 0x13, 0x00, 0xfc, 0x98, 0x20, 0xff}},
    {5385286u, 0x18f005e6u, 8u, {0x87, 0x5f, 0x06, 0x87, 0x20, 0x41, 0x31, 0x30}},
    {5389875u, 0x18f009e6u, 8u, {0x71, 0x7d, 0x60, 0x23, 0x7d, 0xc7, 0x86, 0xff}},
    {5393880u, 0x0cf002e6u, 8u, {0xcd, 0xf8, 0x13, 0x00, 0xfc, 0x98, 0x20, 0xff}},
    {5394568u, 0x0cf004e6u, 8u, {0xf1, 0x97, 0x97, 0xb1, 0x20, 0xff, 0xff, 0xff}},
    {5395162u, 0x0cfe6ce6u, 8u, {0x4b, 0x10, 0xc0, 0xc0, 0xf8, 0x13, 0xe6, 0x29}},
    {5400492u, 0x18f009e6u, 8u, {0x71, 0x7d, 0x60, 0x3b, 0x7d, 0x57, 0x83, 0xff}},
    {5401656u, 0x18fef1e6u, 8u, {0xf3, 0xb3, 0x29, 0xc0, 0x00, 0xff, 0xe0, 0xff}},
    {5404676u, 0x0cf002e6u, 8u, {0xcd, 0xf8, 0x13, 0x00, 0xfc, 0xa3, 0x20, 0xff}},
    {5406082u, 0x18fef2e6u, 8u, {0x3b, 0x01, 0xff, 0xff, 0xff, 0xff, 0xff, 0xff}},
    {5409787u, 0x18f009e6u, 8u, {0x71, 0x7d, 0x60, 0x63, 0x7d, 0x87, 0x7e, 0xff}},
    {5414005u, 0x0cf002e6u, 8u, {0xcd, 0xf8, 0x13, 0x00, 0xfc, 0xa3, 0x20, 0xff}},
    {5414674u, 0x0cf004e6u, 8u, {0xf1, 0x97, 0x97, 0xab, 0x20, 0xff, 0xff, 0xff}},
    {5419110u, 0x0cf003e6u, 8u, {0xf0, 0x57, 0x1c, 0xff, 0xff, 0xff, 0xff, 0xff}},
    {5421037u, 0x18f001e6u, 8u, {0xcf, 0x00, 0xcf, 0xff, 0xff, 0xff, 0xff, 0xff}},
    {5421610u, 0x18f009e6u, 8u, {0x71, 0x7d, 0x60, 0x7b, 0x7d, 0xd7, 0x7c, 0xff}},
    {5424624u, 0x0cf002e6u, 8u, {0xcd, 0xf8, 0x13, 0x00, 0xfc, 0xad, 0x20, 0xff}},
    {5429725u, 0x18f009e6u, 8u, {0x71, 0x7d, 0x60, 0x77, 0x7d, 0x17, 0x80, 0xff}},
    {5433798u, 0x0cf002e6u, 8u, {0xcd, 0xf8, 0x13, 0x00, 0xfc, 0xad, 0x20, 0xff}},
    {5434502u, 0x0cf004e6u, 8u, {0xf1, 0x98, 0x98, 0x95, 0x20, 0xff, 0xff, 0xff}},
    {5440526u, 0x18f009e6u, 8u, {0x71, 0x7d, 0x60, 0x5f, 0x7d, 0x77, 0x84, 0xff}},
    {5444675u, 0x0cf002e6u, 8u, {0xcd, 0xf8, 0x13, 0x00, 0xfc, 0x85, 0x20, 0xff}},
    {5445320u, 0x0cfe6ce6u, 8u, {0x4b, 0x10, 0xc0, 0xc0, 0x00, 0x14, 0x00, 0x2a}},
    {5451145u, 0x18f009e6u, 8u, {0x71, 0x7d, 0x60, 0x2f, 0x7d, 0xaf, 0x85, 0xff}},
    {5454014u, 0x0cf002e6u, 8u, {0xcd, 0xf8, 0x13, 0x00, 0xfc, 0x85, 0x20, 0xff}},
    {5454702u, 0x0cf004e6u, 8u, {0xf1, 0x98, 0x98, 0x9b, 0x20, 0xff, 0xff, 0xff}},
    {5460485u, 0x18f009e6u, 8u, {0x71, 0x7d, 0x60, 0x13, 0x7d, 0xaf, 0x83, 0xff}},
    {5464728u, 0x0cf002e6u, 8u, {0xcd, 0xf8, 0x13, 0x00, 0xfc, 0x9f, 0x20, 0xff}},
    {5469086u, 0x0cf003e6u, 8u, {0xf0, 0x58, 0x1c, 0xff, 0xff, 0xff, 0xff, 0xff}},
    {5472158u, 0x18f009e6u, 8u, {0x71, 0x7d, 0x60, 0x1b, 0x7d, 0x17, 0x80, 0xff}},
    {5474456u, 0x0cf002e6u, 8u, {0xcd, 0x00, 0x14, 0x00, 0xfc, 0x9f, 0x20, 0xff}},
    {5474904u, 0x0cf004e6u, 8u, {0xf1, 0x98, 0x98, 0x89, 0x20, 0xff, 0xff, 0xff}},
    {5480298u, 0x18f009e6u, 8u, {0x71, 0x7d, 0x60, 0x43, 0x7d, 0xef, 0x7d, 0xff}},
    {5484647u, 0x0cf002e6u, 8u, {0xcd, 0x00, 0x14, 0x00, 0xfc, 0x9f, 0x20, 0xff}},
    {5485334u, 0x18f005e6u, 8u, {0x87, 0x5f, 0x06, 0x87, 0x20, 0x41, 0x31, 0x30}},
    {5489957u, 0x18f009e6u, 8u, {0x71, 0x7d, 0x60, 0x6b, 0x7d, 0x67, 0x7c, 0xff}},
    {5493919u, 0x0cf002e6u, 8u, {0xcd, 0x00, 0x14, 0x00, 0xfc, 0x9f, 0x20, 0xff}},
    {5494585u, 0x0cf004e6u, 8u, {0xf1, 0x98, 0x98, 0x95, 0x20, 0xff, 0xff, 0xff}},
    {5495122u, 0x0cfe6ce6u, 8u, {0x4b, 0x10, 0xc0, 0xc0, 0x00, 0x14, 0x00, 0x2a}},
    {5500552u, 0x18f009e6u, 8u, {0x71, 0x7d, 0x60, 0x73, 0x7d, 0x27, 0x7c, 0xff}},
    {5501557u, 0x18fef1e6u, 8u, {0xf3, 0xe6, 0x29, 0xc0, 0x00, 0xff, 0xe0, 0xff}},
    {5504702u, 0x0cf002e6u, 8u, {0xcd, 0x00, 0x14, 0x00, 0xfc, 0xa4, 0x20, 0xff}},
    {5506093u, 0x18fef2e6u, 8u, {0x3e, 0x01, 0xff, 0xff, 0xff, 0xff, 0xff, 0xff}},
    {5509904u, 0x18f009e6u, 8u, {0x6f, 0x7d, 0x60, 0x63, 0x7d, 0xa7, 0x7d, 0xff}},
    {5513845u, 0x0cf002e6u, 8u, {0xcd, 0x00, 0x14, 0x00, 0xfc, 0xa4, 0x20, 0xff}},
    {5514527u, 0x0cf004e6u, 8u, {0xf1, 0x98, 0x98, 0xaa, 0x20, 0xff, 0xff, 0xff}},
    {5519069u, 0x0cf003e6u, 8u, {0xf0, 0x58, 0x1c, 0xff, 0xff, 0xff, 0xff, 0xff}},
    {5520904u, 0x18f001e6u, 8u, {0xcf, 0x00, 0xcf, 0xff, 0xff, 0xff, 0xff, 0xff}},
    {5521455u, 0x18f009e6u, 8u, {0x6f, 0x7d, 0x60, 0x47, 0x7d, 0x67, 0x80, 0xff}},
    {5524435u, 0x0cf002e6u, 8u, {0xcd, 0x00, 0x14, 0x00, 0xfc, 0xb7, 0x20, 0xff}},
    {5530116u, 0x18f009e6u, 8u, {0x6d, 0x7d, 0x60, 0x37, 0x7d, 0x87, 0x83, 0xff}},
    {5533779u, 0x0cf002e6u, 8u, {0xcd, 0x00, 0x14, 0x00, 0xfc, 0xb7, 0x20, 0xff}},
    {5534394u, 0x0cf004e6u, 8u, {0xf1, 0x98, 0x98, 0xad, 0x20, 0xff, 0xff, 0xff}},
    {5540244u, 0x18f009e6u, 8u, {0x6d, 0x7d, 0x60, 0x2f, 0x7d, 0x87, 0x85, 0xff}},
    {5544571u, 0x0cf002e6u, 8u, {0xcd, 0x00, 0x14, 0x00, 0xfc, 0x9e, 0x20, 0xff}},
    {5545146u, 0x0cfe6ce6u, 8u, {0x4b, 0x10, 0xc0, 0xc0, 0xf8, 0x13, 0xe6, 0x29}},
    {5550792u, 0x18f009e6u, 8u, {0x6d, 0x7d, 0x60, 0x37, 0x7d, 0xbf, 0x84, 0xff}},
    {5553819u, 0x0cf002e6u, 8u, {0xcd, 0x00, 0x14, 0x00, 0xfc, 0x9e, 0x20, 0xff}},
    {5554388u, 0x0cf004e6u, 8u, {0xf1, 0x98, 0x98, 0xb1, 0x20, 0xff, 0xff, 0xff}},
    {5560217u, 0x18f009e6u, 8u, {0x6d, 0x7d, 0x60, 0x43, 0x7d, 0x77, 0x82, 0xff}},
    {5564751u, 0x0cf002e6u, 8u, {0xcd, 0x00, 0x14, 0x00, 0xfc, 0xc0, 0x20, 0xff}},
    {5568898u, 0x0cf003e6u, 8u, {0xf0, 0x58, 0x1c, 0xff, 0xff, 0xff, 0xff, 0xff}},
    {5571190u, 0x18f009e6u, 8u, {0x6b, 0x7d, 0x60, 0x47, 0x7d, 0x97, 0x80, 0xff}},
    {5573700u, 0x0cf002e6u, 8u, {0xcd, 0x00, 0x14, 0x00, 0xfc, 0xc0, 0x20, 0xff}},
    {5574279u, 0x0cf004e6u, 8u, {0xf1, 0x98, 0x98, 0xb3, 0x20, 0xff, 0xff, 0xff}},
    {5580185u, 0x18f009e6u, 8u, {0x6b, 0x7d, 0x60, 0x3b, 0x7d, 0xbf, 0x80, 0xff}},
    {5584417u, 0x0cf002e6u, 8u, {0xcd, 0x00, 0x14, 0x00, 0xfc, 0x9e, 0x20, 0xff}},
    {5585450u, 0x18f005e6u, 8u, {0x87, 0x5f, 0x06, 0x87, 0x20, 0x41, 0x31, 0x30}},
    {5589680u, 0x18f009e6u, 8u, {0x6b, 0x7d, 0x60, 0x37, 0x7d, 0xa7, 0x80, 0xff}},
    {5593870u, 0x0cf002e6u, 8u, {0xcd, 0x00, 0x14, 0x00, 0xfc, 0x9e, 0x20, 0xff}},
    {5594444u, 0x0cf004e6u, 8u, {0xf1, 0x98, 0x98, 0xb3, 0x20, 0xff, 0xff, 0xff}},
    {5594955u, 0x0cfe6ce6u, 8u, {0x4b, 0x10, 0xc0, 0xc0, 0x00, 0x14, 0x00, 0x2a}},
    {5600231u, 0x18f009e6u, 8u, {0x6b, 0x7d, 0x60, 0x43, 0x7d, 0xd7, 0x7e, 0xff}},
    {5601384u, 0x18fef1e6u, 8u, {0xf3, 0x00, 0x2a, 0xc0, 0x00, 0xff, 0xe0, 0xff}},
    {5604612u, 0x0cf002e6u, 8u, {0xcd, 0x00, 0x14, 0x00, 0xfc, 0xc3, 0x20, 0xff}},
    {5605781u, 0x18fef2e6u, 8u, {0x41, 0x01, 0xff, 0xff, 0xff, 0xff, 0xff, 0xff}},
    {5609639u, 0x18f009e6u, 8u, {0x6b, 0x7d, 0x60, 0x53, 0x7d, 0x27, 0x7d, 0xff}},
    {5613810u, 0x0cf002e6u, 8u, {0xcd, 0x00, 0x14, 0x00, 0xfc, 0xc3, 0x20, 0xff}},
    {5614372u, 0x0cf004e6u, 8u, {0xf1, 0x98, 0x98, 0xb3, 0x20, 0xff, 0xff, 0xff}},
    {5619065u, 0x0cf003e6u, 8u, {0xf0, 0x58, 0x1c, 0xff, 0xff, 0xff, 0xff, 0xff}},
    {5620785u, 0x18f001e6u, 8u, {0xcf, 0x00, 0xcf, 0xff, 0xff, 0xff, 0xff, 0xff}},
    {5621353u, 0x18f009e6u, 8u, {0x6b, 0x7d, 0x60, 0x57, 0x7d, 0x0f, 0x7d, 0xff}},
    {5624563u, 0x0cf002e6u, 8u, {0xcd, 0x00, 0x14, 0x00, 0xfc, 0xa9, 0x20, 0xff}},
    {5629528u, 0x18f009e6u, 8u, {0x6b, 0x7d, 0x60, 0x3f, 0x7d, 0x07, 0x7f, 0xff}},
    {5633717u, 0x0cf002e6u, 8u, {0xcd, 0x00, 0x14, 0x00, 0xfc, 0xa9, 0x20, 0xff}},
    {5634268u, 0x0cf004e6u, 8u, {0xf1, 0x98, 0x98, 0xb4, 0x20, 0xff, 0xff, 0xff}},
    {5640219u, 0x18f009e6u, 8u, {0x6b, 0x7d, 0x60, 0x23, 0x7d, 0xef, 0x7f, 0xff}},
    {5644471u, 0x0cf002e6u, 8u, {0xcd, 0x00, 0x14, 0x00, 0xfc, 0xae, 0x20, 0xff}},
    {5644951u, 0x0cfe6ce6u, 8u, {0x4b, 0x10, 0xc0, 0xc0, 0x08, 0x14, 0x00, 0x2a}},
    {5650839u, 0x18f009e6u, 8u, {0x6b, 0x7d, 0x60, 0x1b, 0x7d, 0xcf, 0x7d, 0xff}},
    {5653826u, 0x0cf002e6u, 8u, {0xcd, 0x00, 0x14, 0x00, 0xfc, 0xae, 0x20, 0xff}},
    {5654394u, 0x0cf004e6u, 8u, {0xf1, 0x98, 0x98, 0xa3, 0x20, 0xff, 0xff, 0xff}},
    {5660134u, 0x18f009e6u, 8u, {0x6b, 0x7d, 0x60, 0x1b, 0x7d, 0x07, 0x7c, 0xff}},
    {5664561u, 0x0cf002e6u, 8u, {0xcd, 0x00, 0x14, 0x00, 0xfc, 0xba, 0x20, 0xff}},
    {5668987u, 0x0cf003e6u, 8u, {0xf0, 0x58, 0x1c, 0xff, 0xff, 0xff, 0xff, 0xff}},
    {5671229u, 0x18f009e6u, 8u, {0x6b, 0x7d, 0x60, 0x23, 0x7d, 0x9f, 0x7c, 0xff}},
    {5673657u, 0x0cf002e6u, 8u, {0xcd, 0x08, 0x14, 0x00, 0xfc, 0xba, 0x20, 0xff}},
    {5674201u, 0x0cf004e6u, 8u, {0xf1, 0x98, 0x98, 0xae, 0x20, 0xff, 0xff, 0xff}},
    {5680128u, 0x18f009e6u, 8u, {0x6b, 0x7d, 0x60, 0x27, 0x7d, 0x9f, 0x7d, 0xff}},
    {5684564u, 0x0cf002e6u, 8u, {0xcd, 0x08, 0x14, 0x00, 0xfc, 0xab, 0x20, 0xff}},
    {5685665u, 0x18f005e6u, 8u, {0x87, 0x5f, 0x06, 0x87, 0x20, 0x41, 0x31, 0x30}},
    {5689529u, 0x18f009e6u, 8u, {0x69, 0x7d, 0x60, 0x2b, 0x7d, 0x4f, 0x7f, 0xff}},
    {5693850u, 0x0cf002e6u, 8u, {0xcd, 0x08, 0x14, 0x00, 0xfc, 0xab, 0x20, 0xff}},
    {5694429u, 0x0cf004e6u, 8u, {0xf1, 0x98, 0x98, 0xb7, 0x20, 0xff, 0xff, 0xff}},
    {5695003u, 0x0cfe6ce6u, 8u, {0x4b, 0x10, 0xc0, 0xc0, 0x08, 0x14, 0x19, 0x2a}},
    {5700199u, 0x18f009e6u, 8u, {0x69, 0x7d, 0x60, 0x2b, 0x7d, 0xa7, 0x81, 0xff}},
    {5701391u, 0x18fef1e6u, 8u, {0xf3, 0x00, 0x2a, 0xc0, 0x00, 0xff, 0xe0, 0xff}},
    {5704697u, 0x0cf002e6u, 8u, {0xcd, 0x08, 0x14, 0x01, 0xfc, 0xda, 0x20, 0xff}},
    {5705827u, 0x18fef2e6u, 8u, {0x42, 0x01, 0xff, 0xff, 0xff, 0xff, 0xff, 0xff}},
    {5709623u, 0x18f009e6u, 8u, {0x69, 0x7d, 0x60, 0x2b, 0x7d, 0x67, 0x83, 0xff}},
    {5713865u, 0x0cf002e6u, 8u, {0xcd, 0x08, 0x14, 0x01, 0xfc, 0xda, 0x20, 0xff}},
    {5714450u, 0x0cf004e6u, 8u, {0xf1, 0x98, 0x98, 0xca, 0x20, 0xff, 0xff, 0xff}},
    {5719062u, 0x0cf003e6u, 8u, {0xf0, 0x58, 0x1c, 0xff, 0xff, 0xff, 0xff, 0xff}},
    {5720798u, 0x18f001e6u, 8u, {0xcf, 0x00, 0xcf, 0xff, 0xff, 0xff, 0xff, 0xff}},
    {5721349u, 0x18f009e6u, 8u, {0x69, 0x7d, 0x60, 0x2f, 0x7d, 0x8f, 0x83, 0xff}},
    {5724561u, 0x0cf002e6u, 8u, {0xcd, 0x08, 0x14, 0x00, 0xfc, 0xcb, 0x20, 0xff}},
    {5730086u, 0x18f009e6u, 8u, {0x69, 0x7d, 0x60, 0x3b, 0x7d, 0x1f, 0x82, 0xff}},
    {5733833u, 0x0cf002e6u, 8u, {0xcd, 0x08, 0x14, 0x00, 0xfc, 0xcb, 0x20, 0xff}},
    {5734417u, 0x0cf004e6u, 8u, {0xf1, 0x98, 0x98, 0xe5, 0x20, 0xff, 0xff, 0xff}},
    {5740173u, 0x18f009e6u, 8u, {0x69, 0x7d, 0x60, 0x37, 0x7d, 0xe7, 0x7f, 0xff}},
    {5744553u, 0x0cf002e6u, 8u, {0xcd, 0x08, 0x14, 0x00, 0xfc, 0xe4, 0x20, 0xff}},
    {5745095u, 0x0cfe6ce6u, 8u, {0x4b, 0x10, 0xc0, 0xc0, 0x08, 0x14, 0x19, 0x2a}},
    {5750816u, 0x18f009e6u, 8u, {0x69, 0x7d, 0x60, 0x1b, 0x7d, 0x7f, 0x7e, 0xff}},
    {5753941u, 0x0cf002e6u, 8u, {0xcd, 0x08, 0x14, 0x00, 0xfc, 0xe4, 0x20, 0xff}},
    {5754498u, 0x0cf004e6u, 8u, {0xf1, 0x98, 0x98, 0xe6, 0x20, 0xff, 0xff, 0xff}},
    {5760178u, 0x18f009e6u, 8u, {0x69, 0x7d, 0x60, 0x0b, 0x7d, 0x07, 0x7e, 0xff}},
    {5764494u, 0x0cf002e6u, 8u, {0xcd, 0x08, 0x14, 0x00, 0xfc, 0xdc, 0x20, 0xff}},
    {5768925u, 0x0cf003e6u, 8u, {0xf0, 0x58, 0x1b, 0xff, 0xff, 0xff, 0xff, 0xff}},
    {5771231u, 0x18f009e6u, 8u, {0x69, 0x7d, 0x60, 0x0f, 0x7d, 0x8f, 0x7f, 0xff}},
    {5773844u, 0x0cf002e6u, 8u, {0xcd, 0x18, 0x14, 0x00, 0xfc, 0xdc, 0x20, 0xff}},
    {5774396u, 0x0cf004e6u, 8u, {0xf1, 0x98, 0x98, 0xdc, 0x20, 0xff, 0xff, 0xff}},
    {5781301u, 0x18f009e6u, 8u, {0x69, 0x7d, 0x60, 0x23, 0x7d, 0x77, 0x81, 0xff}},
    {5784556u, 0x0cf002e6u, 8u, {0xcd, 0x18, 0x14, 0x00, 0xfc, 0xd2, 0x20, 0xff}},
    {5785706u, 0x18f005e6u, 8u, {0x87, 0x5f, 0x06, 0x87, 0x20, 0x41, 0x31, 0x30}},
    {5789757u, 0x18f009e6u, 8u, {0x65, 0x7d, 0x60, 0x3b, 0x7d, 0x77, 0x81, 0xff}},
    {5793827u, 0x0cf002e6u, 8u, {0xcd, 0x18, 0x14, 0x00, 0xfc, 0xd2, 0x20, 0xff}},
    {5794404u, 0x0cf004e6u, 8u, {0xf1, 0x98, 0x98, 0xd9, 0x20, 0xff, 0xff, 0xff}},
    {5794955u, 0x0cfe6ce6u, 8u, {0x4b, 0x10, 0xc0, 0xc0, 0x18, 0x14, 0x33, 0x2a}},
    {5800265u, 0x18f009e6u, 8u, {0x63, 0x7d, 0x60, 0x3f, 0x7d, 0xa7, 0x80, 0xff}},
    {5801310u, 0x18fef1e6u, 8u, {0xf3, 0x19, 0x2a, 0xc0, 0x00, 0xff, 0xe0, 0xff}},
    {5804630u, 0x0cf002e6u, 8u, {0xcd, 0x18, 0x14, 0x00, 0xfc, 0xd9, 0x20, 0xff}},
    {5805731u, 0x18fef2e6u, 8u, {0x44, 0x01, 0xff, 0xff, 0xff, 0xff, 0xff, 0xff}},
    {5809643u, 0x18f009e6u, 8u, {0x61, 0x7d, 0x60, 0x2f, 0x7d, 0x27, 0x7f, 0xff}},
    {5813710u, 0x0cf002e6u, 8u, {0xcd, 0x18, 0x14, 0x00, 0xfc, 0xd9, 0x20, 0xff}},
    {5814281u, 0x0cf004e6u, 8u, {0xf1, 0x98, 0x98, 0xca, 0x20, 0xff, 0xff, 0xff}},
    {5819074u, 0x0cf003e6u, 8u, {0xf0, 0x58, 0x1b, 0xff, 0xff, 0xff, 0xff, 0xff}},
    {5820722u, 0x18f001e6u, 8u, {0xcf, 0x00, 0xcf, 0xff, 0xff, 0xff, 0xff, 0xff}},
    {5821291u, 0x18f009e6u, 8u, {0x5f, 0x7d, 0x60, 0x1b, 0x7d, 0xe7, 0x7c, 0xff}},
    {5824565u, 0x0cf002e6u, 8u, {0xcd, 0x18, 0x14, 0x00, 0xfc, 0xc5, 0x20, 0xff}},
    {5829602u, 0x18f009e6u, 8u, {0x5f, 0x7d, 0x60, 0x07, 0x7d, 0x0f, 0x7c, 0xff}},
    {5833742u, 0x0cf002e6u, 8u, {0xcd, 0x18, 0x14, 0x00, 0xfc, 0xc5, 0x20, 0xff}},
    {5834326u, 0x0cf004e6u, 8u, {0xf1, 0x98, 0x98, 0xd3, 0x20, 0xff, 0xff, 0xff}},
    {5840136u, 0x18f009e6u, 8u, {0x5d, 0x7d, 0x60, 0x07, 0x7d, 0x7f, 0x7c, 0xff}},
    {5844473u, 0x0cf002e6u, 8u, {0xcd, 0x18, 0x14, 0x00, 0xfc, 0xe7, 0x20, 0xff}},
    {5845060u, 0x0cfe6ce6u, 8u, {0x4b, 0x10, 0xc0, 0xc0, 0x20, 0x14, 0x33, 0x2a}},
    {5850768u, 0x18f009e6u, 8u, {0x5b, 0x7d, 0x60, 0x1b, 0x7d, 0xef, 0x7d, 0xff}},
    {5853857u, 0x0cf002e6u, 8u, {0xcd, 0x18, 0x14, 0x00, 0xfc, 0xe7, 0x20, 0xff}},
    {5854445u, 0x0cf004e6u, 8u, {0xf1, 0x98, 0x98, 0xcd, 0x20, 0xff, 0xff, 0xff}},
    {5860272u, 0x18f009e6u, 8u, {0x59, 0x7d, 0x60, 0x2f, 0x7d, 0x67, 0x7f, 0xff}},
    {5864750u, 0x0cf002e6u, 8u, {0xcd, 0x18, 0x14, 0x00, 0xfc, 0xc6, 0x20, 0xff}},
    {5868931u, 0x0cf003e6u, 8u, {0xf0, 0x57, 0x1b, 0xff, 0xff, 0xff, 0xff, 0xff}},
    {5871258u, 0x18f009e6u, 8u, {0x59, 0x7d, 0x60, 0x37, 0x7d, 0xb7, 0x7f, 0xff}},
    {5873737u, 0x0cf002e6u, 8u, {0xcd, 0x20, 0x14, 0x00, 0xfc, 0xc6, 0x20, 0xff}},
    {5874308u, 0x0cf004e6u, 8u, {0xf1, 0x98, 0x98, 0xd4, 0x20, 0xff, 0xff, 0xff}},
    {5880222u, 0x18f009e6u, 8u, {0x59, 0x7d, 0x60, 0x2f, 0x7d, 0x7f, 0x7f, 0xff}},
    {5884923u, 0x0cf002e6u, 8u, {0xcd, 0x20, 0x14, 0x00, 0xfc, 0xe5, 0x20, 0xff}},
    {5885450u, 0x18f005e6u, 8u, {0x87, 0x5f, 0x06, 0x87, 0x20, 0x41, 0x31, 0x30}},
    {5889524u, 0x18f009e6u, 8u, {0x59, 0x7d, 0x60, 0x23, 0x7d, 0xaf, 0x7f, 0xff}},
    {5893971u, 0x0cf002e6u, 8u, {0xcd, 0x20, 0x14, 0x00, 0xfc, 0xe5, 0x20, 0xff}},
    {5894546u, 0x0cf004e6u, 8u, {0xf1, 0x98, 0x98, 0xca, 0x20, 0xff, 0xff, 0xff}},
    {5895086u, 0x0cfe6ce6u, 8u, {0x4b, 0x10, 0xc0, 0xc0, 0x20, 0x14, 0x33, 0x2a}},
    {5900189u, 0x18f009e6u, 8u, {0x59, 0x7d, 0x60, 0x13, 0x7d, 0xd7, 0x7f, 0xff}},
    {5901295u, 0x18fef1e6u, 8u, {0xf3, 0x33, 0x2a, 0xc0, 0x00, 0xff, 0xe0, 0xff}},
    {5904741u, 0x0cf002e6u, 8u, {0xcd, 0x20, 0x14, 0x00, 0xfc, 0xdf, 0x20, 0xff}},
    {5905815u, 0x18fef2e6u, 8u, {0x43, 0x01, 0xff, 0xff, 0xff, 0xff, 0xff, 0xff}},
    {5909673u, 0x18f009e6u, 8u, {0x57, 0x7d, 0x60, 0x13, 0x7d, 0xaf, 0x7f, 0xff}},
    {5913719u, 0x0cf002e6u, 8u, {0xcd, 0x20, 0x14, 0x00, 0xfc, 0xdf, 0x20, 0xff}},
    {5914265u, 0x0cf004e6u, 8u, {0xf1, 0x98, 0x98, 0xd5, 0x20, 0xff, 0xff, 0xff}},
    {5919043u, 0x0cf003e6u, 8u, {0xf0, 0x57, 0x1b, 0xff, 0xff, 0xff, 0xff, 0xff}},
    {5920693u, 0x18f001e6u, 8u, {0xcf, 0x00, 0xcf, 0xff, 0xff, 0xff, 0xff, 0xff}},
    {5921264u, 0x18f009e6u, 8u, {0x57, 0x7d, 0x60, 0x1b, 0x7d, 0x4f, 0x80, 0xff}},
    {5924607u, 0x0cf002e6u, 8u, {0xcd, 0x20, 0x14, 0x00, 0xfc, 0xe1, 0x20, 0xff}},
    {5930185u, 0x18f009e6u, 8u, {0x57, 0x7d, 0x60, 0x1f, 0x7d, 0x57, 0x80, 0xff}},
    {5933761u, 0x0cf002e6u, 8u, {0xcd, 0x20, 0x14, 0x00, 0xfc, 0xe1, 0x20, 0xff}},
    {5934323u, 0x0cf004e6u, 8u, {0xf1, 0x98, 0x98, 0xe6, 0x20, 0xff, 0xff, 0xff}},
    {5940231u, 0x18f009e6u, 8u, {0x57, 0x7d, 0x60, 0x27, 0x7d, 0x9f, 0x7f, 0xff}},
    {5944541u, 0x0cf002e6u, 8u, {0xcd, 0x20, 0x14, 0x00, 0xfc, 0x0f, 0x21, 0xff}},
    {5945156u, 0x0cfe6ce6u, 8u, {0x4b, 0x10, 0xc0, 0xc0, 0x18, 0x14, 0x33, 0x2a}},
    {5950823u, 0x18f009e6u, 8u, {0x57, 0x7d, 0x60, 0x2b, 0x7d, 0x77, 0x7e, 0xff}},
    {5954000u, 0x0cf002e6u, 8u, {0xcd, 0x20, 0x14, 0x00, 0xfc, 0x0f, 0x21, 0xff}},
    {5954562u, 0x0cf004e6u, 8u, {0xf1, 0x97, 0x97, 0xf7, 0x20, 0xff, 0xff, 0xff}},
    {5960210u, 0x18f009e6u, 8u, {0x57, 0x7d, 0x60, 0x2b, 0x7d, 0x0f, 0x7e, 0xff}},
    {5964578u, 0x0cf002e6u, 8u, {0xcd, 0x20, 0x14, 0x00, 0xfc, 0xf1, 0x20, 0xff}},
    {5968976u, 0x0cf003e6u, 8u, {0xf0, 0x58, 0x1b, 0xff, 0xff, 0xff, 0xff, 0xff}},
    {5971811u, 0x18f009e6u, 8u, {0x57, 0x7d, 0x60, 0x2b, 0x7d, 0x8f, 0x7d, 0xff}},
    {5973799u, 0x0cf002e6u, 8u, {0xcd, 0x30, 0x14, 0x00, 0xfc, 0xf1, 0x20, 0xff}},
    {5974353u, 0x0cf004e6u, 8u, {0xf1, 0x97, 0x97, 0x11, 0x21, 0xff, 0xff, 0xff}},
    {5980151u, 0x18f009e6u, 8u, {0x57, 0x7d, 0x60, 0x27, 0x7d, 0x07, 0x7d, 0xff}},
    {5984551u, 0x0cf002e6u, 8u, {0xcd, 0x30, 0x14, 0x00, 0xfc, 0x1b, 0x21, 0xff}},
    {5986260u, 0x18f005e6u, 8u, {0x87, 0x5f, 0x06, 0x87, 0x20, 0x41, 0x31, 0x30}},
    {5989461u, 0x18f009e6u, 8u, {0x57, 0x7d, 0x60, 0x1f, 0x7d, 0x37, 0x7d, 0xff}},
    {5993808u, 0x0cf002e6u, 8u, {0xcd, 0x30, 0x14, 0x00, 0xfc, 0x1b, 0x21, 0xff}},
    {5994392u, 0x0cf004e6u, 8u, {0xf1, 0x97, 0x97, 0x0e, 0x21, 0xff, 0xff, 0xff}},
    {5994942u, 0x0cfe6ce6u, 8u, {0x4b, 0x10, 0xc0, 0xc0, 0x30, 0x14, 0x4c, 0x2a}},
    {6000413u, 0x18f009e6u, 8u, {0x57, 0x7d, 0x60, 0x1f, 0x7d, 0x67, 0x7e, 0xff}},
    {6001564u, 0x18fef1e6u, 8u, {0xf3, 0x33, 0x2a, 0xc0, 0x00, 0xff, 0xe0, 0xff}},
    {6004756u, 0x0cf002e6u, 8u, {0xcd, 0x30, 0x14, 0x00, 0xfc, 0xef, 0x20, 0xff}},
    {6005886u, 0x18fef2e6u, 8u, {0x42, 0x01, 0xff, 0xff, 0xff, 0xff, 0xff, 0xff}},
    {6009596u, 0x18f009e6u, 8u, {0x57, 0x7d, 0x60, 0x2f, 0x7d, 0x27, 0x81, 0xff}},
    {6013846u, 0x0cf002e6u, 8u, {0xcd, 0x30, 0x14, 0x00, 0xfc, 0xef, 0x20, 0xff}},
    {6014431u, 0x0cf004e6u, 8u, {0xf1, 0x97, 0x97, 0x07, 0x21, 0xff, 0xff, 0xff}},
    {6019030u, 0x0cf003e6u, 8u, {0xf0, 0x57, 0x1b, 0xff, 0xff, 0xff, 0xff, 0xff}},
    {6020740u, 0x18f001e6u, 8u, {0xcf, 0x00, 0xcf, 0xff, 0xff, 0xff, 0xff, 0xff}},
    {6021285u, 0x18f009e6u, 8u, {0x57, 0x7d, 0x60, 0x3b, 0x7d, 0xcf, 0x82, 0xff}},
    {6024536u, 0x0cf002e6u, 8u, {0xcd, 0x30, 0x14, 0x00, 0xfc, 0x0b, 0x21, 0xff}},
    {6029619u, 0x18f009e6u, 8u, {0x57, 0x7d, 0x60, 0x3f, 0x7d, 0x3f, 0x82, 0xff}},
    {6033800u, 0x0cf002e6u, 8u, {0xcd, 0x30, 0x14, 0x00, 0xfc, 0x0b, 0x21, 0xff}},
    {6034389u, 0x0cf004e6u, 8u, {0xf1, 0x97, 0x97, 0xf4, 0x20, 0xff, 0xff, 0xff}},
    {6040178u, 0x18f009e6u, 8u, {0x57, 0x7d, 0x60, 0x3b, 0x7d, 0x77, 0x7f, 0xff}},
    {6044646u, 0x0cf002e6u, 8u, {0xcd, 0x30, 0x14, 0x00, 0xfc, 0xee, 0x20, 0xff}},
    {6045222u, 0x0cfe6ce6u, 8u, {0x4b, 0x10, 0xc0, 0xc0, 0x40, 0x14, 0x80, 0x2a}},
    {6050798u, 0x18f009e6u, 8u, {0x57, 0x7d, 0x60, 0x3b, 0x7d, 0x1f, 0x7d, 0xff}},
    {6053835u, 0x0cf002e6u, 8u, {0xcd, 0x30, 0x14, 0x00, 0xfc, 0xee, 0x20, 0xff}},
    {6054414u, 0x0cf004e6u, 8u, {0xf1, 0x97, 0x97, 0xff, 0x20, 0xff, 0xff, 0xff}},
    {6060268u, 0x18f009e6u, 8u, {0x57, 0x7d, 0x60, 0x3b, 0x7d, 0x8f, 0x7d, 0xff}},
    {6064597u, 0x0cf002e6u, 8u, {0xcd, 0x30, 0x14, 0x00, 0xfc, 0x02, 0x21, 0xff}},
    {6069023u, 0x0cf003e6u, 8u, {0xf0, 0x56, 0x1b, 0xff, 0xff, 0xff, 0xff, 0xff}},
    {6071307u, 0x18f009e6u, 8u, {0x57, 0x7d, 0x60, 0x3f, 0x7d, 0x67, 0x7f, 0xff}},
    {6073854u, 0x0cf002e6u, 8u, {0xcd, 0x38, 0x14, 0x00, 0xfc, 0x02, 0x21, 0xff}},
    {6074437u, 0x0cf004e6u, 8u, {0xf1, 0x97, 0x97, 0xfb, 0x20, 0xff, 0xff, 0xff}},
    {6080165u, 0x18f009e6u, 8u, {0x57, 0x7d, 0x60, 0x4b, 0x7d, 0x37, 0x80, 0xff}},
    {6084599u, 0x0cf002e6u, 8u, {0xcd, 0x38, 0x14, 0x00, 0xfc, 0x0c, 0x21, 0xff}},
    {6085097u, 0x18f005e6u, 8u, {0x87, 0x5f, 0x06, 0x87, 0x20, 0x41, 0x31, 0x30}},
    {6090027u, 0x18f009e6u, 8u, {0x57, 0x7d, 0x60, 0x57, 0x7d, 0xc7, 0x7f, 0xff}},
    {6094009u, 0x0cf002e6u, 8u, {0xcd, 0x38, 0x14, 0x00, 0xfc, 0x0c, 0x21, 0xff}},
    {6094565u, 0x0cf004e6u, 8u, {0xf1, 0x97, 0x97, 0x00, 0x21, 0xff, 0xff, 0xff}},
    {6095107u, 0x0cfe6ce6u, 8u, {0x4b, 0x10, 0xc0, 0xc0, 0x38, 0x14, 0x66, 0x2a}},
    {6100292u, 0x18f009e6u, 8u, {0x57, 0x7d, 0x60, 0x57, 0x7d, 0x57, 0x7f, 0xff}},
    {6101460u, 0x18fef1e6u, 8u, {0xf3, 0x4c, 0x2a, 0xc0, 0x00, 0xff, 0xe0, 0xff}},
    {6104809u, 0x0cf002e6u, 8u, {0xcd, 0x38, 0x14, 0x00, 0xfc, 0xf0, 0x20, 0xff}},
    {6105905u, 0x18fef2e6u, 8u, {0x41, 0x01, 0xff, 0xff, 0xff, 0xff, 0xff, 0xff}},
    {6109627u, 0x18f009e6u, 8u, {0x57, 0x7d, 0x60, 0x4b, 0x7d, 0x07, 0x80, 0xff}},
    {6113805u, 0x0cf002e6u, 8u, {0xcd, 0x38, 0x14, 0x00, 0xfc, 0xf0, 0x20, 0xff}},
    {6114407u, 0x0cf004e6u, 8u, {0xf1, 0x97, 0x97, 0xfd, 0x20, 0xff, 0xff, 0xff}},
    {6119089u, 0x0cf003e6u, 8u, {0xf0, 0x58, 0x1b, 0xff, 0xff, 0xff, 0xff, 0xff}},
    {6120680u, 0x18f001e6u, 8u, {0xcf, 0x00, 0xcf, 0xff, 0xff, 0xff, 0xff, 0xff}},
    {6121321u, 0x18f009e6u, 8u, {0x57, 0x7d, 0x60, 0x4b, 0x7d, 0xe7, 0x7f, 0xff}},
    {6124682u, 0x0cf002e6u, 8u, {0xcd, 0x38, 0x14, 0x01, 0xfc, 0x21, 0x21, 0xff}},
    {6130034u, 0x18f009e6u, 8u, {0x57, 0x7d, 0x60, 0x4f, 0x7d, 0x6f, 0x7e, 0xff}},
    {6133920u, 0x0cf002e6u, 8u, {0xcd, 0x38, 0x14, 0x01, 0xfc, 0x21, 0x21, 0xff}},
    {6134441u, 0x0cf004e6u, 8u, {0xf1, 0x97, 0x97, 0x05, 0x21, 0xff, 0xff, 0xff}},
    {6140237u, 0x18f009e6u, 8u, {0x57, 0x7d, 0x60, 0x57, 0x7d, 0xd7, 0x7c, 0xff}},
    {6144629u, 0x0cf002e6u, 8u, {0xcd, 0x38, 0x14, 0x00, 0xfc, 0xff, 0x20, 0xff}},
    {6145130u, 0x0cfe6ce6u, 8u, {0x4b, 0x10, 0xc0, 0xc0, 0x40, 0x14, 0x80, 0x2a}},
    {6150905u, 0x18f009e6u, 8u, {0x57, 0x7d, 0x60, 0x5b, 0x7d, 0x27, 0x7d, 0xff}},
    {6154052u, 0x0cf002e6u, 8u, {0xcd, 0x38, 0x14, 0x00, 0xfc, 0xff, 0x20, 0xff}},
    {6154601u, 0x0cf004e6u, 8u, {0xf1, 0x97, 0x97, 0x14, 0x21, 0xff, 0xff, 0xff}},
    {6160284u, 0x18f009e6u, 8u, {0x57, 0x7d, 0x60, 0x5f, 0x7d, 0xd7, 0x7d, 0xff}},
    {6164797u, 0x0cf002e6u, 8u, {0xcd, 0x38, 0x14, 0x01, 0xfc, 0x3e, 0x21, 0xff}},
    {6169047u, 0x0cf003e6u, 8u, {0xf0, 0x56, 0x1b, 0xff, 0xff, 0xff, 0xff, 0xff}},
    {6171869u, 0x18f009e6u, 8u, {0x57, 0x7d, 0x60, 0x63, 0x7d, 0x8f, 0x7d, 0xff}},
    {6173880u, 0x0cf002e6u, 8u, {0xcd, 0x38, 0x14, 0x01, 0xfc, 0x3e, 0x21, 0xff}},
    {6174396u, 0x0cf004e6u, 8u, {0xf1, 0x97, 0x97, 0x1f, 0x21, 0xff, 0xff, 0xff}},
    {6180227u, 0x18f009e6u, 8u, {0x57, 0x7d, 0x60, 0x5b, 0x7d, 0xc7, 0x7d, 0xff}},
    {6184554u, 0x0cf002e6u, 8u, {0xcd, 0x38, 0x14, 0x00, 0xfc, 0x1f, 0x21, 0xff}},
    {6185065u, 0x18f005e6u, 8u, {0x87, 0x5f, 0x06, 0x87, 0x20, 0x41, 0x31, 0x30}},
    {6189602u, 0x18f009e6u, 8u, {0x57, 0x7d, 0x60, 0x53, 0x7d, 0xf7, 0x7d, 0xff}},
    {6194025u, 0x0cf002e6u, 8u, {0xcd, 0x38, 0x14, 0x00, 0xfc, 0x1f, 0x21, 0xff}},
    {6194579u, 0x0cf004e6u, 8u, {0xf1, 0x97, 0x97, 0x38, 0x21, 0xff, 0xff, 0xff}},
    {6195118u, 0x0cfe6ce6u, 8u, {0x4b, 0x10, 0xc0, 0xc0, 0x38, 0x14, 0x80, 0x2a}},
    {6200239u, 0x18f009e6u, 8u, {0x57, 0x7d, 0x60, 0x4b, 0x7d, 0x7f, 0x7f, 0xff}},
    {6201367u, 0x18fef1e6u, 8u, {0xf3, 0x66, 0x2a, 0xc0, 0x00, 0xff, 0xe0, 0xff}},
    {6204822u, 0x0cf002e6u, 8u, {0xcd, 0x38, 0x14, 0x00, 0xfc, 0x39, 0x21, 0xff}},
    {6205927u, 0x18fef2e6u, 8u, {0x40, 0x01, 0xff, 0xff, 0xff, 0xff, 0xff, 0xff}},
    {6209728u, 0x18f009e6u, 8u, {0x57, 0x7d, 0x60, 0x47, 0x7d, 0xef, 0x7f, 0xff}},
    {6213821u, 0x0cf002e6u, 8u, {0xcd, 0x38, 0x14, 0x00, 0xfc, 0x39, 0x21, 0xff}},
    {6214372u, 0x0cf004e6u, 8u, {0xf1, 0x97, 0x97, 0x38, 0x21, 0xff, 0xff, 0xff}},
    {6219121u, 0x0cf003e6u, 8u, {0xf0, 0x54, 0x1a, 0xff, 0xff, 0xff, 0xff, 0xff}},
    {6220844u, 0x18f001e6u, 8u, {0xcf, 0x00, 0xcf, 0xff, 0xff, 0xff, 0xff, 0xff}},
    {6221397u, 0x18f009e6u, 8u, {0x57, 0x7d, 0x60, 0x57, 0x7d, 0xc7, 0x7f, 0xff}},
    {6224493u, 0x0cf002e6u, 8u, {0xcd, 0x38, 0x14, 0x00, 0xfc, 0x2f, 0x21, 0xff}},
    {6229614u, 0x18f009e6u, 8u, {0x57, 0x7d, 0x60, 0x67, 0x7d, 0xf7, 0x7f, 0xff}},
    {6233910u, 0x0cf002e6u, 8u, {0xcd, 0x38, 0x14, 0x00, 0xfc, 0x2f, 0x21, 0xff}},
    {6234426u, 0x0cf004e6u, 8u, {0xf1, 0x97, 0x97, 0x27, 0x21, 0xff, 0xff, 0xff}},
    {6240359u, 0x18f009e6u, 8u, {0x57, 0x7d, 0x60, 0x67, 0x7d, 0x97, 0x80, 0xff}},
    {6244681u, 0x0cf002e6u, 8u, {0xcd, 0x38, 0x14, 0x00, 0xfc, 0x21, 0x21, 0xff}},
    {6245185u, 0x0cfe6ce6u, 8u, {0x4b, 0x10, 0xc0, 0xc0, 0x50, 0x14, 0x99, 0x2a}},
    {6250895u, 0x18f009e6u, 8u, {0x57, 0x7d, 0x60, 0x5f, 0x7d, 0xf7, 0x81, 0xff}},
    {6253930u, 0x0cf002e6u, 8u, {0xcd, 0x38, 0x14, 0x00, 0xfc, 0x21, 0x21, 0xff}},
    {6254483u, 0x0cf004e6u, 8u, {0xf1, 0x97, 0x97, 0x2c, 0x21, 0xff, 0xff, 0xff}},
    {6260257u, 0x18f009e6u, 8u, {0x57, 0x7d, 0x60, 0x53, 0x7d, 0xaf, 0x81, 0xff}},
    {6264642u, 0x0cf002e6u, 8u, {0xcd, 0x38, 0x14, 0x00, 0xfc, 0x3d, 0x21, 0xff}},
    {6269071u, 0x0cf003e6u, 8u, {0xf0, 0x53, 0x1a, 0xff, 0xff, 0xff, 0xff, 0xff}},
    {6271299u, 0x18f009e6u, 8u, {0x57, 0x7d, 0x60, 0x3f, 0x7d, 0x3f, 0x80, 0xff}},
    {6273882u, 0x0cf002e6u, 8u, {0xcd, 0x50, 0x14, 0x00, 0xfc, 0x3d, 0x21, 0xff}},
    {6274435u, 0x0cf004e6u, 8u, {0xf1, 0x97, 0x97, 0x23, 0x21, 0xff, 0xff, 0xff}},
    {6280296u, 0x18f009e6u, 8u, {0x57, 0x7d, 0x60, 0x3f, 0x7d, 0x2f, 0x7f, 0xff}},
    {6284599u, 0x0cf002e6u, 8u, {0xcd, 0x50, 0x14, 0x00, 0xfc, 0x22, 0x21, 0xff}},
    {6285112u, 0x18f005e6u, 8u, {0x87, 0x5f, 0x06, 0x87, 0x20, 0x41, 0x31, 0x30}},
    {6289602u, 0x18f009e6u, 8u, {0x57, 0x7d, 0x60, 0x5f, 0x7d, 0x6f, 0x7f, 0xff}},
    {6293836u, 0x0cf002e6u, 8u, {0xcd, 0x50, 0x14, 0x00, 0xfc, 0x22, 0x21, 0xff}},
    {6294412u, 0x0cf004e6u, 8u, {0xf1, 0x97, 0x97, 0x32, 0x21, 0xff, 0xff, 0xff}},
    {6294944u, 0x0cfe6ce6u, 8u, {0x4b, 0x10, 0xc0, 0xc0, 0x50, 0x14, 0xb3, 0x2a}},
    {6300328u, 0x18f009e6u, 8u, {0x57, 0x7d, 0x60, 0x77, 0x7d, 0x8f, 0x81, 0xff}},
    {6301471u, 0x18fef1e6u, 8u, {0xf3, 0x80, 0x2a, 0xc0, 0x00, 0xff, 0xe0, 0xff}},
    {6304797u, 0x0cf002e6u, 8u, {0xcd, 0x50, 0x14, 0x00, 0xfc, 0x45, 0x21, 0xff}},
    {6305801u, 0x18fef2e6u, 8u, {0x3d, 0x01, 0xff, 0xff, 0xff, 0xff, 0xff, 0xff}},
    {6309736u, 0x18f009e6u, 8u, {0x57, 0x7d, 0x60, 0x83, 0x7d, 0x9f, 0x83, 0xff}},
    {6314089u, 0x0cf002e6u, 8u, {0xcd, 0x50, 0x14, 0x00, 0xfc, 0x45, 0x21, 0xff}},
    {6314604u, 0x0cf004e6u, 8u, {0xf1, 0x96, 0x96, 0x38, 0x21, 0xff, 0xff, 0xff}},
    {6319065u, 0x0cf003e6u, 8u, {0xf0, 0x53, 0x1a, 0xff, 0xff, 0xff, 0xff, 0xff}},
    {6320710u, 0x18f001e6u, 8u, {0xcf, 0x00, 0xcf, 0xff, 0xff, 0xff, 0xff, 0xff}},
    {6321193u, 0x18f009e6u, 8u, {0x57, 0x7d, 0x60, 0x7f, 0x7d, 0x3f, 0x83, 0xff}},
    {6324630u, 0x0cf002e6u, 8u, {0xcd, 0x50, 0x14, 0x00, 0xfc, 0x25, 0x21, 0xff}},
    {6330226u, 0x18f009e6u, 8u, {0x57, 0x7d, 0x60, 0x6b, 0x7d, 0xcf, 0x81, 0xff}},
    {6333854u, 0x0cf002e6u, 8u, {0xcd, 0x50, 0x14, 0x00, 0xfc, 0x25, 0x21, 0xff}},
    {6334404u, 0x0cf004e6u, 8u, {0xf1, 0x96, 0x96, 0x38, 0x21, 0xff, 0xff, 0xff}},
    {6340251u, 0x18f009e6u, 8u, {0x57, 0x7d, 0x60, 0x5f, 0x7d, 0xe7, 0x80, 0xff}},
    {6344643u, 0x0cf002e6u, 8u, {0xcd, 0x50, 0x14, 0x00, 0xfc, 0x43, 0x21, 0xff}},
    {6345179u, 0x0cfe6ce6u, 8u, {0x4b, 0x10, 0xc0, 0xc0, 0x58, 0x14, 0xb3, 0x2a}},
    {6350930u, 0x18f009e6u, 8u, {0x57, 0x7d, 0x60, 0x4f, 0x7d, 0xd7, 0x7f, 0xff}},
    {6354036u, 0x0cf002e6u, 8u, {0xcd, 0x50, 0x14, 0x00, 0xfc, 0x43, 0x21, 0xff}},
    {6354477u, 0x0cf004e6u, 8u, {0xf1, 0x96, 0x96, 0x35, 0x21, 0xff, 0xff, 0xff}},
    {6360338u, 0x18f009e6u, 8u, {0x57, 0x7d, 0x60, 0x4b, 0x7d, 0x77, 0x7f, 0xff}},
    {6364695u, 0x0cf002e6u, 8u, {0xcd, 0x50, 0x14, 0x00, 0xfc, 0x39, 0x21, 0xff}},
    {6369074u, 0x0cf003e6u, 8u, {0xf0, 0x54, 0x1a, 0xff, 0xff, 0xff, 0xff, 0xff}},
    {6371343u, 0x18f009e6u, 8u, {0x57, 0x7d, 0x60, 0x5b, 0x7d, 0xb7, 0x7f, 0xff}},
    {6373767u, 0x0cf002e6u, 8u, {0xcd, 0x58, 0x14, 0x00, 0xfc, 0x39, 0x21, 0xff}},
    {6374317u, 0x0cf004e6u, 8u, {0xf1, 0x96, 0x96, 0x3f, 0x21, 0xff, 0xff, 0xff}},
    {6380266u, 0x18f009e6u, 8u, {0x57, 0x7d, 0x60, 0x77, 0x7d, 0x47, 0x81, 0xff}},
    {6384660u, 0x0cf002e6u, 8u, {0xcd, 0x58, 0x14, 0x00, 0xfc, 0x3c, 0x21, 0xff}},
    {6385164u, 0x18f005e6u, 8u, {0x87, 0x5f, 0x06, 0x87, 0x20, 0x41, 0x31, 0x30}},
    {6390891u, 0x18f009e6u, 8u, {0x59, 0x7d, 0x60, 0x7f, 0x7d, 0xc7, 0x83, 0xff}},
    {6393963u, 0x0cf002e6u, 8u, {0xcd, 0x58, 0x14, 0x00, 0xfc, 0x3c, 0x21, 0xff}},
    {6394554u, 0x0cf004e6u, 8u, {0xf1, 0x96, 0x96, 0x42, 0x21, 0xff, 0xff, 0xff}},
    {6395114u, 0x0cfe6ce6u, 8u, {0x4b, 0x10, 0xc0, 0xc0, 0x58, 0x14, 0xb3, 0x2a}},
    {6400280u, 0x18f009e6u, 8u, {0x59, 0x7d, 0x60, 0x7f, 0x7d, 0x2f, 0x84, 0xff}},
    {6401412u, 0x18fef1e6u, 8u, {0xf3, 0xb3, 0x2a, 0xc0, 0x00, 0xff, 0xe0, 0xff}},
    {6404743u, 0x0cf002e6u, 8u, {0xcd, 0x58, 0x14, 0x00, 0xfc, 0x57, 0x21, 0xff}},
    {6405974u, 0x18fef2e6u, 8u, {0x39, 0x01, 0xff, 0xff, 0xff, 0xff, 0xff, 0xff}},
    {6409651u, 0x18f009e6u, 8u, {0x59, 0x7d, 0x60, 0x73, 0x7d, 0xef, 0x82, 0xff}},
    {6413723u, 0x0cf002e6u, 8u, {0xcd, 0x58, 0x14, 0x00, 0xfc, 0x57, 0x21, 0xff}},
    {6414425u, 0x0cf004e6u, 8u, {0xf1, 0x96, 0x96, 0x4a, 0x21, 0xff, 0xff, 0xff}},
    {6419207u, 0x0cf003e6u, 8u, {0xf0, 0x4e, 0x19, 0xff, 0xff, 0xff, 0xff, 0xff}},
    {6420891u, 0x18f001e6u, 8u, {0xcf, 0x00, 0xcf, 0xff, 0xff, 0xff, 0xff, 0xff}},
    {6421453u, 0x18f009e6u, 8u, {0x59, 0x7d, 0x60, 0x5f, 0x7d, 0x8f, 0x80, 0xff}},
    {6424432u, 0x0cf002e6u, 8u, {0xcd, 0x58, 0x14, 0x00, 0xfc, 0x3a, 0x21, 0xff}},
    {6429595u, 0x18f009e6u, 8u, {0x59, 0x7d, 0x60, 0x4b, 0x7d, 0x27, 0x80, 0xff}},
    {6433852u, 0x0cf002e6u, 8u, {0xcd, 0x58, 0x14, 0x00, 0xfc, 0x3a, 0x21, 0xff}},
    {6434398u, 0x0cf004e6u, 8u, {0xf1, 0x96, 0x96, 0x4e, 0x21, 0xff, 0xff, 0xff}},
    {6440247u, 0x18f009e6u, 8u, {0x59, 0x7d, 0x60, 0x43, 0x7d, 0x27, 0x80, 0xff}},
    {6444623u, 0x0cf002e6u, 8u, {0xcd, 0x58, 0x14, 0x00, 0xfc, 0x54, 0x21, 0xff}},
    {6445117u, 0x0cfe6ce6u, 8u, {0x4b, 0x10, 0xc0, 0xc0, 0x60, 0x14, 0xcc, 0x2a}},
    {6450957u, 0x18f009e6u, 8u, {0x59, 0x7d, 0x60, 0x5f, 0x7d, 0xdf, 0x7f, 0xff}},
    {6454049u, 0x0cf002e6u, 8u, {0xcd, 0x58, 0x14, 0x00, 0xfc, 0x54, 0x21, 0xff}},
    {6454598u, 0x0cf004e6u, 8u, {0xf1, 0x96, 0x96, 0x41, 0x21, 0xff, 0xff, 0xff}},
    {6460325u, 0x18f009e6u, 8u, {0x59, 0x7d, 0x60, 0x83, 0x7d, 0x7f, 0x80, 0xff}},
    {6464698u, 0x0cf002e6u, 8u, {0xcd, 0x58, 0x14, 0x00, 0xfc, 0x36, 0x21, 0xff}},
    {6469084u, 0x0cf003e6u, 8u, {0xf0, 0x4c, 0x19, 0xff, 0xff, 0xff, 0xff, 0xff}},
    {6471928u, 0x18f009e6u, 8u, {0x5b, 0x7d, 0x60, 0x97, 0x7d, 0x37, 0x82, 0xff}},
    {6473965u, 0x0cf002e6u, 8u, {0xcd, 0x68, 0x14, 0x00, 0xfc, 0x36, 0x21, 0xff}},
    {6474512u, 0x0cf004e6u, 8u, {0xf1, 0x95, 0x95, 0x48, 0x21, 0xff, 0xff, 0xff}},
    {6480226u, 0x18f009e6u, 8u, {0x5b, 0x7d, 0x60, 0x93, 0x7d, 0xd7, 0x83, 0xff}},
    {6485062u, 0x0cf002e6u, 8u, {0xcd, 0x68, 0x14, 0x00, 0xfc, 0x4f, 0x21, 0xff}},
    {6486140u, 0x18f005e6u, 8u, {0x87, 0x5f, 0x06, 0x87, 0x20, 0x41, 0x31, 0x30}},
    {6489624u, 0x18f009e6u, 8u, {0x5b, 0x7d, 0x60, 0x7f, 0x7d, 0xd7, 0x83, 0xff}},
    {6494072u, 0x0cf002e6u, 8u, {0xcd, 0x68, 0x14, 0x00, 0xfc, 0x4f, 0x21, 0xff}},
    {6494623u, 0x0cf004e6u, 8u, {0xf1, 0x95, 0x95, 0x3d, 0x21, 0xff, 0xff, 0xff}},
    {6495162u, 0x0cfe6ce6u, 8u, {0x4b, 0x10, 0xc0, 0xc0, 0x68, 0x14, 0xcc, 0x2a}},
    {6500349u, 0x18f009e6u, 8u, {0x5b, 0x7d, 0x60, 0x63, 0x7d, 0x8f, 0x83, 0xff}},
    {6501487u, 0x18fef1e6u, 8u, {0xf3, 0xb3, 0x2a, 0xc0, 0x00, 0xff, 0xe0, 0xff}},
    {6504810u, 0x0cf002e6u, 8u, {0xcd, 0x68, 0x14, 0x00, 0xfc, 0x46, 0x21, 0xff}},
    {6505976u, 0x18fef2e6u, 8u, {0x35, 0x01, 0xff, 0xff, 0xff, 0xff, 0xff, 0xff}},
    {6509658u, 0x18f009e6u, 8u, {0x5b, 0x7d, 0x60, 0x3f, 0x7d, 0x47, 0x83, 0xff}},
    {6513877u, 0x0cf002e6u, 8u, {0xcd, 0x68, 0x14, 0x00, 0xfc, 0x46, 0x21, 0xff}},
    {6514432u, 0x0cf004e6u, 8u, {0xf1, 0x95, 0x95, 0x47, 0x21, 0xff, 0xff, 0xff}},
    {6519151u, 0x0cf003e6u, 8u, {0xf0, 0x4c, 0x18, 0xff, 0xff, 0xff, 0xff, 0xff}},
    {6520842u, 0x18f001e6u, 8u, {0xcf, 0x00, 0xcf, 0xff, 0xff, 0xff, 0xff, 0xff}},
    {6521395u, 0x18f009e6u, 8u, {0x5b, 0x7d, 0x60, 0x2f, 0x7d, 0xff, 0x80, 0xff}},
    {6524690u, 0x0cf002e6u, 8u, {0xcd, 0x68, 0x14, 0x00, 0xfc, 0x64, 0x21, 0xff}},
    {6530141u, 0x18f009e6u, 8u, {0x5d, 0x7d, 0x60, 0x33, 0x7d, 0x87, 0x7e, 0xff}},
    {6533899u, 0x0cf002e6u, 8u, {0xcd, 0x68, 0x14, 0x00, 0xfc, 0x64, 0x21, 0xff}},
    {6534410u, 0x0cf004e6u, 8u, {0xf1, 0x95, 0x95, 0x51, 0x21, 0xff, 0xff, 0xff}},
    {6540396u, 0x18f009e6u, 8u, {0x5d, 0x7d, 0x60, 0x43, 0x7d, 0xbf, 0x7d, 0xff}},
    {6544626u, 0x0cf002e6u, 8u, {0xcd, 0x68, 0x14, 0x00, 0xfc, 0x61, 0x21, 0xff}},
    {6545129u, 0x0cfe6ce6u, 8u, {0x4b, 0x10, 0xc0, 0xc0, 0x60, 0x14, 0xcc, 0x2a}},
    {6550937u, 0x18f009e6u, 8u, {0x5d, 0x7d, 0x60, 0x57, 0x7d, 0xe7, 0x7e, 0xff}},
    {6553922u, 0x0cf002e6u, 8u, {0xcd, 0x68, 0x14, 0x00, 0xfc, 0x61, 0x21, 0xff}},
    {6554558u, 0x0cf004e6u, 8u, {0xf1, 0x95, 0x95, 0x58, 0x21, 0xff, 0xff, 0xff}},
    {6560315u, 0x18f009e6u, 8u, {0x5d, 0x7d, 0x60, 0x67, 0x7d, 0x1f, 0x80, 0xff}},
    {6564693u, 0x0cf002e6u, 8u, {0xcd, 0x68, 0x14, 0x00, 0xfc, 0x4a, 0x21, 0xff}},
    {6569020u, 0x0cf003e6u, 8u, {0xf0, 0x4c, 0x18, 0xff, 0xff, 0xff, 0xff, 0xff}},
    {6571361u, 0x18f009e6u, 8u, {0x5d, 0x7d, 0x60, 0x63, 0x7d, 0x7f, 0x7f, 0xff}},
    {6573864u, 0x0cf002e6u, 8u, {0xcd, 0x70, 0x14, 0x00, 0xfc, 0x4a, 0x21, 0xff}},
    {6574376u, 0x0cf004e6u, 8u, {0xf1, 0x95, 0x95, 0x5c, 0x21, 0xff, 0xff, 0xff}},
    {6580256u, 0x18f009e6u, 8u, {0x5d, 0x7d, 0x60, 0x4f, 0x7d, 0xb7, 0x7e, 0xff}},
    {6584646u, 0x0cf002e6u, 8u, {0xcd, 0x70, 0x14, 0x00, 0xfc, 0x6b, 0x21, 0xff}},
    {6585158u, 0x18f005e6u, 8u, {0x87, 0x5f, 0x06, 0x87, 0x20, 0x41, 0x31, 0x30}},
    {6590843u, 0x18f009e6u, 8u, {0x5d, 0x7d, 0x60, 0x3f, 0x7d, 0xef, 0x7d, 0xff}},
    {6594082u, 0x0cf002e6u, 8u, {0xcd, 0x70, 0x14, 0x00, 0xfc, 0x6b, 0x21, 0xff}},
    {6594588u, 0x0cf004e6u, 8u, {0xf1, 0x94, 0x94, 0x57, 0x21, 0xff, 0xff, 0xff}},
    {6595106u, 0x0cfe6ce6u, 8u, {0x4b, 0x10, 0xc0, 0xc0, 0x70, 0x14, 0xe6, 0x2a}},
    {6600361u, 0x18f009e6u, 8u, {0x5d, 0x7d, 0x60, 0x2f, 0x7d, 0xaf, 0x7d, 0xff}},
    {6601503u, 0x18fef1e6u, 8u, {0xf3, 0xcc, 0x2a, 0xc0, 0x00, 0xff, 0xe0, 0xff}},
    {6604855u, 0x0cf002e6u, 8u, {0xcd, 0x70, 0x14, 0x00, 0xfc, 0x4a, 0x21, 0xff}},
    {6606011u, 0x18fef2e6u, 8u, {0x2b, 0x01, 0xff, 0xff, 0xff, 0xff, 0xff, 0xff}},
    {6609708u, 0x18f009e6u, 8u, {0x5d, 0x7d, 0x60, 0x33, 0x7d, 0x1f, 0x7f, 0xff}},
    {6614007u, 0x0cf002e6u, 8u, {0xcd, 0x70, 0x14, 0x00, 0xfc, 0x4a, 0x21, 0xff}},
    {6614553u, 0x0cf004e6u, 8u, {0xf1, 0x94, 0x94, 0x58, 0x21, 0xff, 0xff, 0xff}},
    {6619150u, 0x0cf003e6u, 8u, {0xf0, 0x4b, 0x18, 0xff, 0xff, 0xff, 0xff, 0xff}},
    {6620882u, 0x18f001e6u, 8u, {0xcf, 0x00, 0xcf, 0xff, 0xff, 0xff, 0xff, 0xff}},
    {6621419u, 0x18f009e6u, 8u, {0x5d, 0x7d, 0x60, 0x43, 0x7d, 0x27, 0x81, 0xff}},
    {6624644u, 0x0cf002e6u, 8u, {0xcd, 0x70, 0x14, 0x00, 0xfc, 0x7b, 0x21, 0xff}},
    {6629797u, 0x18f009e6u, 8u, {0x5d, 0x7d, 0x60, 0x47, 0x7d, 0xbf, 0x81, 0xff}},
    {6633846u, 0x0cf002e6u, 8u, {0xcd, 0x70, 0x14, 0x00, 0xfc, 0x7b, 0x21, 0xff}},
    {6634399u, 0x0cf004e6u, 8u, {0xf1, 0x94, 0x94, 0x67, 0x21, 0xff, 0xff, 0xff}},
    {6640300u, 0x18f009e6u, 8u, {0x5d, 0x7d, 0x60, 0x3b, 0x7d, 0xff, 0x81, 0xff}},
    {6644668u, 0x0cf002e6u, 8u, {0xcd, 0x70, 0x14, 0x00, 0xfc, 0x69, 0x21, 0xff}},
    {6645182u, 0x0cfe6ce6u, 8u, {0x4b, 0x10, 0xc0, 0xc0, 0x78, 0x14, 0xe6, 0x2a}},
    {6650882u, 0x18f009e6u, 8u, {0x5f, 0x7d, 0x60, 0x27, 0x7d, 0x67, 0x80, 0xff}},
    {6653990u, 0x0cf002e6u, 8u, {0xcd, 0x70, 0x14, 0x00, 0xfc, 0x69, 0x21, 0xff}},
    {6654538u, 0x0cf004e6u, 8u, {0xf1, 0x94, 0x94, 0x74, 0x21, 0xff, 0xff, 0xff}},
    {6660393u, 0x18f009e6u, 8u, {0x5f, 0x7d, 0x60, 0x23, 0x7d, 0x1f, 0x7e, 0xff}},
    {6664796u, 0x0cf002e6u, 8u, {0xcd, 0x70, 0x14, 0x00, 0xfc, 0x66, 0x21, 0xff}},
    {6669131u, 0x0cf003e6u, 8u, {0xf0, 0x47, 0x17, 0xff, 0xff, 0xff, 0xff, 0xff}},
    {6671915u, 0x18f009e6u, 8u, {0x5f, 0x7d, 0x60, 0x23, 0x7d, 0x7f, 0x7c, 0xff}},
    {6673915u, 0x0cf002e6u, 8u, {0xcd, 0x78, 0x14, 0x00, 0xfc, 0x66, 0x21, 0xff}},
    {6674498u, 0x0cf004e6u, 8u, {0xf1, 0x93, 0x93, 0x65, 0x21, 0xff, 0xff, 0xff}},
    {6680246u, 0x18f009e6u, 8u, {0x5f, 0x7d, 0x60, 0x2b, 0x7d, 0xaf, 0x7a, 0xff}},
    {6684624u, 0x0cf002e6u, 8u, {0xcd, 0x78, 0x14, 0x00, 0xfc, 0x64, 0x21, 0xff}},
    {6685122u, 0x18f005e6u, 8u, {0x87, 0x5f, 0x06, 0x87, 0x20, 0x41, 0x31, 0x30}},
    {6689664u, 0x18f009e6u, 8u, {0x5f, 0x7d, 0x60, 0x3b, 0x7d, 0x87, 0x7b, 0xff}},
    {6694013u, 0x0cf002e6u, 8u, {0xcd, 0x78, 0x14, 0x00, 0xfc, 0x64, 0x21, 0xff}},
    {6694565u, 0x0cf004e6u, 8u, {0xf1, 0x93, 0x93, 0x59, 0x21, 0xff, 0xff, 0xff}},
    {6695107u, 0x0cfe6ce6u, 8u, {0x4b, 0x10, 0xc0, 0xc0, 0x78, 0x14, 0xe6, 0x2a}},
    {6700323u, 0x18f009e6u, 8u, {0x5f, 0x7d, 0x60, 0x3f, 0x7d, 0xa7, 0x7e, 0xff}},
    {6701490u, 0x18fef1e6u, 8u, {0xf3, 0xe6, 0x2a, 0xc0, 0x00, 0xff, 0xe0, 0xff}},
    {6704885u, 0x0cf002e6u, 8u, {0xcd, 0x78, 0x14, 0x00, 0xfc, 0x4f, 0x21, 0xff}},
    {6706042u, 0x18fef2e6u, 8u, {0x21, 0x01, 0xff, 0xff, 0xff, 0xff, 0xff, 0xff}},
    {6709686u, 0x18f009e6u, 8u, {0x5f, 0x7d, 0x60, 0x4f, 0x7d, 0x37, 0x82, 0xff}},
    {6713832u, 0x0cf002e6u, 8u, {0xcd, 0x78, 0x14, 0x00, 0xfc, 0x4f, 0x21, 0xff}},
    {6714344u, 0x0cf004e6u, 8u, {0xf1, 0x93, 0x93, 0x4c, 0x21, 0xff, 0xff, 0xff}},
    {6719172u, 0x0cf003e6u, 8u, {0xf0, 0x47, 0x16, 0xff, 0xff, 0xff, 0xff, 0xff}},
    {6720889u, 0x18f001e6u, 8u, {0xcf, 0x00, 0xcf, 0xff, 0xff, 0xff, 0xff, 0xff}},
    {6721333u, 0x18f009e6u, 8u, {0x5f, 0x7d, 0x60, 0x3b, 0x7d, 0x6f, 0x85, 0xff}},
    {6724672u, 0x0cf002e6u, 8u, {0xcd, 0x78, 0x14, 0x00, 0xfc, 0x63, 0x21, 0xff}},
    {6730106u, 0x18f009e6u, 8u, {0x5f, 0x7d, 0x60, 0x1b, 0x7d, 0x77, 0x86, 0xff}},
    {6734137u, 0x0cf002e6u, 8u, {0xcd, 0x78, 0x14, 0x00, 0xfc, 0x63, 0x21, 0xff}},
    {6734667u, 0x0cf004e6u, 8u, {0xf1, 0x93, 0x93, 0x52, 0x21, 0xff, 0xff, 0xff}},
    {6740197u, 0x18f009e6u, 8u, {0x5f, 0x7d, 0x60, 0x0b, 0x7d, 0x27, 0x85, 0xff}},
    {6744610u, 0x0cf002e6u, 8u, {0xcd, 0x78, 0x14, 0x00, 0xfc, 0x5a, 0x21, 0xff}},
    {6745109u, 0x0cfe6ce6u, 8u, {0x4b, 0x10, 0xc0, 0xc0, 0x78, 0x14, 0x00, 0x2b}},
    {6750952u, 0x18f009e6u, 8u, {0x5f, 0x7d, 0x60, 0x03, 0x7d, 0x7f, 0x81, 0xff}},
    {6754009u, 0x0cf002e6u, 8u, {0xcd, 0x78, 0x14, 0x00, 0xfc, 0x5a, 0x21, 0xff}},
    {6754600u, 0x0cf004e6u, 8u, {0xf1, 0x93, 0x93, 0x62, 0x21, 0xff, 0xff, 0xff}},
    {6760269u, 0x18f009e6u, 8u, {0x5f, 0x7d, 0x60, 0x07, 0x7d, 0x0f, 0x7e, 0xff}},
    {6764720u, 0x0cf002e6u, 8u, {0xcd, 0x78, 0x14, 0x00, 0xfc, 0x7f, 0x21, 0xff}},
    {6769174u, 0x0cf003e6u, 8u, {0xf0, 0x49, 0x16, 0xff, 0xff, 0xff, 0xff, 0xff}},
    {6771327u, 0x18f009e6u, 8u, {0x5f, 0x7d, 0x60, 0x1b, 0x7d, 0xef, 0x7c, 0xff}},
    {6773855u, 0x0cf002e6u, 8u, {0xcd, 0x70, 0x14, 0x00, 0xfc, 0x7f, 0x21, 0xff}},
    {6774366u, 0x0cf004e6u, 8u, {0xf1, 0x93, 0x93, 0x62, 0x21, 0xff, 0xff, 0xff}},
    {6780259u, 0x18f009e6u, 8u, {0x5f, 0x7d, 0x60, 0x2f, 0x7d, 0x6f, 0x7d, 0xff}},
    {6784616u, 0x0cf002e6u, 8u, {0xcd, 0x70, 0x14, 0x00, 0xfc, 0x67, 0x21, 0xff}},
    {6785137u, 0x18f005e6u, 8u, {0x87, 0x5f, 0x06, 0x87, 0x20, 0x41, 0x31, 0x30}},
    {6789644u, 0x18f009e6u, 8u, {0x5f, 0x7d, 0x60, 0x3f, 0x7d, 0x57, 0x7f, 0xff}},
    {6793905u, 0x0cf002e6u, 8u, {0xcd, 0x70, 0x14, 0x00, 0xfc, 0x67, 0x21, 0xff}},
    {6794477u, 0x0cf004e6u, 8u, {0xf1, 0x92, 0x92, 0x6b, 0x21, 0xff, 0xff, 0xff}},
    {6795015u, 0x0cfe6ce6u, 8u, {0x4b, 0x10, 0xc0, 0xc0, 0x70, 0x14, 0xe6, 0x2a}},
    {6800310u, 0x18f009e6u, 8u, {0x5f, 0x7d, 0x60, 0x3f, 0x7d, 0x47, 0x81, 0xff}},
    {6801405u, 0x18fef1e6u, 8u, {0xf3, 0xe6, 0x2a, 0xc0, 0x00, 0xff, 0xe0, 0xff}},
    {6804782u, 0x0cf002e6u, 8u, {0xcd, 0x70, 0x14, 0x00, 0xfc, 0x8a, 0x21, 0xff}},
    {6805934u, 0x18fef2e6u, 8u, {0x15, 0x01, 0xff, 0xff, 0xff, 0xff, 0xff, 0xff}},
    {6809701u, 0x18f009e6u, 8u, {0x5f, 0x7d, 0x60, 0x3b, 0x7d, 0x5f, 0x82, 0xff}},
    {6813817u, 0x0cf002e6u, 8u, {0xcd, 0x70, 0x14, 0x00, 0xfc, 0x8a, 0x21, 0xff}},
    {6814412u, 0x0cf004e6u, 8u, {0xf1, 0x92, 0x92, 0x7f, 0x21, 0xff, 0xff, 0xff}},
    {6819170u, 0x0cf003e6u, 8u, {0xf0, 0x48, 0x15, 0xff, 0xff, 0xff, 0xff, 0xff}},
    {6820861u, 0x18f001e6u, 8u, {0xcf, 0x00, 0xcf, 0xff, 0xff, 0xff, 0xff, 0xff}},
    {6821290u, 0x18f009e6u, 8u, {0x5f, 0x7d, 0x60, 0x37, 0x7d, 0x67, 0x84, 0xff}},
    {6824707u, 0x0cf002e6u, 8u, {0xcd, 0x70, 0x14, 0x00, 0xfc, 0x95, 0x21, 0xff}},
    {6829700u, 0x18f009e6u, 8u, {0x5f, 0x7d, 0x60, 0x3b, 0x7d, 0xcf, 0x83, 0xff}},
    {6833898u, 0x0cf002e6u, 8u, {0xcd, 0x70, 0x14, 0x00, 0xfc, 0x95, 0x21, 0xff}},
    {6834442u, 0x0cf004e6u, 8u, {0xf1, 0x92, 0x92, 0x8c, 0x21, 0xff, 0xff, 0xff}},
    {6840471u, 0x18f009e6u, 8u, {0x5f, 0x7d, 0x60, 0x37, 0x7d, 0x2f, 0x81, 0xff}},
    {6844648u, 0x0cf002e6u, 8u, {0xcd, 0x70, 0x14, 0x00, 0xfc, 0x93, 0x21, 0xff}},
    {6845159u, 0x0cfe6ce6u, 8u, {0x4b, 0x10, 0xc0, 0xc0, 0x78, 0x14, 0x00, 0x2b}},
    {6850886u, 0x18f009e6u, 8u, {0x5f, 0x7d, 0x60, 0x23, 0x7d, 0x0f, 0x80, 0xff}},
    {6853979u, 0x0cf002e6u, 8u, {0xcd, 0x70, 0x14, 0x00, 0xfc, 0x93, 0x21, 0xff}},
    {6854497u, 0x0cf004e6u, 8u, {0xf1, 0x92, 0x92, 0xaa, 0x21, 0xff, 0xff, 0xff}},
    {6860325u, 0x18f009e6u, 8u, {0x5f, 0x7d, 0x60, 0x17, 0x7d, 0xaf, 0x7e, 0xff}},
    {6864688u, 0x0cf002e6u, 8u, {0xcd, 0x70, 0x14, 0x00, 0xfc, 0xaf, 0x21, 0xff}},
    {6869070u, 0x0cf003e6u, 8u, {0xf0, 0x48, 0x15, 0xff, 0xff, 0xff, 0xff, 0xff}},
    {6871283u, 0x18f009e6u, 8u, {0x5f, 0x7d, 0x60, 0x1b, 0x7d, 0x6f, 0x7d, 0xff}},
    {6873971u, 0x0cf002e6u, 8u, {0xcd, 0x98, 0x14, 0x00, 0xfc, 0xaf, 0x21, 0xff}},
    {6874524u, 0x0cf004e6u, 8u, {0xf1, 0x92, 0x92, 0xaa, 0x21, 0xff, 0xff, 0xff}},
    {6880290u, 0x18f009e6u, 8u, {0x5f, 0x7d, 0x60, 0x23, 0x7d, 0x07, 0x7d, 0xff}},
    {6884462u, 0x0cf002e6u, 8u, {0xcd, 0x98, 0x14, 0x00, 0xfc, 0x7b, 0x21, 0xff}},
    {6885140u, 0x18f005e6u, 8u, {0x87, 0x5f, 0x06, 0x87, 0x20, 0x41, 0x31, 0x30}},
    {6889610u, 0x18f009e6u, 8u, {0x5f, 0x7d, 0x60, 0x37, 0x7d, 0xdf, 0x7e, 0xff}},
    {6893824u, 0x0cf002e6u, 8u, {0xcd, 0x98, 0x14, 0x00, 0xfc, 0x7b, 0x21, 0xff}},
    {6894533u, 0x0cf004e6u, 8u, {0xf1, 0x92, 0x92, 0x9b, 0x21, 0xff, 0xff, 0xff}},
    {6895073u, 0x0cfe6ce6u, 8u, {0x4b, 0x10, 0xc0, 0xc0, 0x98, 0x14, 0x33, 0x2b}},
    {6900350u, 0x18f009e6u, 8u, {0x5f, 0x7d, 0x60, 0x43, 0x7d, 0xf7, 0x82, 0xff}},
    {6901388u, 0x18fef1e6u, 8u, {0xf3, 0xe6, 0x2a, 0xc0, 0x00, 0xff, 0xe0, 0xff}},
    {6904798u, 0x0cf002e6u, 8u, {0xcd, 0x98, 0x14, 0x00, 0xfc, 0x8d, 0x21, 0xff}},
    {6906609u, 0x18fef2e6u, 8u, {0x0b, 0x01, 0xff, 0xff, 0xff, 0xff, 0xff, 0xff}},
    {6909735u, 0x18f009e6u, 8u, {0x5f, 0x7d, 0x60, 0x3b, 0x7d, 0x9f, 0x84, 0xff}},
    {6913986u, 0x0cf002e6u, 8u, {0xcd, 0x98, 0x14, 0x00, 0xfc, 0x8d, 0x21, 0xff}},
    {6914655u, 0x0cf004e6u, 8u, {0xf1, 0x92, 0x92, 0x7e, 0x21, 0xff, 0xff, 0xff}},
    {6919104u, 0x0cf003e6u, 8u, {0xf0, 0x47, 0x15, 0xff, 0xff, 0xff, 0xff, 0xff}},
    {6920710u, 0x18f001e6u, 8u, {0xcf, 0x00, 0xcf, 0xff, 0xff, 0xff, 0xff, 0xff}},
    {6921313u, 0x18f009e6u, 8u, {0x5f, 0x7d, 0x60, 0x2b, 0x7d, 0x97, 0x82, 0xff}},
    {6924707u, 0x0cf002e6u, 8u, {0xcd, 0x98, 0x14, 0x00, 0xfc, 0x65, 0x21, 0xff}},
    {6930233u, 0x18f009e6u, 8u, {0x5f, 0x7d, 0x60, 0x23, 0x7d, 0xdf, 0x7d, 0xff}},
    {6933890u, 0x0cf002e6u, 8u, {0xcd, 0x98, 0x14, 0x00, 0xfc, 0x65, 0x21, 0xff}},
    {6934487u, 0x0cf004e6u, 8u, {0xf1, 0x92, 0x92, 0x7c, 0x21, 0xff, 0xff, 0xff}},
    {6940294u, 0x18f009e6u, 8u, {0x5f, 0x7d, 0x60, 0x1f, 0x7d, 0x9f, 0x7c, 0xff}},
    {6944714u, 0x0cf002e6u, 8u, {0xcd, 0x98, 0x14, 0x00, 0xfc, 0x8d, 0x21, 0xff}},
    {6945233u, 0x0cfe6ce6u, 8u, {0x4b, 0x10, 0xc0, 0xc0, 0x90, 0x14, 0x33, 0x2b}},
    {6950920u, 0x18f009e6u, 8u, {0x5f, 0x7d, 0x60, 0x23, 0x7d, 0x3f, 0x7e, 0xff}},
    {6954084u, 0x0cf002e6u, 8u, {0xcd, 0x98, 0x14, 0x00, 0xfc, 0x8d, 0x21, 0xff}},
    {6954636u, 0x0cf004e6u, 8u, {0xf1, 0x92, 0x92, 0x71, 0x21, 0xff, 0xff, 0xff}},
    {6960318u, 0x18f009e6u, 8u, {0x61, 0x7d, 0x60, 0x27, 0x7d, 0xaf, 0x7e, 0xff}},
    {6964659u, 0x0cf002e6u, 8u, {0xcd, 0x98, 0x14, 0x00, 0xfc, 0x7b, 0x21, 0xff}},
    {6969075u, 0x0cf003e6u, 8u, {0xf0, 0x48, 0x15, 0xff, 0xff, 0xff, 0xff, 0xff}},
    {6971880u, 0x18f009e6u, 8u, {0x61, 0x7d, 0x60, 0x1f, 0x7d, 0xef, 0x7d, 0xff}},
    {6974040u, 0x0cf002e6u, 8u, {0xcd, 0x88, 0x14, 0x00, 0xfc, 0x7b, 0x21, 0xff}},
    {6974546u, 0x0cf004e6u, 8u, {0xf1, 0x92, 0x92, 0x8f, 0x21, 0xff, 0xff, 0xff}},
    {6980367u, 0x18f009e6u, 8u, {0x61, 0x7d, 0x60, 0x17, 0x7d, 0xff, 0x7b, 0xff}},
    {6984633u, 0x0cf002e6u, 8u, {0xdd, 0x98, 0x17, 0x00, 0xfc, 0x30, 0x1e, 0xff}},
    {6985232u, 0x18f005e6u, 8u, {0x87, 0x5f, 0x06, 0x87, 0x20, 0x41, 0x31, 0x30}},
    {6989826u, 0x18f009e6u, 8u, {0x61, 0x7d, 0x60, 0x1f, 0x7d, 0x87, 0x7a, 0xff}},
    {6993955u, 0x0cf002e6u, 8u, {0xdd, 0x98, 0x17, 0x00, 0xfc, 0x42, 0x1e, 0xff}},
    {6994463u, 0x0cf004e6u, 8u, {0xf1, 0x92, 0x92, 0x84, 0x21, 0xff, 0xff, 0xff}},
    {6995050u, 0x0cfe6ce6u, 8u, {0x4b, 0x10, 0xc0, 0xc0, 0x88, 0x14, 0x19, 0x2b}},
    {7000288u, 0x18f009e6u, 8u, {0x61, 0x7d, 0x60, 0x2b, 0x7d, 0xcf, 0x79, 0xff}},
    {7001495u, 0x18fef1e6u, 8u, {0xf3, 0x33, 0x2b, 0xc0, 0x00, 0xff, 0xe0, 0xff}},
    {7004890u, 0x0cf002e6u, 8u, {0xdd, 0x98, 0x17, 0x00, 0xfc, 0x42, 0x1e, 0xff}},
    {7006069u, 0x18fef2e6u, 8u, {0x06, 0x01, 0xff, 0xff, 0xff, 0xff, 0xff, 0xff}},
    {7009706u, 0x18f009e6u, 8u, {0x61, 0x7d, 0x60, 0x37, 0x7d, 0x6f, 0x79, 0xff}},
    {7013947u, 0x0cf002e6u, 8u, {0xdd, 0x98, 0x17, 0x00, 0xfc, 0x46, 0x1e, 0xff}},
    {7014499u, 0x0cf004e6u, 8u, {0xf1, 0x92, 0x92, 0x8e, 0x21, 0xff, 0xff, 0xff}},
    {7019204u, 0x0cf003e6u, 8u, {0xf0, 0x48, 0x15, 0xff, 0xff, 0xff, 0xff, 0xff}},
    {7020869u, 0x18f001e6u, 8u, {0xcf, 0x00, 0xcf, 0xff, 0xff, 0xff, 0xff, 0xff}},
    {7021400u, 0x18f009e6u, 8u, {0x61, 0x7d, 0x60, 0x37, 0x7d, 0xc7, 0x7b, 0xff}},
    {7024681u, 0x0cf002e6u, 8u, {0xdd, 0x98, 0x17, 0x00, 0xfc, 0x46, 0x1e, 0xff}},
    {7029742u, 0x18f009e6u, 8u, {0x61, 0x7d, 0x60, 0x1b, 0x7d, 0x9f, 0x7f, 0xff}},
    {7033974u, 0x0cf002e6u, 8u, {0xdd, 0x98, 0x17, 0x00, 0xfc, 0x3e, 0x1e, 0xff}},
    {7034563u, 0x0cf004e6u, 8u, {0xf1, 0x91, 0x91, 0xa9, 0x21, 0xff, 0xff, 0xff}},
    {7040241u, 0x18f009e6u, 8u, {0x61, 0x7d, 0x60, 0x03, 0x7d, 0xb7, 0x81, 0xff}},
    {7044779u, 0x0cf002e6u, 8u, {0xdd, 0x98, 0x17, 0x00, 0xfc, 0x3e, 0x1e, 0xff}},
    {7045285u, 0x0cfe6ce6u, 8u, {0x4b, 0x10, 0xc0, 0xc0, 0x88, 0x14, 0x19, 0x2b}},
    {7051014u, 0x18f009e6u, 8u, {0x61, 0x7d, 0x60, 0x0b, 0x7d, 0x87, 0x81, 0xff}},
    {7053979u, 0x0cf002e6u, 8u, {0xdd, 0x98, 0x17, 0x00, 0xfc, 0x4a, 0x1e, 0xff}},
    {7054556u, 0x0cf004e6u, 8u, {0xf1, 0x91, 0x91, 0xa6, 0x21, 0xff, 0xff, 0xff}},
    {7060365u, 0x18f009e6u, 8u, {0x63, 0x7d, 0x60, 0x27, 0x7d, 0x47, 0x81, 0xff}},
    {7064858u, 0x0cf002e6u, 8u, {0xdd, 0x98, 0x17, 0x00, 0xfc, 0x4a, 0x1e, 0xff}},
    {7069132u, 0x0cf003e6u, 8u, {0xf0, 0x45, 0x15, 0xff, 0xff, 0xff, 0xff, 0xff}},
    {7071364u, 0x18f009e6u, 8u, {0x65, 0x7d, 0x60, 0x47, 0x7d, 0x2f, 0x81, 0xff}},
    {7073910u, 0x0cf002e6u, 8u, {0xdd, 0x98, 0x17, 0x00, 0xfc, 0x33, 0x1e, 0xff}},
    {7074457u, 0x0cf004e6u, 8u, {0xf1, 0x91, 0x91, 0xb9, 0x21, 0xff, 0xff, 0xff}},
    {7080349u, 0x18f009e6u, 8u, {0x67, 0x7d, 0x60, 0x57, 0x7d, 0x7f, 0x80, 0xff}},
    {7084663u, 0x0cf002e6u, 8u, {0xdd, 0x98, 0x17, 0x00, 0xfc, 0x33, 0x1e, 0xff}},
    {7085182u, 0x18f005e6u, 8u, {0x87, 0x5f, 0x06, 0x87, 0x20, 0x41, 0x31, 0x30}},
    {7089666u, 0x18f009e6u, 8u, {0x67, 0x7d, 0x60, 0x47, 0x7d, 0x17, 0x7e, 0xff}},
    {7094002u, 0x0cf002e6u, 8u, {0xdd, 0xc8, 0x17, 0x00, 0xfc, 0x53, 0x1e, 0xff}},
    {7094682u, 0x0cf004e6u, 8u, {0xf1, 0x91, 0x91, 0xb2, 0x21, 0xff, 0xff, 0xff}},
    {7095214u, 0x0cfe6ce6u, 8u, {0x4b, 0x10, 0xc0, 0xc0, 0x98, 0x14, 0x33, 0x2b}},
    {7100370u, 0x18f009e6u, 8u, {0x69, 0x7d, 0x60, 0x27, 0x7d, 0x97, 0x7c, 0xff}},
    {7101507u, 0x18fef1e6u, 8u, {0xf3, 0x19, 0x2b, 0xc0, 0x00, 0xff, 0xe0, 0xff}},
    {7104893u, 0x0cf002e6u, 8u, {0xdd, 0xc8, 0x17, 0x00, 0xfc, 0x53, 0x1e, 0xff}},
    {7105999u, 0x18fef2e6u, 8u, {0x04, 0x01, 0xff, 0xff, 0xff, 0xff, 0xff, 0xff}},
    {7109711u, 0x18f009e6u, 8u, {0x6b, 0x7d, 0x60, 0x0b, 0x7d, 0x9f, 0x7e, 0xff}},
    {7113831u, 0x0cf002e6u, 8u, {0xdd, 0xc8, 0x17, 0x00, 0xfc, 0x43, 0x1e, 0xff}},
    {7114490u, 0x0cf004e6u, 8u, {0xf1, 0x91, 0x91, 0xa1, 0x21, 0xff, 0xff, 0xff}},
    {7119237u, 0x0cf003e6u, 8u, {0xf0, 0x44, 0x14, 0xff, 0xff, 0xff, 0xff, 0xff}},
    {7120938u, 0x18f001e6u, 8u, {0xcf, 0x00, 0xcf, 0xff, 0xff, 0xff, 0xff, 0xff}},
    {7121492u, 0x18f009e6u, 8u, {0x6d, 0x7d, 0x60, 0x07, 0x7d, 0x0f, 0x82, 0xff}},
    {7124760u, 0x0cf002e6u, 8u, {0xdd, 0xc8, 0x17, 0x00, 0xfc, 0x43, 0x1e, 0xff}},
    {7130333u, 0x18f009e6u, 8u, {0x71, 0x7d, 0x60, 0x0f, 0x7d, 0x9f, 0x82, 0xff}},
    {7134068u, 0x0cf002e6u, 8u, {0xdd, 0xc8, 0x17, 0x00, 0xfc, 0x7a, 0x1e, 0xff}},
    {7134657u, 0x0cf004e6u, 8u, {0xf1, 0x91, 0x91, 0x83, 0x21, 0xff, 0xff, 0xff}},
    {7140380u, 0x18f009e6u, 8u, {0x73, 0x7d, 0x60, 0x2f, 0x7d, 0x2f, 0x7f, 0xff}},
    {7144668u, 0x0cf002e6u, 8u, {0xdd, 0xc0, 0x17, 0x00, 0xfc, 0x7a, 0x1e, 0xff}},
    {7145155u, 0x0cfe6ce6u, 8u, {0x4b, 0x10, 0xc0, 0xc0, 0xa8, 0x14, 0x4c, 0x2b}},
    {7150920u, 0x18f009e6u, 8u, {0x75, 0x7d, 0x60, 0x4b, 0x7d, 0xef, 0x7c, 0xff}},
    {7154147u, 0x0cf002e6u, 8u, {0xdd, 0xc0, 0x17, 0x00, 0xfc, 0x6d, 0x1e, 0xff}},
    {7154658u, 0x0cf004e6u, 8u, {0xf1, 0x91, 0x91, 0x8d, 0x21, 0xff, 0xff, 0xff}},
    {7160283u, 0x18f009e6u, 8u, {0x77, 0x7d, 0x60, 0x4f, 0x7d, 0x6f, 0x7c, 0xff}},
    {7164720u, 0x0cf002e6u, 8u, {0xdd, 0xc0, 0x17, 0x00, 0xfc, 0x6d, 0x1e, 0xff}},
    {7169136u, 0x0cf003e6u, 8u, {0xf0, 0x43, 0x14, 0xff, 0xff, 0xff, 0xff, 0xff}},
    {7171971u, 0x18f009e6u, 8u, {0x79, 0x7d, 0x60, 0x3f, 0x7d, 0xe7, 0x7c, 0xff}},
    {7173990u, 0x0cf002e6u, 8u, {0xdd, 0xc0, 0x17, 0x00, 0xfc, 0x9f, 0x1e, 0xff}},
    {7174508u, 0x0cf004e6u, 8u, {0xf1, 0x91, 0x91, 0x88, 0x21, 0xff, 0xff, 0xff}},
    {7180289u, 0x18f009e6u, 8u, {0x7b, 0x7d, 0x60, 0x27, 0x7d, 0xa7, 0x7d, 0xff}},
    {7184584u, 0x0cf002e6u, 8u, {0xdd, 0xc0, 0x17, 0x00, 0xfc, 0x9f, 0x1e, 0xff}},
    {7185188u, 0x18f005e6u, 8u, {0x87, 0x5f, 0x06, 0x87, 0x20, 0x41, 0x31, 0x30}},
    {7189761u, 0x18f009e6u, 8u, {0x7d, 0x7d, 0x60, 0x1f, 0x7d, 0xff, 0x7d, 0xff}},
    {7194042u, 0x0cf002e6u, 8u, {0xdd, 0xc0, 0x17, 0x01, 0xfc, 0x7e, 0x1e, 0xff}},
    {7194549u, 0x0cf004e6u, 8u, {0xf1, 0x91, 0x91, 0x96, 0x21, 0xff, 0xff, 0xff}},
    {7195130u, 0x0cfe6ce6u, 8u, {0x4b, 0x10, 0xc0, 0xc0, 0x98, 0x14, 0x33, 0x2b}},
    {7200398u, 0x18f009e6u, 8u, {0x7f, 0x7d, 0x60, 0x1b, 0x7d, 0x1f, 0x80, 0xff}},
    {7201465u, 0x18fef1e6u, 8u, {0xf3, 0x33, 0x2b, 0xc0, 0x00, 0xff, 0xe0, 0xff}},
    {7204905u, 0x0cf002e6u, 8u, {0xdd, 0xc0, 0x17, 0x01, 0xfc, 0x7e, 0x1e, 0xff}},
    {7206032u, 0x18fef2e6u, 8u, {0xfe, 0x00, 0xff, 0xff, 0xff, 0xff, 0xff, 0xff}},
    {7209705u, 0x18f009e6u, 8u, {0x81, 0x7d, 0x60, 0x23, 0x7d, 0xdf, 0x81, 0xff}},
    {7214076u, 0x0cf002e6u, 8u, {0xdd, 0xc0, 0x17, 0x00, 0xfc, 0xb2, 0x1e, 0xff}},
    {7214670u, 0x0cf004e6u, 8u, {0xf1, 0x91, 0x91, 0xaa, 0x21, 0xff, 0xff, 0xff}},
    {7219181u, 0x0cf003e6u, 8u, {0xf0, 0x41, 0x14, 0xff, 0xff, 0xff, 0xff, 0xff}},
    {7220870u, 0x18f001e6u, 8u, {0xcf, 0x00, 0xcf, 0xff, 0xff, 0xff, 0xff, 0xff}},
    {7221392u, 0x18f009e6u, 8u, {0x81, 0x7d, 0x60, 0x23, 0x7d, 0x8f, 0x83, 0xff}},
    {7224656u, 0x0cf002e6u, 8u, {0xdd, 0xc0, 0x17, 0x00, 0xfc, 0xb2, 0x1e, 0xff}},
    {7229663u, 0x18f009e6u, 8u, {0x83, 0x7d, 0x60, 0x1b, 0x7d, 0x77, 0x84, 0xff}},
    {7234103u, 0x0cf002e6u, 8u, {0xdd, 0xc0, 0x17, 0x01, 0xfc, 0x7d, 0x1e, 0xff}},
    {7234646u, 0x0cf004e6u, 8u, {0xf1, 0x90, 0x90, 0xa9, 0x21, 0xff, 0xff, 0xff}},
    {7240274u, 0x18f009e6u, 8u, {0x85, 0x7d, 0x60, 0x1b, 0x7d, 0x9f, 0x82, 0xff}},
    {7244691u, 0x0cf002e6u, 8u, {0xdd, 0xe8, 0x17, 0x01, 0xfc, 0x7d, 0x1e, 0xff}},
    {7245215u, 0x0cfe6ce6u, 8u, {0x4b, 0x10, 0xc0, 0xc0, 0x98, 0x14, 0x4c, 0x2b}},
    {7250906u, 0x18f009e6u, 8u, {0x85, 0x7d, 0x60, 0x23, 0x7d, 0x4f, 0x7e, 0xff}},
    {7254106u, 0x0cf002e6u, 8u, {0xdd, 0xe8, 0x17, 0x01, 0xfc, 0xb0, 0x1e, 0xff}},
    {7254654u, 0x0cf004e6u, 8u, {0xf1, 0x90, 0x90, 0xc5, 0x21, 0xff, 0xff, 0xff}},
    {7260367u, 0x18f009e6u, 8u, {0x87, 0x7d, 0x60, 0x1f, 0x7d, 0x3f, 0x7b, 0xff}},
    {7264682u, 0x0cf002e6u, 8u, {0xdd, 0xe8, 0x17, 0x01, 0xfc, 0xb0, 0x1e, 0xff}},
    {7269170u, 0x0cf003e6u, 8u, {0xf0, 0x3e, 0x13, 0xff, 0xff, 0xff, 0xff, 0xff}},
    {7271429u, 0x18f009e6u, 8u, {0x87, 0x7d, 0x60, 0x1b, 0x7d, 0x37, 0x7d, 0xff}},
    {7273905u, 0x0cf002e6u, 8u, {0xdd, 0xe8, 0x17, 0x00, 0xfc, 0x6d, 0x1e, 0xff}},
    {7274407u, 0x0cf004e6u, 8u, {0xf1, 0x90, 0x90, 0xc5, 0x21, 0xff, 0xff, 0xff}},
    {7280250u, 0x18f009e6u, 8u, {0x8b, 0x7d, 0x60, 0x23, 0x7d, 0x7f, 0x81, 0xff}},
    {7284657u, 0x0cf002e6u, 8u, {0xdd, 0xe8, 0x17, 0x00, 0xfc, 0x6d, 0x1e, 0xff}},
    {7285180u, 0x18f005e6u, 8u, {0x87, 0x5f, 0x06, 0x87, 0x20, 0x41, 0x31, 0x30}},
    {7289807u, 0x18f009e6u, 8u, {0x8b, 0x7d, 0x60, 0x23, 0x7d, 0x77, 0x83, 0xff}},
    {7294143u, 0x0cf002e6u, 8u, {0xdd, 0x00, 0x18, 0x01, 0xfc, 0xac, 0x1e, 0xff}},
    {7294686u, 0x0cf004e6u, 8u, {0xf1, 0x90, 0x90, 0xcd, 0x21, 0xff, 0xff, 0xff}},
    {7295233u, 0x0cfe6ce6u, 8u, {0x4b, 0x10, 0xc0, 0xc0, 0xa0, 0x14, 0x4c, 0x2b}},
    {7300323u, 0x18f009e6u, 8u, {0x8b, 0x7d, 0x60, 0x23, 0x7d, 0xa7, 0x82, 0xff}},
    {7301455u, 0x18fef1e6u, 8u, {0xf3, 0x33, 0x2b, 0xc0, 0x00, 0xff, 0xe0, 0xff}},
    {7304919u, 0x0cf002e6u, 8u, {0xdd, 0x00, 0x18, 0x01, 0xfc, 0xac, 0x1e, 0xff}},
    {7306002u, 0x18fef2e6u, 8u, {0xf9, 0x00, 0xff, 0xff, 0xff, 0xff, 0xff, 0xff}},
    {7309692u, 0x18f009e6u, 8u, {0x8d, 0x7d, 0x60, 0x23, 0x7d, 0xf7, 0x81, 0xff}},
    {7313904u, 0x0cf002e6u, 8u, {0xdd, 0x00, 0x18, 0x00, 0xfc, 0x73, 0x1e, 0xff}},
    {7314459u, 0x0cf004e6u, 8u, {0xf1, 0x90, 0x90, 0xbe, 0x21, 0xff, 0xff, 0xff}},
    {7319231u, 0x0cf003e6u, 8u, {0xf0, 0x3d, 0x13, 0xff, 0xff, 0xff, 0xff, 0xff}},
    {7320927u, 0x18f001e6u, 8u, {0xcf, 0x00, 0xcf, 0xff, 0xff, 0xff, 0xff, 0xff}},
    {7321420u, 0x18f009e6u, 8u, {0x8d, 0x7d, 0x60, 0x1b, 0x7d, 0x2f, 0x82, 0xff}},
    {7324676u, 0x0cf002e6u, 8u, {0xdd, 0x00, 0x18, 0x00, 0xfc, 0x73, 0x1e, 0xff}},
    {7330270u, 0x18f009e6u, 8u, {0x8f, 0x7d, 0x60, 0x0f, 0x7d, 0x77, 0x81, 0xff}},
    {7334020u, 0x0cf002e6u, 8u, {0xdd, 0x00, 0x18, 0x02, 0xfc, 0xd8, 0x1e, 0xff}},
    {7334588u, 0x0cf004e6u, 8u, {0xf1, 0x8f, 0x8f, 0xa4, 0x21, 0xff, 0xff, 0xff}},
    {7340304u, 0x18f009e6u, 8u, {0x91, 0x7d, 0x60, 0x1b, 0x7d, 0xff, 0x7d, 0xff}},
    {7344693u, 0x0cf002e6u, 8u, {0xdd, 0xf8, 0x17, 0x02, 0xfc, 0xd8, 0x1e, 0xff}},
    {7345214u, 0x0cfe6ce6u, 8u, {0x4b, 0x10, 0xc0, 0xc0, 0xb0, 0x14, 0x66, 0x2b}},
    {7351231u, 0x18f009e6u, 8u, {0x93, 0x7d, 0x60, 0x2f, 0x7d, 0xf7, 0x7a, 0xff}},
    {7354081u, 0x0cf002e6u, 8u, {0xdd, 0xf8, 0x17, 0x01, 0xfc, 0x9b, 0x1e, 0xff}},
    {7354601u, 0x0cf004e6u, 8u, {0xf1, 0x8f, 0x8f, 0x7c, 0x21, 0xff, 0xff, 0xff}},
    {7360381u, 0x18f009e6u, 8u, {0x93, 0x7d, 0x60, 0x2f, 0x7d, 0x7f, 0x7b, 0xff}},
    {7364948u, 0x0cf002e6u, 8u, {0xdd, 0xf8, 0x17, 0x01, 0xfc, 0x9b, 0x1e, 0xff}},
    {7369126u, 0x0cf003e6u, 8u, {0xf0, 0x3d, 0x12, 0xff, 0xff, 0xff, 0xff, 0xff}},
    {7371345u, 0x18f009e6u, 8u, {0x95, 0x7d, 0x60, 0x2b, 0x7d, 0xdf, 0x7e, 0xff}},
    {7373904u, 0x0cf002e6u, 8u, {0xdd, 0xf8, 0x17, 0x01, 0xfc, 0x10, 0x1f, 0xff}},
    {7374451u, 0x0cf004e6u, 8u, {0xf1, 0x8f, 0x8f, 0x89, 0x21, 0xff, 0xff, 0xff}},
    {7380322u, 0x18f009e6u, 8u, {0x95, 0x7d, 0x60, 0x2f, 0x7d, 0x57, 0x82, 0xff}},
    {7384689u, 0x0cf002e6u, 8u, {0xdd, 0xf8, 0x17, 0x01, 0xfc, 0x10, 0x1f, 0xff}},
    {7385204u, 0x18f005e6u, 8u, {0x87, 0x5f, 0x06, 0x87, 0x20, 0x41, 0x31, 0x30}},
    {7389686u, 0x18f009e6u, 8u, {0x95, 0x7d, 0x60, 0x3b, 0x7d, 0x27, 0x81, 0xff}},
    {7394091u, 0x0cf002e6u, 8u, {0xdd, 0x00, 0x18, 0x02, 0xfc, 0xb2, 0x1e, 0xff}},
    {7394681u, 0x0cf004e6u, 8u, {0xf1, 0x8f, 0x8f, 0x8d, 0x21, 0xff, 0xff, 0xff}},
    {7395215u, 0x0cfe6ce6u, 8u, {0x4b, 0x10, 0xc0, 0xc0, 0xa0, 0x14, 0x4c, 0x2b}},
    {7400409u, 0x18f009e6u, 8u, {0x95, 0x7d, 0x60, 0x43, 0x7d, 0x37, 0x7f, 0xff}},
    {7401494u, 0x18fef1e6u, 8u, {0xf3, 0x4c, 0x2b, 0xc0, 0x00, 0xff, 0xe0, 0xff}},
    {7404916u, 0x0cf002e6u, 8u, {0xdd, 0x00, 0x18, 0x02, 0xfc, 0xb2, 0x1e, 0xff}},
    {7406061u, 0x18fef2e6u, 8u, {0xee, 0x00, 0xff, 0xff, 0xff, 0xff, 0xff, 0xff}},
    {7409696u, 0x18f009e6u, 8u, {0x95, 0x7d, 0x60, 0x4b, 0x7d, 0xbf, 0x7f, 0xff}},
    {7413924u, 0x0cf002e6u, 8u, {0xdd, 0x00, 0x18, 0x00, 0xfc, 0x01, 0x1f, 0xff}},
    {7414475u, 0x0cf004e6u, 8u, {0xf1, 0x8f, 0x8f, 0x9c, 0x21, 0xff, 0xff, 0xff}},
    {7419200u, 0x0cf003e6u, 8u, {0xf0, 0x3c, 0x12, 0xff, 0xff, 0xff, 0xff, 0xff}},
    {7420882u, 0x18f001e6u, 8u, {0xcf, 0x00, 0xcf, 0xff, 0xff, 0xff, 0xff, 0xff}},
    {7421414u, 0x18f009e6u, 8u, {0x95, 0x7d, 0x60, 0x4f, 0x7d, 0xa7, 0x81, 0xff}},
    {7424741u, 0x0cf002e6u, 8u, {0xdd, 0x00, 0x18, 0x00, 0xfc, 0x01, 0x1f, 0xff}},
    {7429662u, 0x18f009e6u, 8u, {0x95, 0x7d, 0x60, 0x3f, 0x7d, 0x9f, 0x82, 0xff}},
    {7434059u, 0x0cf002e6u, 8u, {0xdd, 0x00, 0x18, 0x02, 0xfc, 0x9a, 0x1e, 0xff}},
    {7434608u, 0x0cf004e6u, 8u, {0xf1, 0x8f, 0x8f, 0xbb, 0x21, 0xff, 0xff, 0xff}},
    {7440416u, 0x18f009e6u, 8u, {0x95, 0x7d, 0x60, 0x27, 0x7d, 0x1f, 0x81, 0xff}},
    {7444649u, 0x0cf002e6u, 8u, {0xdd, 0x28, 0x18, 0x02, 0xfc, 0x9a, 0x1e, 0xff}},
    {7445203u, 0x0cfe6ce6u, 8u, {0x4b, 0x10, 0xc0, 0xc0, 0x98, 0x14, 0x33, 0x2b}},
    {7450983u, 0x18f009e6u, 8u, {0x95, 0x7d, 0x60, 0x1f, 0x7d, 0xe7, 0x7f, 0xff}},
    {7454108u, 0x0cf002e6u, 8u, {0xdd, 0x28, 0x18, 0x02, 0xfc, 0x02, 0x1f, 0xff}},
    {7454653u, 0x0cf004e6u, 8u, {0xf1, 0x8e, 0x8e, 0xce, 0x21, 0xff, 0xff, 0xff}},
    {7460340u, 0x18f009e6u, 8u, {0x95, 0x7d, 0x60, 0x2b, 0x7d, 0x4f, 0x81, 0xff}},
    {7464658u, 0x0cf002e6u, 8u, {0xdd, 0x28, 0x18, 0x02, 0xfc, 0x02, 0x1f, 0xff}},
    {7469225u, 0x0cf003e6u, 8u, {0xf0, 0x3d, 0x12, 0xff, 0xff, 0xff, 0xff, 0xff}},
    {7472067u, 0x18f009e6u, 8u, {0x95, 0x7d, 0x60, 0x47, 0x7d, 0x2f, 0x83, 0xff}},
    {7474062u, 0x0cf002e6u, 8u, {0xdd, 0x28, 0x18, 0x00, 0xfc, 0xb5, 0x1e, 0xff}},
    {7474609u, 0x0cf004e6u, 8u, {0xf1, 0x8e, 0x8e, 0xe4, 0x21, 0xff, 0xff, 0xff}},
    {7480256u, 0x18f009e6u, 8u, {0x95, 0x7d, 0x60, 0x5f, 0x7d, 0x3f, 0x82, 0xff}},
    {7484781u, 0x0cf002e6u, 8u, {0xdd, 0x28, 0x18, 0x00, 0xfc, 0xb5, 0x1e, 0xff}},
    {7485323u, 0x18f005e6u, 8u, {0x87, 0x5f, 0x06, 0x87, 0x20, 0x41, 0x31, 0x30}},
    {7489634u, 0x18f009e6u, 8u, {0x95, 0x7d, 0x60, 0x57, 0x7d, 0x1f, 0x80, 0xff}},
    {7494068u, 0x0cf002e6u, 8u, {0xdd, 0x48, 0x18, 0x01, 0xfc, 0x1e, 0x1f, 0xff}},
    {7494616u, 0x0cf004e6u, 8u, {0xf1, 0x8e, 0x8e, 0xdd, 0x21, 0xff, 0xff, 0xff}},
    {7495110u, 0x0cfe6ce6u, 8u, {0x4b, 0x10, 0xc0, 0xc0, 0xa8, 0x14, 0x66, 0x2b}},
    {7500425u, 0x18f009e6u, 8u, {0x95, 0x7d, 0x60, 0x3b, 0x7d, 0x17, 0x7e, 0xff}},
    {7501460u, 0x18fef1e6u, 8u, {0xf3, 0x4c, 0x2b, 0xc0, 0x00, 0xff, 0xe0, 0xff}},
    {7504887u, 0x0cf002e6u, 8u, {0xdd, 0x48, 0x18, 0x01, 0xfc, 0x1e, 0x1f, 0xff}},
    {7506076u, 0x18fef2e6u, 8u, {0xe6, 0x00, 0xff, 0xff, 0xff, 0xff, 0xff, 0xff}},
    {7509717u, 0x18f009e6u, 8u, {0x95, 0x7d, 0x60, 0x2b, 0x7d, 0xa7, 0x7c, 0xff}},
    {7514124u, 0x0cf002e6u, 8u, {0xdd, 0x48, 0x18, 0x01, 0xfc, 0xeb, 0x1e, 0xff}},
    {7514643u, 0x0cf004e6u, 8u, {0xf1, 0x8e, 0x8e, 0xe0, 0x21, 0xff, 0xff, 0xff}},
    {7519145u, 0x0cf003e6u, 8u, {0xf0, 0x39, 0x11, 0xff, 0xff, 0xff, 0xff, 0xff}},
    {7520824u, 0x18f001e6u, 8u, {0xcf, 0x00, 0xcf, 0xff, 0xff, 0xff, 0xff, 0xff}},
    {7521376u, 0x18f009e6u, 8u, {0x95, 0x7d, 0x60, 0x37, 0x7d, 0xef, 0x7b, 0xff}},
    {7524735u, 0x0cf002e6u, 8u, {0xdd, 0x48, 0x18, 0x01, 0xfc, 0xeb, 0x1e, 0xff}},
    {7530280u, 0x18f009e6u, 8u, {0x95, 0x7d, 0x60, 0x53, 0x7d, 0x6f, 0x7c, 0xff}},
    {7534015u, 0x0cf002e6u, 8u, {0xdd, 0x48, 0x18, 0x00, 0xfc, 0x3c, 0x1f, 0xff}},
    {7534578u, 0x0cf004e6u, 8u, {0xf1, 0x8e, 0x8e, 0xd0, 0x21, 0xff, 0xff, 0xff}},
    {7540397u, 0x18f009e6u, 8u, {0x95, 0x7d, 0x60, 0x6f, 0x7d, 0x27, 0x7f, 0xff}},
    {7544701u, 0x0cf002e6u, 8u, {0xdd, 0x30, 0x18, 0x00, 0xfc, 0x3c, 0x1f, 0xff}},
    {7545230u, 0x0cfe6ce6u, 8u, {0x4b, 0x10, 0xc0, 0xc0, 0xc0, 0x14, 0x80, 0x2b}},
    {7550939u, 0x18f009e6u, 8u, {0x95, 0x7d, 0x60, 0x6f, 0x7d, 0xff, 0x81, 0xff}},
    {7554067u, 0x0cf002e6u, 8u, {0xdd, 0x30, 0x18, 0x01, 0xfc, 0x02, 0x1f, 0xff}},
    {7554659u, 0x0cf004e6u, 8u, {0xf1, 0x8e, 0x8e, 0xbe, 0x21, 0xff, 0xff, 0xff}},
    {7560312u, 0x18f009e6u, 8u, {0x95, 0x7d, 0x60, 0x53, 0x7d, 0xbf, 0x82, 0xff}},
    {7564696u, 0x0cf002e6u, 8u, {0xdd, 0x30, 0x18, 0x01, 0xfc, 0x02, 0x1f, 0xff}},
    {7569103u, 0x0cf003e6u, 8u, {0xf0, 0x3b, 0x11, 0xff, 0xff, 0xff, 0xff, 0xff}},
    {7571395u, 0x18f009e6u, 8u, {0x95, 0x7d, 0x60, 0x33, 0x7d, 0x0f, 0x82, 0xff}},
    {7574065u, 0x0cf002e6u, 8u, {0xdd, 0x30, 0x18, 0x01, 0xfc, 0x46, 0x1f, 0xff}},
    {7574612u, 0x0cf004e6u, 8u, {0xf1, 0x8e, 0x8e, 0xaa, 0x21, 0xff, 0xff, 0xff}},
    {7580324u, 0x18f009e6u, 8u, {0x95, 0x7d, 0x60, 0x27, 0x7d, 0xb7, 0x7f, 0xff}},
    {7584639u, 0x0cf002e6u, 8u, {0xdd, 0x30, 0x18, 0x01, 0xfc, 0x46, 0x1f, 0xff}},
    {7585157u, 0x18f005e6u, 8u, {0x87, 0x5f, 0x06, 0x87, 0x20, 0x41, 0x31, 0x30}},
    {7589845u, 0x18f009e6u, 8u, {0x95, 0x7d, 0x60, 0x33, 0x7d, 0x7f, 0x7e, 0xff}},
    {7594149u, 0x0cf002e6u, 8u, {0xcd, 0x50, 0x18, 0x00, 0xfc, 0x1b, 0x1f, 0xff}},
    {7594709u, 0x0cf004e6u, 8u, {0xf1, 0x8e, 0x8e, 0xb4, 0x21, 0xff, 0xff, 0xff}},
    {7595201u, 0x0cfe6ce6u, 8u, {0x4b, 0x10, 0xc0, 0xc0, 0xb8, 0x14, 0x80, 0x2b}},
    {7600348u, 0x18f009e6u, 8u, {0x95, 0x7d, 0x60, 0x47, 0x7d, 0x5f, 0x7e, 0xff}},
    {7601452u, 0x18fef1e6u, 8u, {0xf3, 0x66, 0x2b, 0xc0, 0x00, 0xff, 0xe0, 0xff}},
    {7604891u, 0x0cf002e6u, 8u, {0xcd, 0x50, 0x18, 0x00, 0xfc, 0x1b, 0x1f, 0xff}},
    {7606019u, 0x18fef2e6u, 8u, {0xdf, 0x00, 0xff, 0xff, 0xff, 0xff, 0xff, 0xff}},
    {7609727u, 0x18f009e6u, 8u, {0x95, 0x7d, 0x60, 0x57, 0x7d, 0x97, 0x7e, 0xff}},
    {7613937u, 0x0cf002e6u, 8u, {0xcd, 0x50, 0x18, 0x00, 0xfc, 0x3b, 0x1f, 0xff}},
    {7614488u, 0x0cf004e6u, 8u, {0xf1, 0x8d, 0x8d, 0xbb, 0x21, 0xff, 0xff, 0xff}},
    {7619251u, 0x0cf003e6u, 8u, {0xf0, 0x39, 0x11, 0xff, 0xff, 0xff, 0xff, 0xff}},
    {7620924u, 0x18f001e6u, 8u, {0xcf, 0x00, 0xcf, 0xff, 0xff, 0xff, 0xff, 0xff}},
    {7621456u, 0x18f009e6u, 8u, {0x95, 0x7d, 0x60, 0x57, 0x7d, 0x07, 0x81, 0xff}},
    {7624739u, 0x0cf002e6u, 8u, {0xcd, 0x50, 0x18, 0x00, 0xfc, 0x3b, 0x1f, 0xff}},
    {7629628u, 0x18f009e6u, 8u, {0x97, 0x7d, 0x60, 0x53, 0x7d, 0x67, 0x83, 0xff}},
    {7634022u, 0x0cf002e6u, 8u, {0xcd, 0x50, 0x18, 0x00, 0xfc, 0x29, 0x1f, 0xff}},
    {7634523u, 0x0cf004e6u, 8u, {0xf1, 0x8d, 0x8d, 0xc4, 0x21, 0xff, 0xff, 0xff}},
    {7640379u, 0x18f009e6u, 8u, {0x99, 0x7d, 0x60, 0x4f, 0x7d, 0x57, 0x84, 0xff}},
    {7644692u, 0x0cf002e6u, 8u, {0xcd, 0x78, 0x18, 0x00, 0xfc, 0x29, 0x1f, 0xff}},
    {7645195u, 0x0cfe6ce6u, 8u, {0x4b, 0x10, 0xc0, 0xc0, 0xb0, 0x14, 0x66, 0x2b}},
    {7651035u, 0x18f009e6u, 8u, {0x9b, 0x7d, 0x60, 0x4f, 0x7d, 0xb7, 0x83, 0xff}},
    {7654141u, 0x0cf002e6u, 8u, {0xcd, 0x78, 0x18, 0x00, 0xfc, 0x35, 0x1f, 0xff}},
    {7654643u, 0x0cf004e6u, 8u, {0xf1, 0x8d, 0x8d, 0xcc, 0x21, 0xff, 0xff, 0xff}},
    {7660344u, 0x18f009e6u, 8u, {0x9f, 0x7d, 0x60, 0x5b, 0x7d, 0xef, 0x80, 0xff}},
    {7664830u, 0x0cf002e6u, 8u, {0xcd, 0x78, 0x18, 0x00, 0xfc, 0x35, 0x1f, 0xff}},
    {7669138u, 0x0cf003e6u, 8u, {0xf0, 0x38, 0x10, 0xff, 0xff, 0xff, 0xff, 0xff}},
    {7671995u, 0x18f009e6u, 8u, {0xa3, 0x7d, 0x60, 0x5b, 0x7d, 0xdf, 0x7d, 0xff}},
    {7673897u, 0x0cf002e6u, 8u, {0xcd, 0x78, 0x18, 0x00, 0xfc, 0x45, 0x1f, 0xff}},
    {7674408u, 0x0cf004e6u, 8u, {0xf1, 0x8d, 0x8d, 0xd6, 0x21, 0xff, 0xff, 0xff}},
    {7680418u, 0x18f009e6u, 8u, {0xa9, 0x7d, 0x60, 0x4f, 0x7d, 0xf7, 0x7c, 0xff}},
    {7684666u, 0x0cf002e6u, 8u, {0xcd, 0x78, 0x18, 0x00, 0xfc, 0x45, 0x1f, 0xff}},
    {7685151u, 0x18f005e6u, 8u, {0x87, 0x5f, 0x06, 0x87, 0x20, 0x41, 0x31, 0x30}},
    {7689692u, 0x18f009e6u, 8u, {0xab, 0x7d, 0x60, 0x43, 0x7d, 0x7f, 0x7f, 0xff}},
    {7694011u, 0x0cf002e6u, 8u, {0xcd, 0x78, 0x18, 0x00, 0xfc, 0x3c, 0x1f, 0xff}},
    {7694577u, 0x0cf004e6u, 8u, {0xf1, 0x8d, 0x8d, 0xca, 0x21, 0xff, 0xff, 0xff}},
    {7695053u, 0x0cfe6ce6u, 8u, {0x4b, 0x10, 0xc0, 0xc0, 0xb0, 0x14, 0x66, 0x2b}},
    {7700340u, 0x18f009e6u, 8u, {0xb1, 0x7d, 0x60, 0x43, 0x7d, 0x77, 0x81, 0xff}},
    {7701491u, 0x18fef1e6u, 8u, {0xf3, 0x80, 0x2b, 0xc0, 0x00, 0xff, 0xe0, 0xff}},
    {7705040u, 0x0cf002e6u, 8u, {0xcd, 0x78, 0x18, 0x00, 0xfc, 0x3c, 0x1f, 0xff}},
    {7706119u, 0x18fef2e6u, 8u, {0xd5, 0x00, 0xff, 0xff, 0xff, 0xff, 0xff, 0xff}},
    {7709771u, 0x18f009e6u, 8u, {0xb7, 0x7d, 0x60, 0x53, 0x7d, 0xd7, 0x80, 0xff}},
    {7713942u, 0x0cf002e6u, 8u, {0xcd, 0x78, 0x18, 0x00, 0xfc, 0x6d, 0x1f, 0xff}},
    {7714524u, 0x0cf004e6u, 8u, {0xf1, 0x8d, 0x8d, 0xcc, 0x21, 0xff, 0xff, 0xff}},
    {7719260u, 0x0cf003e6u, 8u, {0xf0, 0x38, 0x10, 0xff, 0xff, 0xff, 0xff, 0xff}},
    {7720932u, 0x18f001e6u, 8u, {0xcf, 0x00, 0xcf, 0xff, 0xff, 0xff, 0xff, 0xff}},
    {7721383u, 0x18f009e6u, 8u, {0xbb, 0x7d, 0x60, 0x5f, 0x7d, 0xa7, 0x7e, 0xff}},
    {7724836u, 0x0cf002e6u, 8u, {0xcd, 0x78, 0x18, 0x00, 0xfc, 0x6d, 0x1f, 0xff}},
    {7730251u, 0x18f009e6u, 8u, {0xc1, 0x7d, 0x60, 0x5f, 0x7d, 0xc7, 0x7d, 0xff}},
    {7734097u, 0x0cf002e6u, 8u, {0xcd, 0x78, 0x18, 0x00, 0xfc, 0x54, 0x1f, 0xff}},
    {7734648u, 0x0cf004e6u, 8u, {0xf1, 0x8d, 0x8d, 0xd4, 0x21, 0xff, 0xff, 0xff}},
    {7740374u, 0x18f009e6u, 8u, {0xc7, 0x7d, 0x60, 0x53, 0x7d, 0x7f, 0x7f, 0xff}},
    {7744724u, 0x0cf002e6u, 8u, {0xcd, 0x80, 0x18, 0x00, 0xfc, 0x54, 0x1f, 0xff}},
    {7745269u, 0x0cfe6ce6u, 8u, {0x4b, 0x10, 0xc0, 0xc0, 0xb8, 0x14, 0x80, 0x2b}},
    {7750981u, 0x18f009e6u, 8u, {0xcb, 0x7d, 0x60, 0x53, 0x7d, 0xa7, 0x80, 0xff}},
    {7753988u, 0x0cf002e6u, 8u, {0xcd, 0x80, 0x18, 0x00, 0xfc, 0x8f, 0x1f, 0xff}},
    {7754579u, 0x0cf004e6u, 8u, {0xf1, 0x8d, 0x8d, 0xdb, 0x21, 0xff, 0xff, 0xff}},
    {7760400u, 0x18f009e6u, 8u, {0xd3, 0x7d, 0x60, 0x5f, 0x7d, 0x2f, 0x81, 0xff}},
    {7764700u, 0x0cf002e6u, 8u, {0xcd, 0x80, 0x18, 0x00, 0xfc, 0x8f, 0x1f, 0xff}},
    {7769138u, 0x0cf003e6u, 8u, {0xf0, 0x38, 0x10, 0xff, 0xff, 0xff, 0xff, 0xff}},
    {7771395u, 0x18f009e6u, 8u, {0xd9, 0x7d, 0x60, 0x63, 0x7d, 0xdf, 0x81, 0xff}},
    {7773952u, 0x0cf002e6u, 8u, {0xcd, 0x80, 0x18, 0x00, 0xfc, 0x60, 0x1f, 0xff}},
    {7774540u, 0x0cf004e6u, 8u, {0xf1, 0x8c, 0x8c, 0xda, 0x21, 0xff, 0xff, 0xff}},
    {7780321u, 0x18f009e6u, 8u, {0xdf, 0x7d, 0x60, 0x63, 0x7d, 0x27, 0x83, 0xff}},
    {7784760u, 0x0cf002e6u, 8u, {0xcd, 0x80, 0x18, 0x00, 0xfc, 0x60, 0x1f, 0xff}},
    {7785335u, 0x18f005e6u, 8u, {0x87, 0x5f, 0x06, 0x87, 0x20, 0x41, 0x31, 0x30}},
    {7789653u, 0x18f009e6u, 8u, {0xe5, 0x7d, 0x60, 0x5f, 0x7d, 0x87, 0x84, 0xff}},
    {7794061u, 0x0cf002e6u, 8u, {0xcd, 0x98, 0x18, 0x00, 0xfc, 0x8a, 0x1f, 0xff}},
    {7794643u, 0x0cf004e6u, 8u, {0xf1, 0x8c, 0x8c, 0xd9, 0x21, 0xff, 0xff, 0xff}},
    {7795190u, 0x0cfe6ce6u, 8u, {0x4b, 0x10, 0xc0, 0xc0, 0xc0, 0x14, 0x99, 0x2b}},
    {7800330u, 0x18f009e6u, 8u, {0xed, 0x7d, 0x60, 0x5b, 0x7d, 0x67, 0x84, 0xff}},
    {7801497u, 0x18fef1e6u, 8u, {0xf3, 0x66, 0x2b, 0xc0, 0x00, 0xff, 0xe0, 0xff}},
    {7804880u, 0x0cf002e6u, 8u, {0xcd, 0x98, 0x18, 0x00, 0xfc, 0x8a, 0x1f, 0xff}},
    {7806022u, 0x18fef2e6u, 8u, {0xd0, 0x00, 0xff, 0xff, 0xff, 0xff, 0xff, 0xff}},
    {7809762u, 0x18f009e6u, 8u, {0xf1, 0x7d, 0x60, 0x5f, 0x7d, 0xd7, 0x82, 0xff}},
    {7814155u, 0x0cf002e6u, 8u, {0xcd, 0x98, 0x18, 0x00, 0xfc, 0x4e, 0x1f, 0xff}},
    {7814704u, 0x0cf004e6u, 8u, {0xf1, 0x8c, 0x8c, 0xe5, 0x21, 0xff, 0xff, 0xff}},
    {7819259u, 0x0cf003e6u, 8u, {0xf0, 0x37, 0x10, 0xff, 0xff, 0xff, 0xff, 0xff}},
    {7820923u, 0x18f001e6u, 8u, {0xcf, 0x00, 0xcf, 0xff, 0xff, 0xff, 0xff, 0xff}},
    {7821452u, 0x18f009e6u, 8u, {0xf5, 0x7d, 0x60, 0x6b, 0x7d, 0xe7, 0x80, 0xff}},
    {7824697u, 0x0cf002e6u, 8u, {0xcd, 0x98, 0x18, 0x00, 0xfc, 0x4e, 0x1f, 0xff}},
    {7829720u, 0x18f009e6u, 8u, {0xfd, 0x7d, 0x60, 0x77, 0x7d, 0xbf, 0x80, 0xff}},
    {7834015u, 0x0cf002e6u, 8u, {0xcd, 0x98, 0x18, 0x02, 0xfc, 0xb1, 0x1f, 0xff}},
    {7834535u, 0x0cf004e6u, 8u, {0xf1, 0x8c, 0x8c, 0xe4, 0x21, 0xff, 0xff, 0xff}},
    {7840318u, 0x18f009e6u, 8u, {0xff, 0x7d, 0x60, 0x7b, 0x7d, 0x97, 0x80, 0xff}},
    {7844702u, 0x0cf002e6u, 8u, {0xcd, 0xb0, 0x18, 0x02, 0xfc, 0xb1, 0x1f, 0xff}},
    {7845275u, 0x0cfe6ce6u, 8u, {0x4b, 0x10, 0xc0, 0xc0, 0xb8, 0x14, 0x80, 0x2b}},
    {7850921u, 0x18f009e6u, 8u, {0x05, 0x7e, 0x60, 0x73, 0x7d, 0x5f, 0x80, 0xff}},
    {7854189u, 0x0cf002e6u, 8u, {0xcd, 0xb0, 0x18, 0x01, 0xfc, 0x49, 0x1f, 0xff}},
    {7854798u, 0x0cf004e6u, 8u, {0xf1, 0x8c, 0x8c, 0xeb, 0x21, 0xff, 0xff, 0xff}},
    {7860345u, 0x18f009e6u, 8u, {0x0b, 0x7e, 0x60, 0x63, 0x7d, 0x5f, 0x81, 0xff}},
    {7864808u, 0x0cf002e6u, 8u, {0xcd, 0xb0, 0x18, 0x01, 0xfc, 0x49, 0x1f, 0xff}},
    {7869190u, 0x0cf003e6u, 8u, {0xf0, 0x38, 0x0f, 0xff, 0xff, 0xff, 0xff, 0xff}},
    {7871352u, 0x18f009e6u, 8u, {0x0f, 0x7e, 0x60, 0x63, 0x7d, 0x3f, 0x82, 0xff}},
    {7874003u, 0x0cf002e6u, 8u, {0xcd, 0xb0, 0x18, 0x01, 0xfc, 0xc8, 0x1f, 0xff}},
    {7874596u, 0x0cf004e6u, 8u, {0xf1, 0x8c, 0x8c, 0xe2, 0x21, 0xff, 0xff, 0xff}},
    {7880335u, 0x18f009e6u, 8u, {0x15, 0x7e, 0x60, 0x6b, 0x7d, 0x87, 0x83, 0xff}},
    {7884682u, 0x0cf002e6u, 8u, {0xcd, 0xb0, 0x18, 0x01, 0xfc, 0xc8, 0x1f, 0xff}},
    {7885170u, 0x18f005e6u, 8u, {0x87, 0x5f, 0x06, 0x87, 0x20, 0x41, 0x31, 0x30}},
    {7889912u, 0x18f009e6u, 8u, {0x19, 0x7e, 0x60, 0x77, 0x7d, 0xef, 0x83, 0xff}},
    {7894084u, 0x0cf002e6u, 8u, {0xcd, 0xa8, 0x18, 0x00, 0xfc, 0x7e, 0x1f, 0xff}},
    {7894630u, 0x0cf004e6u, 8u, {0xf1, 0x8c, 0x8c, 0xdc, 0x21, 0xff, 0xff, 0xff}},
    {7895166u, 0x0cfe6ce6u, 8u, {0x4b, 0x10, 0xc0, 0xc0, 0xd0, 0x14, 0xb3, 0x2b}},
    {7900387u, 0x18f009e6u, 8u, {0x1d, 0x7e, 0x60, 0x7f, 0x7d, 0x5f, 0x82, 0xff}},
    {7901562u, 0x18fef1e6u, 8u, {0xf3, 0x99, 0x2b, 0xc0, 0x00, 0xff, 0xe0, 0xff}},
    {7904901u, 0x0cf002e6u, 8u, {0xcd, 0xa8, 0x18, 0x00, 0xfc, 0x7e, 0x1f, 0xff}},
    {7906026u, 0x18fef2e6u, 8u, {0xcb, 0x00, 0xff, 0xff, 0xff, 0xff, 0xff, 0xff}},
    {7909790u, 0x18f009e6u, 8u, {0x1f, 0x7e, 0x60, 0x7b, 0x7d, 0x4f, 0x80, 0xff}},
    {7913981u, 0x0cf002e6u, 8u, {0xcd, 0xa8, 0x18, 0x01, 0xfc, 0xc9, 0x1f, 0xff}},
    {7914577u, 0x0cf004e6u, 8u, {0xf1, 0x8c, 0x8c, 0xc8, 0x21, 0xff, 0xff, 0xff}},
    {7919201u, 0x0cf003e6u, 8u, {0xf0, 0x37, 0x0f, 0xff, 0xff, 0xff, 0xff, 0xff}},
    {7920896u, 0x18f001e6u, 8u, {0xcf, 0x00, 0xcf, 0xff, 0xff, 0xff, 0xff, 0xff}},
    {7921409u, 0x18f009e6u, 8u, {0x23, 0x7e, 0x60, 0x73, 0x7d, 0xd7, 0x7f, 0xff}},
    {7924847u, 0x0cf002e6u, 8u, {0xcd, 0xa8, 0x18, 0x01, 0xfc, 0xc9, 0x1f, 0xff}},
    {7930494u, 0x18f009e6u, 8u, {0x29, 0x7e, 0x60, 0x7b, 0x7d, 0xb7, 0x80, 0xff}},
    {7934076u, 0x0cf002e6u, 8u, {0xcd, 0xa8, 0x18, 0x00, 0xfc, 0x7d, 0x1f, 0xff}},
    {7934638u, 0x0cf004e6u, 8u, {0xf1, 0x8c, 0x8c, 0xdf, 0x21, 0xff, 0xff, 0xff}},
    {7940259u, 0x18f009e6u, 8u, {0x2b, 0x7e, 0x60, 0x8b, 0x7d, 0xbf, 0x81, 0xff}},
    {7944690u, 0x0cf002e6u, 8u, {0xcd, 0xd0, 0x18, 0x00, 0xfc, 0x7d, 0x1f, 0xff}},
    {7945212u, 0x0cfe6ce6u, 8u, {0x4b, 0x10, 0xc0, 0xc0, 0xb8, 0x14, 0x80, 0x2b}},
    {7951059u, 0x18f009e6u, 8u, {0x2f, 0x7e, 0x60, 0x9b, 0x7d, 0x6f, 0x84, 0xff}},
    {7954187u, 0x0cf002e6u, 8u, {0xcd, 0xd0, 0x18, 0x01, 0xfc, 0xbf, 0x1f, 0xff}},
    {7954689u, 0x0cf004e6u, 8u, {0xf1, 0x8c, 0x8c, 0xe9, 0x21, 0xff, 0xff, 0xff}},
    {7960399u, 0x18f009e6u, 8u, {0x31, 0x7e, 0x60, 0xa3, 0x7d, 0x47, 0x86, 0xff}},
    {7964860u, 0x0cf002e6u, 8u, {0xcd, 0xd0, 0x18, 0x01, 0xfc, 0xbf, 0x1f, 0xff}},
    {7969149u, 0x0cf003e6u, 8u, {0xf0, 0x38, 0x0f, 0xff, 0xff, 0xff, 0xff, 0xff}},
    {7971897u, 0x18f009e6u, 8u, {0x33, 0x7e, 0x60, 0x93, 0x7d, 0xa7, 0x86, 0xff}},
    {7973964u, 0x0cf002e6u, 8u, {0xcd, 0xd0, 0x18, 0x00, 0xfc, 0x95, 0x1f, 0xff}},
    {7974512u, 0x0cf004e6u, 8u, {0xf1, 0x8c, 0x8c, 0xef, 0x21, 0xff, 0xff, 0xff}},
    {7980414u, 0x18f009e6u, 8u, {0x35, 0x7e, 0x60, 0x83, 0x7d, 0x9f, 0x84, 0xff}},
    {7984699u, 0x0cf002e6u, 8u, {0xcd, 0xd0, 0x18, 0x00, 0xfc, 0x95, 0x1f, 0xff}},
    {7985274u, 0x18f005e6u, 8u, {0x87, 0x5f, 0x06, 0x87, 0x20, 0x41, 0x31, 0x30}},
    {7989715u, 0x18f009e6u, 8u, {0x39, 0x7e, 0x60, 0x7f, 0x7d, 0xa7, 0x80, 0xff}},
    {7994091u, 0x0cf002e6u, 8u, {0xcd, 0xc8, 0x18, 0x01, 0xfc, 0xc4, 0x1f, 0xff}},
    {7994703u, 0x0cf004e6u, 8u, {0xf1, 0x8c, 0x8c, 0xe8, 0x21, 0xff, 0xff, 0xff}},
    {7995288u, 0x0cfe6ce6u, 8u, {0x4b, 0x10, 0xc0, 0xc0, 0xc0, 0x14, 0x99, 0x2b}},
    {8000416u, 0x18f009e6u, 8u, {0x3b, 0x7e, 0x60, 0x8b, 0x7d, 0x87, 0x7e, 0xff}},
    {8001548u, 0x18fef1e6u, 8u, {0xf3, 0xb3, 0x2b, 0xc0, 0x00, 0xff, 0xe0, 0xff}},
    {8004895u, 0x0cf002e6u, 8u, {0xcd, 0xc8, 0x18, 0x01, 0xfc, 0xc4, 0x1f, 0xff}},
    {8006024u, 0x18fef2e6u, 8u, {0xc5, 0x00, 0xff, 0xff, 0xff, 0xff, 0xff, 0xff}},
    {8009777u, 0x18f009e6u, 8u, {0x3d, 0x7e, 0x60, 0xa3, 0x7d, 0x87, 0x7f, 0xff}},
    {8013951u, 0x0cf002e6u, 8u, {0xcd, 0xc8, 0x18, 0x00, 0xfc, 0xbc, 0x1f, 0xff}},
    {8014499u, 0x0cf004e6u, 8u, {0xf1, 0x8c, 0x8c, 0xe0, 0x21, 0xff, 0xff, 0xff}},
    {8019243u, 0x0cf003e6u, 8u, {0xf0, 0x37, 0x0f, 0xff, 0xff, 0xff, 0xff, 0xff}},
    {8020892u, 0x18f001e6u, 8u, {0xcf, 0x00, 0xcf, 0xff, 0xff, 0xff, 0xff, 0xff}},
    {8021478u, 0x18f009e6u, 8u, {0x3f, 0x7e, 0x60, 0xaf, 0x7d, 0x97, 0x81, 0xff}},
    {8024822u, 0x0cf002e6u, 8u, {0xcd, 0xc8, 0x18, 0x00, 0xfc, 0xbc, 0x1f, 0xff}},
    {8029739u, 0x18f009e6u, 8u, {0x41, 0x7e, 0x60, 0xb3, 0x7d, 0x97, 0x82, 0xff}},
    {8034054u, 0x0cf002e6u, 8u, {0xcd, 0xc8, 0x18, 0x00, 0xfc, 0xbf, 0x1f, 0xff}},
    {8034565u, 0x0cf004e6u, 8u, {0xf1, 0x8c, 0x8c, 0xee, 0x21, 0xff, 0xff, 0xff}},
    {8040440u, 0x18f009e6u, 8u, {0x41, 0x7e, 0x60, 0xb3, 0x7d, 0x2f, 0x83, 0xff}},
    {8044784u, 0x0cf002e6u, 8u, {0xcd, 0xd8, 0x18, 0x00, 0xfc, 0xbf, 0x1f, 0xff}},
    {8045320u, 0x0cfe6ce6u, 8u, {0x4b, 0x10, 0xc0, 0xc0, 0xc8, 0x14, 0x99, 0x2b}},
    {8050956u, 0x18f009e6u, 8u, {0x41, 0x7e, 0x60, 0xb3, 0x7d, 0xaf, 0x83, 0xff}},
    {8054148u, 0x0cf002e6u, 8u, {0xcd, 0xd8, 0x18, 0x00, 0xfc, 0xd2, 0x1f, 0xff}},
    {8054707u, 0x0cf004e6u, 8u, {0xf1, 0x8c, 0x8c, 0xe2, 0x21, 0xff, 0xff, 0xff}},
    {8060375u, 0x18f009e6u, 8u, {0x43, 0x7e, 0x60, 0xbf, 0x7d, 0x1f, 0x84, 0xff}},
    {8064716u, 0x0cf002e6u, 8u, {0xcd, 0xd8, 0x18, 0x00, 0xfc, 0xd2, 0x1f, 0xff}},
    {8069205u, 0x0cf003e6u, 8u, {0xf0, 0x37, 0x0f, 0xff, 0xff, 0xff, 0xff, 0xff}},
    {8071431u, 0x18f009e6u, 8u, {0x43, 0x7e, 0x60, 0xcb, 0x7d, 0x9f, 0x83, 0xff}},
    {8073953u, 0x0cf002e6u, 8u, {0xcd, 0xd8, 0x18, 0x00, 0xfc, 0xbc, 0x1f, 0xff}},
    {8074504u, 0x0cf004e6u, 8u, {0xf1, 0x8c, 0x8c, 0xe9, 0x21, 0xff, 0xff, 0xff}},
    {8080328u, 0x18f009e6u, 8u, {0x43, 0x7e, 0x60, 0xcf, 0x7d, 0x27, 0x82, 0xff}},
    {8084697u, 0x0cf002e6u, 8u, {0xcd, 0xd8, 0x18, 0x00, 0xfc, 0xbc, 0x1f, 0xff}},
    {8085232u, 0x18f005e6u, 8u, {0x87, 0x5f, 0x06, 0x87, 0x20, 0x41, 0x31, 0x30}},
    {8089717u, 0x18f009e6u, 8u, {0x43, 0x7e, 0x60, 0xbf, 0x7d, 0xaf, 0x81, 0xff}},
    {8094068u, 0x0cf002e6u, 8u, {0xcd, 0xf0, 0x18, 0x01, 0xfc, 0xf1, 0x1f, 0xff}},
    {8094617u, 0x0cf004e6u, 8u, {0xf1, 0x8c, 0x8c, 0xe8, 0x21, 0xff, 0xff, 0xff}},
    {8095195u, 0x0cfe6ce6u, 8u, {0x4b, 0x10, 0xc0, 0xc0, 0xc8, 0x14, 0x99, 0x2b}},
    {8100562u, 0x18f009e6u, 8u, {0x43, 0x7e, 0x60, 0xaf, 0x7d, 0xe7, 0x81, 0xff}},
    {8101673u, 0x18fef1e6u, 8u, {0xf3, 0x99, 0x2b, 0xc0, 0x00, 0xff, 0xe0, 0xff}},
    {8104878u, 0x0cf002e6u, 8u, {0xcd, 0xf0, 0x18, 0x01, 0xfc, 0xf1, 0x1f, 0xff}},
    {8106022u, 0x18fef2e6u, 8u, {0xc4, 0x00, 0xff, 0xff, 0xff, 0xff, 0xff, 0xff}},
    {8109796u, 0x18f009e6u, 8u, {0x43, 0x7e, 0x60, 0xb7, 0x7d, 0x0f, 0x83, 0xff}},
    {8114102u, 0x0cf002e6u, 8u, {0xcd, 0xf0, 0x18, 0x00, 0xfc, 0xc4, 0x1f, 0xff}},
    {8114652u, 0x0cf004e6u, 8u, {0xf1, 0x8c, 0x8c, 0xe9, 0x21, 0xff, 0xff, 0xff}},
    {8119175u, 0x0cf003e6u, 8u, {0xf0, 0x39, 0x0f, 0xff, 0xff, 0xff, 0xff, 0xff}},
    {8120859u, 0x18f001e6u, 8u, {0xcf, 0x00, 0xcf, 0xff, 0xff, 0xff, 0xff, 0xff}},
    {8121423u, 0x18f009e6u, 8u, {0x43, 0x7e, 0x60, 0xd7, 0x7d, 0x8f, 0x84, 0xff}},
    {8124795u, 0x0cf002e6u, 8u, {0xcd, 0xf0, 0x18, 0x00, 0xfc, 0xc4, 0x1f, 0xff}},
    {8131436u, 0x18f009e6u, 8u, {0x43, 0x7e, 0x60, 0xeb, 0x7d, 0x47, 0x85, 0xff}},
    {8134019u, 0x0cf002e6u, 8u, {0xcd, 0xf0, 0x18, 0x01, 0xfc, 0xee, 0x1f, 0xff}},
    {8134516u, 0x0cf004e6u, 8u, {0xf1, 0x8c, 0x8c, 0xd7, 0x21, 0xff, 0xff, 0xff}},
    {8140340u, 0x18f009e6u, 8u, {0x43, 0x7e, 0x60, 0xeb, 0x7d, 0x17, 0x85, 0xff}},
    {8144806u, 0x0cf002e6u, 8u, {0xcd, 0xf0, 0x18, 0x01, 0xfc, 0xee, 0x1f, 0xff}},
    {8145354u, 0x0cfe6ce6u, 8u, {0x4b, 0x10, 0xc0, 0xc0, 0xd0, 0x14, 0xb3, 0x2b}},
    {8150943u, 0x18f009e6u, 8u, {0x43, 0x7e, 0x60, 0xe3, 0x7d, 0x57, 0x83, 0xff}},
    {8154175u, 0x0cf002e6u, 8u, {0xcd, 0xf0, 0x18, 0x00, 0xfc, 0xbb, 0x1f, 0xff}},
    {8154684u, 0x0cf004e6u, 8u, {0xf1, 0x8c, 0x8c, 0xec, 0x21, 0xff, 0xff, 0xff}},
    {8160337u, 0x18f009e6u, 8u, {0x43, 0x7e, 0x60, 0xdb, 0x7d, 0x7f, 0x81, 0xff}},
    {8164718u, 0x0cf002e6u, 8u, {0xcd, 0xf0, 0x18, 0x00, 0xfc, 0xbb, 0x1f, 0xff}},
    {8169257u, 0x0cf003e6u, 8u, {0xf0, 0x37, 0x0f, 0xff, 0xff, 0xff, 0xff, 0xff}},
    {8172138u, 0x18f009e6u, 8u, {0x43, 0x7e, 0x60, 0xdf, 0x7d, 0xff, 0x81, 0xff}},
    {8173995u, 0x0cf002e6u, 8u, {0xcd, 0xf0, 0x18, 0x01, 0xfc, 0xfb, 0x1f, 0xff}},
    {8174584u, 0x0cf004e6u, 8u, {0xf1, 0x8c, 0x8c, 0xe9, 0x21, 0xff, 0xff, 0xff}},
    {8180204u, 0x18f009e6u, 8u, {0x43, 0x7e, 0x60, 0xef, 0x7d, 0x57, 0x84, 0xff}},
    {8184679u, 0x0cf002e6u, 8u, {0xcd, 0xf0, 0x18, 0x01, 0xfc, 0xfb, 0x1f, 0xff}},
    {8185191u, 0x18f005e6u, 8u, {0x87, 0x5f, 0x06, 0x87, 0x20, 0x41, 0x31, 0x30}},
    {8189853u, 0x18f009e6u, 8u, {0x43, 0x7e, 0x60, 0xf7, 0x7d, 0xa7, 0x86, 0xff}},
    {8194060u, 0x0cf002e6u, 8u, {0xcd, 0xf8, 0x18, 0x00, 0xfc, 0xd0, 0x1f, 0xff}},
    {8194578u, 0x0cf004e6u, 8u, {0xf1, 0x8c, 0x8c, 0xf8, 0x21, 0xff, 0xff, 0xff}},
    {8195123u, 0x0cfe6ce6u, 8u, {0x4b, 0x10, 0xc0, 0xc0, 0xc8, 0x14, 0x99, 0x2b}},
    {8200347u, 0x18f009e6u, 8u, {0x43, 0x7e, 0x60, 0xf3, 0x7d, 0x17, 0x87, 0xff}},
    {8201525u, 0x18fef1e6u, 8u, {0xf3, 0x99, 0x2b, 0xc0, 0x00, 0xff, 0xe0, 0xff}},
    {8205108u, 0x0cf002e6u, 8u, {0xcd, 0xf8, 0x18, 0x00, 0xfc, 0xd0, 0x1f, 0xff}},
    {8206132u, 0x18fef2e6u, 8u, {0xc2, 0x00, 0xff, 0xff, 0xff, 0xff, 0xff, 0xff}},
    {8209720u, 0x18f009e6u, 8u, {0x43, 0x7e, 0x60, 0xeb, 0x7d, 0x6f, 0x85, 0xff}},
    {8213913u, 0x0cf002e6u, 8u, {0xcd, 0xf8, 0x18, 0x01, 0xfc, 0x0b, 0x20, 0xff}},
    {8214469u, 0x0cf004e6u, 8u, {0xf1, 0x8c, 0x8c, 0xf1, 0x21, 0xff, 0xff, 0xff}},
    {8219213u, 0x0cf003e6u, 8u, {0xf0, 0x37, 0x0f, 0xff, 0xff, 0xff, 0xff, 0xff}},
    {8220946u, 0x18f001e6u, 8u, {0xcf, 0x00, 0xcf, 0xff, 0xff, 0xff, 0xff, 0xff}},
    {8221490u, 0x18f009e6u, 8u, {0x43, 0x7e, 0x60, 0xe3, 0x7d, 0xc7, 0x82, 0xff}},
    {8224624u, 0x0cf002e6u, 8u, {0xcd, 0xf8, 0x18, 0x01, 0xfc, 0x0b, 0x20, 0xff}},
    {8229627u, 0x18f009e6u, 8u, {0x43, 0x7e, 0x60, 0xe3, 0x7d, 0x4f, 0x81, 0xff}},
    {8234111u, 0x0cf002e6u, 8u, {0xcd, 0xf8, 0x18, 0x01, 0xfc, 0xcd, 0x1f, 0xff}},
    {8234660u, 0x0cf004e6u, 8u, {0xf1, 0x8c, 0x8c, 0xe8, 0x21, 0xff, 0xff, 0xff}},
    {8240347u, 0x18f009e6u, 8u, {0x43, 0x7e, 0x60, 0xe3, 0x7d, 0xef, 0x80, 0xff}},
    {8244704u, 0x0cf002e6u, 8u, {0xcd, 0x08, 0x19, 0x01, 0xfc, 0xcd, 0x1f, 0xff}},
    {8245260u, 0x0cfe6ce6u, 8u, {0x4b, 0x10, 0xc0, 0xc0, 0xd0, 0x14, 0x99, 0x2b}},
    {8250953u, 0x18f009e6u, 8u, {0x43, 0x7e, 0x60, 0xef, 0x7d, 0xb7, 0x80, 0xff}},
    {8254100u, 0x0cf002e6u, 8u, {0xcd, 0x08, 0x19, 0x00, 0xfc, 0x16, 0x20, 0xff}},
    {8254665u, 0x0cf004e6u, 8u, {0xf1, 0x8c, 0x8c, 0xfd, 0x21, 0xff, 0xff, 0xff}},
    {8260323u, 0x18f009e6u, 8u, {0x43, 0x7e, 0x60, 0xff, 0x7d, 0xf7, 0x80, 0xff}},
    {8264796u, 0x0cf002e6u, 8u, {0xcd, 0x08, 0x19, 0x00, 0xfc, 0x16, 0x20, 0xff}},
    {8269159u, 0x0cf003e6u, 8u, {0xf0, 0x38, 0x0f, 0xff, 0xff, 0xff, 0xff, 0xff}},
    {8271429u, 0x18f009e6u, 8u, {0x43, 0x7e, 0x60, 0x0b, 0x7e, 0x07, 0x82, 0xff}},
    {8274032u, 0x0cf002e6u, 8u, {0xcd, 0x08, 0x19, 0x00, 0xfc, 0xde, 0x1f, 0xff}},
    {8274600u, 0x0cf004e6u, 8u, {0xf1, 0x8c, 0x8c, 0xf4, 0x21, 0xff, 0xff, 0xff}},
    {8280374u, 0x18f009e6u, 8u, {0x43, 0x7e, 0x60, 0x0b, 0x7e, 0xff, 0x83, 0xff}},
    {8284602u, 0x0cf002e6u, 8u, {0xcd, 0x08, 0x19, 0x00, 0xfc, 0xde, 0x1f, 0xff}},
    {8285207u, 0x18f005e6u, 8u, {0x87, 0x5f, 0x06, 0x87, 0x20, 0x41, 0x31, 0x30}},
    {8289669u, 0x18f009e6u, 8u, {0x43, 0x7e, 0x60, 0xfb, 0x7d, 0xdf, 0x84, 0xff}},
    {8294141u, 0x0cf002e6u, 8u, {0xcd, 0x10, 0x19, 0x00, 0xfc, 0x24, 0x20, 0xff}},
    {8294690u, 0x0cf004e6u, 8u, {0xf1, 0x8b, 0x8b, 0xff, 0x21, 0xff, 0xff, 0xff}},
    {8295164u, 0x0cfe6ce6u, 8u, {0x4b, 0x10, 0xc0, 0xc0, 0xd0, 0x14, 0xb3, 0x2b}},
    {8300386u, 0x18f009e6u, 8u, {0x43, 0x7e, 0x60, 0xef, 0x7d, 0xcf, 0x83, 0xff}},
    {8301555u, 0x18fef1e6u, 8u, {0xf3, 0x99, 0x2b, 0xc0, 0x00, 0xff, 0xe0, 0xff}},
    {8304892u, 0x0cf002e6u, 8u, {0xcd, 0x10, 0x19, 0x00, 0xfc, 0x24, 0x20, 0xff}},
    {8306054u, 0x18fef2e6u, 8u, {0xc2, 0x00, 0xff, 0xff, 0xff, 0xff, 0xff, 0xff}},
    {8309873u, 0x18f009e6u, 8u, {0x43, 0x7e, 0x60, 0xf7, 0x7d, 0xd7, 0x81, 0xff}},
    {8314029u, 0x0cf002e6u, 8u, {0xcd, 0x10, 0x19, 0x00, 0xfc, 0x04, 0x20, 0xff}},
    {8314579u, 0x0cf004e6u, 8u, {0xf1, 0x8b, 0x8b, 0xf9, 0x21, 0xff, 0xff, 0xff}},
    {8319213u, 0x0cf003e6u, 8u, {0xf0, 0x38, 0x0f, 0xff, 0xff, 0xff, 0xff, 0xff}},
    {8320895u, 0x18f001e6u, 8u, {0xcf, 0x00, 0xcf, 0xff, 0xff, 0xff, 0xff, 0xff}},
    {8321412u, 0x18f009e6u, 8u, {0x43, 0x7e, 0x60, 0x0b, 0x7e, 0x4f, 0x80, 0xff}},
    {8324713u, 0x0cf002e6u, 8u, {0xcd, 0x10, 0x19, 0x00, 0xfc, 0x04, 0x20, 0xff}},
    {8330253u, 0x18f009e6u, 8u, {0x43, 0x7e, 0x60, 0x13, 0x7e, 0xff, 0x80, 0xff}},
    {8334094u, 0x0cf002e6u, 8u, {0xcd, 0x10, 0x19, 0x00, 0xfc, 0x24, 0x20, 0xff}},
    {8334639u, 0x0cf004e6u, 8u, {0xf1, 0x8b, 0x8b, 0xf9, 0x21, 0xff, 0xff, 0xff}},
    {8340656u, 0x18f009e6u, 8u, {0x43, 0x7e, 0x60, 0x0f, 0x7e, 0xff, 0x82, 0xff}},
    {8344801u, 0x0cf002e6u, 8u, {0xcd, 0x18, 0x19, 0x00, 0xfc, 0x24, 0x20, 0xff}},
    {8345369u, 0x0cfe6ce6u, 8u, {0x4b, 0x10, 0xc0, 0xc0, 0xd0, 0x14, 0xb3, 0x2b}},
    {8350931u, 0x18f009e6u, 8u, {0x43, 0x7e, 0x60, 0xff, 0x7d, 0x6f, 0x84, 0xff}},
    {8354165u, 0x0cf002e6u, 8u, {0xcd, 0x18, 0x19, 0x00, 0xfc, 0x0d, 0x20, 0xff}},
    {8354720u, 0x0cf004e6u, 8u, {0xf1, 0x8b, 0x8b, 0xec, 0x21, 0xff, 0xff, 0xff}},
    {8360414u, 0x18f009e6u, 8u, {0x43, 0x7e, 0x60, 0xf3, 0x7d, 0xdf, 0x83, 0xff}},
    {8364785u, 0x0cf002e6u, 8u, {0xcd, 0x18, 0x19, 0x00, 0xfc, 0x0d, 0x20, 0xff}},
    {8369181u, 0x0cf003e6u, 8u, {0xf0, 0x37, 0x0f, 0xff, 0xff, 0xff, 0xff, 0xff}},
    {8371341u, 0x18f009e6u, 8u, {0x43, 0x7e, 0x60, 0xfb, 0x7d, 0x4f, 0x82, 0xff}},
    {8373850u, 0x0cf002e6u, 8u, {0xcd, 0x18, 0x19, 0x00, 0xfc, 0x15, 0x20, 0xff}},
    {8374506u, 0x0cf004e6u, 8u, {0xf1, 0x8b, 0x8b, 0xfc, 0x21, 0xff, 0xff, 0xff}},
    {8380398u, 0x18f009e6u, 8u, {0x43, 0x7e, 0x60, 0x13, 0x7e, 0xd7, 0x80, 0xff}},
    {8384765u, 0x0cf002e6u, 8u, {0xcd, 0x18, 0x19, 0x00, 0xfc, 0x15, 0x20, 0xff}},
    {8385311u, 0x18f005e6u, 8u, {0x87, 0x5f, 0x06, 0x87, 0x20, 0x41, 0x31, 0x30}},
    {8389667u, 0x18f009e6u, 8u, {0x43, 0x7e, 0x60, 0x1f, 0x7e, 0xff, 0x80, 0xff}},
    {8394102u, 0x0cf002e6u, 8u, {0xcd, 0x30, 0x19, 0x00, 0xfc, 0x1e, 0x20, 0xff}},
    {8394661u, 0x0cf004e6u, 8u, {0xf1, 0x8b, 0x8b, 0xfb, 0x21, 0xff, 0xff, 0xff}},
    {8395201u, 0x0cfe6ce6u, 8u, {0x4b, 0x10, 0xc0, 0xc0, 0xd0, 0x14, 0xb3, 0x2b}},
    {8400441u, 0x18f009e6u, 8u, {0x43, 0x7e, 0x60, 0x17, 0x7e, 0x6f, 0x81, 0xff}},
    {8401541u, 0x18fef1e6u, 8u, {0xf3, 0xb3, 0x2b, 0xc0, 0x00, 0xff, 0xe0, 0xff}},
    {8404921u, 0x0cf002e6u, 8u, {0xcd, 0x30, 0x19, 0x00, 0xfc, 0x1e, 0x20, 0xff}},
    {8406005u, 0x18fef2e6u, 8u, {0xc0, 0x00, 0xff, 0xff, 0xff, 0xff, 0xff, 0xff}},
    {8409795u, 0x18f009e6u, 8u, {0x43, 0x7e, 0x60, 0xff, 0x7d, 0x17, 0x81, 0xff}},
    {8414254u, 0x0cf002e6u, 8u, {0xcd, 0x30, 0x19, 0x00, 0xfc, 0x23, 0x20, 0xff}},
    {8414769u, 0x0cf004e6u, 8u, {0xf1, 0x8b, 0x8b, 0xfd, 0x21, 0xff, 0xff, 0xff}},
    {8419174u, 0x0cf003e6u, 8u, {0xf0, 0x35, 0x0e, 0xff, 0xff, 0xff, 0xff, 0xff}},
    {8420912u, 0x18f001e6u, 8u, {0xcf, 0x00, 0xcf, 0xff, 0xff, 0xff, 0xff, 0xff}},
    {8421408u, 0x18f009e6u, 8u, {0x43, 0x7e, 0x60, 0xe7, 0x7d, 0x57, 0x81, 0xff}},
    {8424692u, 0x0cf002e6u, 8u, {0xcd, 0x30, 0x19, 0x00, 0xfc, 0x23, 0x20, 0xff}},
    {8429765u, 0x18f009e6u, 8u, {0x43, 0x7e, 0x60, 0xe3, 0x7d, 0x77, 0x82, 0xff}},
    {8434007u, 0x0cf002e6u, 8u, {0xcd, 0x30, 0x19, 0x00, 0xfc, 0x57, 0x20, 0xff}},
    {8434604u, 0x0cf004e6u, 8u, {0xf1, 0x8b, 0x8b, 0xf7, 0x21, 0xff, 0xff, 0xff}},
    {8440733u, 0x18f009e6u, 8u, {0x43, 0x7e, 0x60, 0xeb, 0x7d, 0x2f, 0x85, 0xff}},
    {8444725u, 0x0cf002e6u, 8u, {0xcd, 0x30, 0x19, 0x00, 0xfc, 0x57, 0x20, 0xff}},
    {8445338u, 0x0cfe6ce6u, 8u, {0x4b, 0x10, 0xc0, 0xc0, 0xd0, 0x14, 0xb3, 0x2b}},
    {8450951u, 0x18f009e6u, 8u, {0x43, 0x7e, 0x60, 0xff, 0x7d, 0xd7, 0x86, 0xff}},
    {8454255u, 0x0cf002e6u, 8u, {0xcd, 0x30, 0x19, 0x01, 0xfc, 0x27, 0x20, 0xff}},
    {8454778u, 0x0cf004e6u, 8u, {0xf1, 0x8b, 0x8b, 0xe4, 0x21, 0xff, 0xff, 0xff}},
    {8460435u, 0x18f009e6u, 8u, {0x43, 0x7e, 0x60, 0x0f, 0x7e, 0x8f, 0x85, 0xff}},
    {8464745u, 0x0cf002e6u, 8u, {0xcd, 0x30, 0x19, 0x01, 0xfc, 0x27, 0x20, 0xff}},
    {8469192u, 0x0cf003e6u, 8u, {0xf0, 0x35, 0x0e, 0xff, 0xff, 0xff, 0xff, 0xff}},
    {8472041u, 0x18f009e6u, 8u, {0x43, 0x7e, 0x60, 0x0f, 0x7e, 0x0f, 0x82, 0xff}},
    {8474642u, 0x0cf002e6u, 8u, {0xcd, 0x30, 0x19, 0x01, 0xfc, 0x79, 0x20, 0xff}},
    {8475126u, 0x0cf004e6u, 8u, {0xf1, 0x8b, 0x8b, 0xef, 0x21, 0xff, 0xff, 0xff}},
    {8480385u, 0x18f009e6u, 8u, {0x43, 0x7e, 0x60, 0x03, 0x7e, 0xb7, 0x7f, 0xff}},
    {8484892u, 0x0cf002e6u, 8u, {0xcd, 0x30, 0x19, 0x01, 0xfc, 0x79, 0x20, 0xff}},
    {8485387u, 0x18f005e6u, 8u, {0x87, 0x5f, 0x06, 0x87, 0x20, 0x41, 0x31, 0x30}},
    {8489806u, 0x18f009e6u, 8u, {0x43, 0x7e, 0x60, 0xff, 0x7d, 0xff, 0x7f, 0xff}},
    {8494097u, 0x0cf002e6u, 8u, {0xcd, 0x38, 0x19, 0x01, 0xfc, 0x18, 0x20, 0xff}},
    {8494642u, 0x0cf004e6u, 8u, {0xf1, 0x8b, 0x8b, 0xde, 0x21, 0xff, 0xff, 0xff}},
    {8495161u, 0x0cfe6ce6u, 8u, {0x4b, 0x10, 0xc0, 0xc0, 0xd0, 0x14, 0xb3, 0x2b}},
    {8500412u, 0x18f009e6u, 8u, {0x43, 0x7e, 0x60, 0xff, 0x7d, 0x57, 0x81, 0xff}},
    {8501512u, 0x18fef1e6u, 8u, {0xf3, 0xb3, 0x2b, 0xc0, 0x00, 0xff, 0xe0, 0xff}},
    {8504905u, 0x0cf002e6u, 8u, {0xcd, 0x38, 0x19, 0x01, 0xfc, 0x18, 0x20, 0xff}},
    {8506109u, 0x18fef2e6u, 8u, {0xbd, 0x00, 0xff, 0xff, 0xff, 0xff, 0xff, 0xff}},
    {8509782u, 0x18f009e6u, 8u, {0x43, 0x7e, 0x60, 0x03, 0x7e, 0xc7, 0x82, 0xff}},
    {8513906u, 0x0cf002e6u, 8u, {0xcd, 0x38, 0x19, 0x01, 0xfc, 0x68, 0x20, 0xff}},
    {8514530u, 0x0cf004e6u, 8u, {0xf1, 0x8b, 0x8b, 0xf1, 0x21, 0xff, 0xff, 0xff}},
    {8519341u, 0x0cf003e6u, 8u, {0xf0, 0x34, 0x0e, 0xff, 0xff, 0xff, 0xff, 0xff}},
    {8521029u, 0x18f001e6u, 8u, {0xcf, 0x00, 0xcf, 0xff, 0xff, 0xff, 0xff, 0xff}},
    {8521566u, 0x18f009e6u, 8u, {0x43, 0x7e, 0x60, 0x03, 0x7e, 0xb7, 0x84, 0xff}},
    {8524666u, 0x0cf002e6u, 8u, {0xcd, 0x38, 0x19, 0x01, 0xfc, 0x68, 0x20, 0xff}},
    {8530270u, 0x18f009e6u, 8u, {0x43, 0x7e, 0x60, 0xff, 0x7d, 0x77, 0x86, 0xff}},
    {8534134u, 0x0cf002e6u, 8u, {0xcd, 0x38, 0x19, 0x00, 0xfc, 0x1c, 0x20, 0xff}},
    {8534643u, 0x0cf004e6u, 8u, {0xf1, 0x8b, 0x8b, 0xf3, 0x21, 0xff, 0xff, 0xff}},
    {8541467u, 0x18f009e6u, 8u, {0x43, 0x7e, 0x60, 0xf3, 0x7d, 0xc7, 0x86, 0xff}},
    {8544744u, 0x0cf002e6u, 8u, {0xcd, 0x58, 0x19, 0x00, 0xfc, 0x1c, 0x20, 0xff}},
    {8545263u, 0x0cfe6ce6u, 8u, {0x4b, 0x10, 0xc0, 0xc0, 0xc8, 0x14, 0x99, 0x2b}},
    {8550972u, 0x18f009e6u, 8u, {0x43, 0x7e, 0x60, 0xf3, 0x7d, 0xcf, 0x85, 0xff}},
    {8554214u, 0x0cf002e6u, 8u, {0xcd, 0x58, 0x19, 0x01, 0xfc, 0x51, 0x20, 0xff}},
    {8554765u, 0x0cf004e6u, 8u, {0xf1, 0x8b, 0x8b, 0xf6, 0x21, 0xff, 0xff, 0xff}},
    {8560342u, 0x18f009e6u, 8u, {0x43, 0x7e, 0x60, 0xfb, 0x7d, 0xd7, 0x83, 0xff}},
    {8564911u, 0x0cf002e6u, 8u, {0xcd, 0x58, 0x19, 0x01, 0xfc, 0x51, 0x20, 0xff}},
    {8569174u, 0x0cf003e6u, 8u, {0xf0, 0x34, 0x0e, 0xff, 0xff, 0xff, 0xff, 0xff}},
    {8571322u, 0x18f009e6u, 8u, {0x43, 0x7e, 0x60, 0xff, 0x7d, 0x5f, 0x81, 0xff}},
    {8573965u, 0x0cf002e6u, 8u, {0xcd, 0x58, 0x19, 0x00, 0xfc, 0x3c, 0x20, 0xff}},
    {8574482u, 0x0cf004e6u, 8u, {0xf1, 0x8b, 0x8b, 0xf0, 0x21, 0xff, 0xff, 0xff}},
    {8580385u, 0x18f009e6u, 8u, {0x43, 0x7e, 0x60, 0xf7, 0x7d, 0x27, 0x80, 0xff}},
    {8584771u, 0x0cf002e6u, 8u, {0xcd, 0x58, 0x19, 0x00, 0xfc, 0x3c, 0x20, 0xff}},
    {8585319u, 0x18f005e6u, 8u, {0x87, 0x5f, 0x06, 0x87, 0x20, 0x41, 0x31, 0x30}},
    {8589798u, 0x18f009e6u, 8u, {0x43, 0x7e, 0x60, 0xf3, 0x7d, 0x8f, 0x80, 0xff}},
    {8594158u, 0x0cf002e6u, 8u, {0xcd, 0x50, 0x19, 0x00, 0xfc, 0x6c, 0x20, 0xff}},
    {8594672u, 0x0cf004e6u, 8u, {0xf1, 0x8b, 0x8b, 0x02, 0x22, 0xff, 0xff, 0xff}},
    {8595207u, 0x0cfe6ce6u, 8u, {0x4b, 0x10, 0xc0, 0xc0, 0xd0, 0x14, 0xb3, 0x2b}},
    {8600406u, 0x18f009e6u, 8u, {0x43, 0x7e, 0x60, 0xff, 0x7d, 0xef, 0x81, 0xff}},
    {8601552u, 0x18fef1e6u, 8u, {0xf3, 0xb3, 0x2b, 0xc0, 0x00, 0xff, 0xe0, 0xff}},
    {8604895u, 0x0cf002e6u, 8u, {0xcd, 0x50, 0x19, 0x00, 0xfc, 0x6c, 0x20, 0xff}},
    {8606086u, 0x18fef2e6u, 8u, {0xbb, 0x00, 0xff, 0xff, 0xff, 0xff, 0xff, 0xff}},
    {8609800u, 0x18f009e6u, 8u, {0x43, 0x7e, 0x60, 0x0f, 0x7e, 0x4f, 0x84, 0xff}},
    {8613991u, 0x0cf002e6u, 8u, {0xcd, 0x50, 0x19, 0x00, 0xfc, 0x68, 0x20, 0xff}},
    {8614543u, 0x0cf004e6u, 8u, {0xf1, 0x8b, 0x8b, 0xfb, 0x21, 0xff, 0xff, 0xff}},
    {8619296u, 0x0cf003e6u, 8u, {0xf0, 0x35, 0x0e, 0xff, 0xff, 0xff, 0xff, 0xff}},
    {8620948u, 0x18f001e6u, 8u, {0xcf, 0x00, 0xcf, 0xff, 0xff, 0xff, 0xff, 0xff}},
    {8621528u, 0x18f009e6u, 8u, {0x43, 0x7e, 0x60, 0x23, 0x7e, 0x17, 0x86, 0xff}},
    {8624889u, 0x0cf002e6u, 8u, {0xcd, 0x50, 0x19, 0x00, 0xfc, 0x68, 0x20, 0xff}},
    {8629727u, 0x18f009e6u, 8u, {0x43, 0x7e, 0x60, 0x33, 0x7e, 0x4f, 0x86, 0xff}},
    {8634015u, 0x0cf002e6u, 8u, {0xcd, 0x50, 0x19, 0x00, 0xfc, 0x79, 0x20, 0xff}},
    {8634603u, 0x0cf004e6u, 8u, {0xf1, 0x8b, 0x8b, 0xf8, 0x21, 0xff, 0xff, 0xff}},
    {8640446u, 0x18f009e6u, 8u, {0x43, 0x7e, 0x60, 0x2f, 0x7e, 0x6f, 0x84, 0xff}},
    {8644705u, 0x0cf002e6u, 8u, {0xcd, 0x50, 0x19, 0x00, 0xfc, 0x79, 0x20, 0xff}},
    {8645254u, 0x0cfe6ce6u, 8u, {0x4b, 0x10, 0xc0, 0xc0, 0xd0, 0x14, 0xb3, 0x2b}},
    {8651014u, 0x18f009e6u, 8u, {0x43, 0x7e, 0x60, 0x17, 0x7e, 0xd7, 0x81, 0xff}},
    {8654166u, 0x0cf002e6u, 8u, {0xcd, 0x50, 0x19, 0x00, 0xfc, 0xbb, 0x20, 0xff}},
    {8654721u, 0x0cf004e6u, 8u, {0xf1, 0x8b, 0x8b, 0xf2, 0x21, 0xff, 0xff, 0xff}},
    {8660437u, 0x18f009e6u, 8u, {0x43, 0x7e, 0x60, 0xf7, 0x7d, 0x7f, 0x80, 0xff}},
    {8664803u, 0x0cf002e6u, 8u, {0xcd, 0x50, 0x19, 0x00, 0xfc, 0xbb, 0x20, 0xff}},
    {8669181u, 0x0cf003e6u, 8u, {0xf0, 0x35, 0x0e, 0xff, 0xff, 0xff, 0xff, 0xff}},
    {8672016u, 0x18f009e6u, 8u, {0x43, 0x7e, 0x60, 0xe3, 0x7d, 0xf7, 0x81, 0xff}},
    {8674032u, 0x0cf002e6u, 8u, {0xcd, 0x50, 0x19, 0x01, 0xfc, 0x72, 0x20, 0xff}},
    {8674549u, 0x0cf004e6u, 8u, {0xf1, 0x8b, 0x8b, 0xdd, 0x21, 0xff, 0xff, 0xff}},
    {8680371u, 0x18f009e6u, 8u, {0x43, 0x7e, 0x60, 0xef, 0x7d, 0x1f, 0x84, 0xff}},
    {8684749u, 0x0cf002e6u, 8u, {0xcd, 0x50, 0x19, 0x01, 0xfc, 0x72, 0x20, 0xff}},
    {8685286u, 0x18f005e6u, 8u, {0x87, 0x5f, 0x06, 0x87, 0x20, 0x41, 0x31, 0x30}},
    {8689650u, 0x18f009e6u, 8u, {0x43, 0x7e, 0x60, 0x07, 0x7e, 0x0f, 0x85, 0xff}},
    {8694196u, 0x0cf002e6u, 8u, {0xcd, 0x78, 0x19, 0x00, 0xfc, 0x92, 0x20, 0xff}},
    {8694749u, 0x0cf004e6u, 8u, {0xf1, 0x8a, 0x8a, 0xf0, 0x21, 0xff, 0xff, 0xff}},
    {8695288u, 0x0cfe6ce6u, 8u, {0x4b, 0x10, 0xc0, 0xc0, 0xd0, 0x14, 0xb3, 0x2b}},
    {8700463u, 0x18f009e6u, 8u, {0x43, 0x7e, 0x60, 0x1f, 0x7e, 0x37, 0x84, 0xff}},
    {8701521u, 0x18fef1e6u, 8u, {0xf3, 0xb3, 0x2b, 0xc0, 0x00, 0xff, 0xe0, 0xff}},
    {8704901u, 0x0cf002e6u, 8u, {0xcd, 0x78, 0x19, 0x00, 0xfc, 0x92, 0x20, 0xff}},
    {8706055u, 0x18fef2e6u, 8u, {0xb8, 0x00, 0xff, 0xff, 0xff, 0xff, 0xff, 0xff}},
    {8709864u, 0x18f009e6u, 8u, {0x43, 0x7e, 0x60, 0x1f, 0x7e, 0x0f, 0x83, 0xff}},
    {8714179u, 0x0cf002e6u, 8u, {0xcd, 0x78, 0x19, 0x01, 0xfc, 0x5b, 0x20, 0xff}},
    {8714701u, 0x0cf004e6u, 8u, {0xf1, 0x8b, 0x8b, 0xe3, 0x21, 0xff, 0xff, 0xff}},
    {8719173u, 0x0cf003e6u, 8u, {0xf0, 0x35, 0x0e, 0xff, 0xff, 0xff, 0xff, 0xff}},
    {8720882u, 0x18f001e6u, 8u, {0xcf, 0x00, 0xcf, 0xff, 0xff, 0xff, 0xff, 0xff}},
    {8721336u, 0x18f009e6u, 8u, {0x43, 0x7e, 0x60, 0x03, 0x7e, 0xf7, 0x81, 0xff}},
    {8724799u, 0x0cf002e6u, 8u, {0xcd, 0x78, 0x19, 0x01, 0xfc, 0x5b, 0x20, 0xff}},
    {8730340u, 0x18f009e6u, 8u, {0x43, 0x7e, 0x60, 0xe7, 0x7d, 0xd7, 0x80, 0xff}},
    {8734204u, 0x0cf002e6u, 8u, {0xcd, 0x78, 0x19, 0x01, 0xfc, 0xa5, 0x20, 0xff}},
    {8734706u, 0x0cf004e6u, 8u, {0xf1, 0x8a, 0x8a, 0xf7, 0x21, 0xff, 0xff, 0xff}},
    {8740315u, 0x18f009e6u, 8u, {0x43, 0x7e, 0x60, 0xdf, 0x7d, 0xa7, 0x7f, 0xff}},
    {8744797u, 0x0cf002e6u, 8u, {0xcd, 0x90, 0x19, 0x01, 0xfc, 0xa5, 0x20, 0xff}},
    {8745306u, 0x0cfe6ce6u, 8u, {0x4b, 0x10, 0xc0, 0xc0, 0xc8, 0x14, 0x99, 0x2b}},
    {8750915u, 0x18f009e6u, 8u, {0x43, 0x7e, 0x60, 0xe3, 0x7d, 0xf7, 0x7e, 0xff}},
    {8754208u, 0x0cf002e6u, 8u, {0xcd, 0x90, 0x19, 0x01, 0xfc, 0x60, 0x20, 0xff}},
    {8754727u, 0x0cf004e6u, 8u, {0xf1, 0x8a, 0x8a, 0xfa, 0x21, 0xff, 0xff, 0xff}},
    {8760947u, 0x18f009e6u, 8u, {0x43, 0x7e, 0x60, 0xef, 0x7d, 0xd7, 0x7f, 0xff}},
    {8764827u, 0x0cf002e6u, 8u, {0xcd, 0x90, 0x19, 0x01, 0xfc, 0x60, 0x20, 0xff}},
    {8769221u, 0x0cf003e6u, 8u, {0xf0, 0x34, 0x0e, 0xff, 0xff, 0xff, 0xff, 0xff}},
    {8771483u, 0x18f009e6u, 8u, {0x43, 0x7e, 0x60, 0x03, 0x7e, 0x4f, 0x82, 0xff}},
    {8773994u, 0x0cf002e6u, 8u, {0xcd, 0x90, 0x19, 0x00, 0xfc, 0xbe, 0x20, 0xff}},
    {8774547u, 0x0cf004e6u, 8u, {0xf1, 0x8a, 0x8a, 0xfa, 0x21, 0xff, 0xff, 0xff}},
    {8780376u, 0x18f009e6u, 8u, {0x43, 0x7e, 0x60, 0x07, 0x7e, 0x97, 0x84, 0xff}},
    {8784736u, 0x0cf002e6u, 8u, {0xcd, 0x90, 0x19, 0x00, 0xfc, 0xbe, 0x20, 0xff}},
    {8785318u, 0x18f005e6u, 8u, {0x87, 0x5f, 0x06, 0x87, 0x20, 0x41, 0x31, 0x30}},
    {8789836u, 0x18f009e6u, 8u, {0x43, 0x7e, 0x60, 0x03, 0x7e, 0xaf, 0x84, 0xff}},
    {8794093u, 0x0cf002e6u, 8u, {0xcd, 0x80, 0x19, 0x00, 0xfc, 0xb0, 0x20, 0xff}},
    {8794643u, 0x0cf004e6u, 8u, {0xf1, 0x8a, 0x8a, 0xf4, 0x21, 0xff, 0xff, 0xff}},
    {8795238u, 0x0cfe6ce6u, 8u, {0x4b, 0x10, 0xc0, 0xc0, 0xd8, 0x14, 0xb3, 0x2b}},
    {8800479u, 0x18f009e6u, 8u, {0x43, 0x7e, 0x60, 0xfb, 0x7d, 0x27, 0x83, 0xff}},
    {8801610u, 0x18fef1e6u, 8u, {0xf3, 0xb3, 0x2b, 0xc0, 0x00, 0xff, 0xe0, 0xff}},
    {8804965u, 0x0cf002e6u, 8u, {0xcd, 0x80, 0x19, 0x00, 0xfc, 0xb0, 0x20, 0xff}},
    {8806157u, 0x18fef2e6u, 8u, {0xb6, 0x00, 0xff, 0xff, 0xff, 0xff, 0xff, 0xff}},
    {8809773u, 0x18f009e6u, 8u, {0x43, 0x7e, 0x60, 0xfb, 0x7d, 0xa7, 0x81, 0xff}},
    {8813971u, 0x0cf002e6u, 8u, {0xcd, 0x80, 0x19, 0x00, 0xfc, 0xb3, 0x20, 0xff}},
    {8814522u, 0x0cf004e6u, 8u, {0xf1, 0x8a, 0x8a, 0x04, 0x22, 0xff, 0xff, 0xff}},
    {8819326u, 0x0cf003e6u, 8u, {0xf0, 0x34, 0x0e, 0xff, 0xff, 0xff, 0xff, 0xff}},
    {8820982u, 0x18f001e6u, 8u, {0xcf, 0x00, 0xcf, 0xff, 0xff, 0xff, 0xff, 0xff}},
    {8821498u, 0x18f009e6u, 8u, {0x43, 0x7e, 0x60, 0xfb, 0x7d, 0x9f, 0x81, 0xff}},
    {8824732u, 0x0cf002e6u, 8u, {0xcd, 0x80, 0x19, 0x00, 0xfc, 0xb3, 0x20, 0xff}},
    {8829750u, 0x18f009e6u, 8u, {0x43, 0x7e, 0x60, 0xf3, 0x7d, 0x07, 0x82, 0xff}},
    {8834118u, 0x0cf002e6u, 8u, {0xcd, 0x80, 0x19, 0x00, 0xfc, 0xd0, 0x20, 0xff}},
    {8834664u, 0x0cf004e6u, 8u, {0xf1, 0x8a, 0x8a, 0x02, 0x22, 0xff, 0xff, 0xff}},
    {8840386u, 0x18f009e6u, 8u, {0x43, 0x7e, 0x60, 0xeb, 0x7d, 0x5f, 0x82, 0xff}},
    {8844803u, 0x0cf002e6u, 8u, {0xcd, 0x90, 0x19, 0x00, 0xfc, 0xd0, 0x20, 0xff}},
    {8845339u, 0x0cfe6ce6u, 8u, {0x4b, 0x10, 0xc0, 0xc0, 0xd0, 0x14, 0x99, 0x2b}},
    {8850953u, 0x18f009e6u, 8u, {0x43, 0x7e, 0x60, 0xe7, 0x7d, 0xdf, 0x82, 0xff}},
    {8854192u, 0x0cf002e6u, 8u, {0xcd, 0x90, 0x19, 0x00, 0xfc, 0x91, 0x20, 0xff}},
    {8854743u, 0x0cf004e6u, 8u, {0xf1, 0x8a, 0x8a, 0x00, 0x22, 0xff, 0xff, 0xff}},
    {8860410u, 0x18f009e6u, 8u, {0x43, 0x7e, 0x60, 0xeb, 0x7d, 0xbf, 0x83, 0xff}},
    {8864948u, 0x0cf002e6u, 8u, {0xcd, 0x90, 0x19, 0x00, 0xfc, 0x91, 0x20, 0xff}},
    {8869297u, 0x0cf003e6u, 8u, {0xf0, 0x35, 0x0d, 0xff, 0xff, 0xff, 0xff, 0xff}},
    {8871568u, 0x18f009e6u, 8u, {0x43, 0x7e, 0x60, 0xf7, 0x7d, 0x87, 0x83, 0xff}},
    {8874080u, 0x0cf002e6u, 8u, {0xcd, 0x90, 0x19, 0x01, 0xfc, 0xe1, 0x20, 0xff}},
    {8874575u, 0x0cf004e6u, 8u, {0xf1, 0x8a, 0x8a, 0xf9, 0x21, 0xff, 0xff, 0xff}},
    {8880365u, 0x18f009e6u, 8u, {0x43, 0x7e, 0x60, 0xff, 0x7d, 0xdf, 0x81, 0xff}},
    {8884754u, 0x0cf002e6u, 8u, {0xcd, 0x90, 0x19, 0x01, 0xfc, 0xe1, 0x20, 0xff}},
    {8885302u, 0x18f005e6u, 8u, {0x87, 0x5f, 0x06, 0x87, 0x20, 0x41, 0x31, 0x30}},
    {8889706u, 0x18f009e6u, 8u, {0x43, 0x7e, 0x60, 0x07, 0x7e, 0x37, 0x80, 0xff}},
    {8894067u, 0x0cf002e6u, 8u, {0xcd, 0xa8, 0x19, 0x01, 0xfc, 0x97, 0x20, 0xff}},
    {8894577u, 0x0cf004e6u, 8u, {0xf1, 0x8a, 0x8a, 0xdf, 0x21, 0xff, 0xff, 0xff}},
    {8895167u, 0x0cfe6ce6u, 8u, {0x4b, 0x10, 0xc0, 0xc0, 0xd8, 0x14, 0xb3, 0x2b}},
    {8900487u, 0x18f009e6u, 8u, {0x43, 0x7e, 0x60, 0x03, 0x7e, 0x5f, 0x80, 0xff}},
    {8901506u, 0x18fef1e6u, 8u, {0xf3, 0xb3, 0x2b, 0xc0, 0x00, 0xff, 0xe0, 0xff}},
    {8905060u, 0x0cf002e6u, 8u, {0xcd, 0xa8, 0x19, 0x01, 0xfc, 0x97, 0x20, 0xff}},
    {8906227u, 0x18fef2e6u, 8u, {0xb4, 0x00, 0xff, 0xff, 0xff, 0xff, 0xff, 0xff}},
    {8909861u, 0x18f009e6u, 8u, {0x43, 0x7e, 0x60, 0xfb, 0x7d, 0xff, 0x81, 0xff}},
    {8914091u, 0x0cf002e6u, 8u, {0xcd, 0xa8, 0x19, 0x01, 0xfc, 0xed, 0x20, 0xff}},
    {8914595u, 0x0cf004e6u, 8u, {0xf1, 0x8a, 0x8a, 0xf1, 0x21, 0xff, 0xff, 0xff}},
    {8919193u, 0x0cf003e6u, 8u, {0xf0, 0x35, 0x0e, 0xff, 0xff, 0xff, 0xff, 0xff}},
    {8920905u, 0x18f001e6u, 8u, {0xcf, 0x00, 0xcf, 0xff, 0xff, 0xff, 0xff, 0xff}},
    {8921468u, 0x18f009e6u, 8u, {0x43, 0x7e, 0x60, 0xf7, 0x7d, 0xbf, 0x83, 0xff}},
    {8924857u, 0x0cf002e6u, 8u, {0xcd, 0xa8, 0x19, 0x01, 0xfc, 0xed, 0x20, 0xff}},
    {8930253u, 0x18f009e6u, 8u, {0x43, 0x7e, 0x60, 0xf7, 0x7d, 0x4f, 0x84, 0xff}},
    {8934104u, 0x0cf002e6u, 8u, {0xcd, 0xa8, 0x19, 0x01, 0xfc, 0x94, 0x20, 0xff}},
    {8934701u, 0x0cf004e6u, 8u, {0xf1, 0x8a, 0x8a, 0xe9, 0x21, 0xff, 0xff, 0xff}},
    {8940466u, 0x18f009e6u, 8u, {0x43, 0x7e, 0x60, 0xfb, 0x7d, 0xd7, 0x83, 0xff}},
    {8944798u, 0x0cf002e6u, 8u, {0xcd, 0xb0, 0x19, 0x01, 0xfc, 0x94, 0x20, 0xff}},
    {8945322u, 0x0cfe6ce6u, 8u, {0x4b, 0x10, 0xc0, 0xc0, 0xd0, 0x14, 0xb3, 0x2b}},
    {8950972u, 0x18f009e6u, 8u, {0x43, 0x7e, 0x60, 0xff, 0x7d, 0xef, 0x82, 0xff}},
    {8954258u, 0x0cf002e6u, 8u, {0xcd, 0xb0, 0x19, 0x01, 0xfc, 0xfa, 0x20, 0xff}},
    {8954807u, 0x0cf004e6u, 8u, {0xf1, 0x8a, 0x8a, 0xf6, 0x21, 0xff, 0xff, 0xff}},
    {8960367u, 0x18f009e6u, 8u, {0x43, 0x7e, 0x60, 0x03, 0x7e, 0x17, 0x82, 0xff}},
    {8964761u, 0x0cf002e6u, 8u, {0xcd, 0xb0, 0x19, 0x01, 0xfc, 0xfa, 0x20, 0xff}},
    {8969234u, 0x0cf003e6u, 8u, {0xf0, 0x35, 0x0d, 0xff, 0xff, 0xff, 0xff, 0xff}},
    {8972049u, 0x18f009e6u, 8u, {0x43, 0x7e, 0x60, 0x07, 0x7e, 0xaf, 0x81, 0xff}},
    {8974019u, 0x0cf002e6u, 8u, {0xcd, 0xb0, 0x19, 0x00, 0xfc, 0xbc, 0x20, 0xff}},
    {8974523u, 0x0cf004e6u, 8u, {0xf1, 0x8a, 0x8a, 0xfe, 0x21, 0xff, 0xff, 0xff}},
    {8980392u, 0x18f009e6u, 8u, {0x43, 0x7e, 0x60, 0xff, 0x7d, 0x97, 0x81, 0xff}},
    {8984874u, 0x0cf002e6u, 8u, {0xcd, 0xb0, 0x19, 0x00, 0xfc, 0xbc, 0x20, 0xff}},
    {8985405u, 0x18f005e6u, 8u, {0x87, 0x5f, 0x06, 0x87, 0x20, 0x41, 0x31, 0x30}},
    {8989709u, 0x18f009e6u, 8u, {0x43, 0x7e, 0x60, 0xf3, 0x7d, 0x6f, 0x82, 0xff}},
    {8994120u, 0x0cf002e6u, 8u, {0xcd, 0xb8, 0x19, 0x01, 0xfc, 0x12, 0x21, 0xff}},
    {8994632u, 0x0cf004e6u, 8u, {0xf1, 0x8a, 0x8a, 0xfe, 0x21, 0xff, 0xff, 0xff}},
    {8995221u, 0x0cfe6ce6u, 8u, {0x4b, 0x10, 0xc0, 0xc0, 0xc8, 0x14, 0x99, 0x2b}},
    {9000421u, 0x18f009e6u, 8u, {0x43, 0x7e, 0x60, 0xeb, 0x7d, 0x37, 0x83, 0xff}},
    {9001568u, 0x18fef1e6u, 8u, {0xf3, 0xb3, 0x2b, 0xc0, 0x00, 0xff, 0xe0, 0xff}},
    {9004990u, 0x0cf002e6u, 8u, {0xcd, 0xb8, 0x19, 0x01, 0xfc, 0x12, 0x21, 0xff}},
    {9006130u, 0x18fef2e6u, 8u, {0xb3, 0x00, 0xff, 0xff, 0xff, 0xff, 0xff, 0xff}},
    {9009828u, 0x18f009e6u, 8u, {0x43, 0x7e, 0x60, 0xf3, 0x7d, 0x9f, 0x82, 0xff}},
    {9014209u, 0x0cf002e6u, 8u, {0xcd, 0xb8, 0x19, 0x00, 0xfc, 0xe8, 0x20, 0xff}},
    {9014718u, 0x0cf004e6u, 8u, {0xf1, 0x8a, 0x8a, 0xf9, 0x21, 0xff, 0xff, 0xff}},
    {9019225u, 0x0cf003e6u, 8u, {0xf0, 0x35, 0x0d, 0xff, 0xff, 0xff, 0xff, 0xff}},
    {9020892u, 0x18f001e6u, 8u, {0xcf, 0x00, 0xcf, 0xff, 0xff, 0xff, 0xff, 0xff}},
    {9021467u, 0x18f009e6u, 8u, {0x43, 0x7e, 0x60, 0xff, 0x7d, 0x5f, 0x81, 0xff}},
    {9024883u, 0x0cf002e6u, 8u, {0xcd, 0xb8, 0x19, 0x00, 0xfc, 0xe8, 0x20, 0xff}},
    {9029782u, 0x18f009e6u, 8u, {0x43, 0x7e, 0x60, 0x0f, 0x7e, 0xff, 0x80, 0xff}},
    {9034026u, 0x0cf002e6u, 8u, {0xcd, 0xb8, 0x19, 0x00, 0xfc, 0x08, 0x21, 0xff}},
    {9034569u, 0x0cf004e6u, 8u, {0xf1, 0x8a, 0x8a, 0x07, 0x22, 0xff, 0xff, 0xff}},
    {9040373u, 0x18f009e6u, 8u, {0x43, 0x7e, 0x60, 0x13, 0x7e, 0x8f, 0x81, 0xff}},
    {9044943u, 0x0cf002e6u, 8u, {0xcd, 0xc0, 0x19, 0x00, 0xfc, 0x08, 0x21, 0xff}},
    {9045528u, 0x0cfe6ce6u, 8u, {0x4b, 0x10, 0xc0, 0xc0, 0xd8, 0x14, 0xb3, 0x2b}},
    {9050962u, 0x18f009e6u, 8u, {0x43, 0x7e, 0x60, 0x0f, 0x7e, 0x07, 0x82, 0xff}},
    {9054206u, 0x0cf002e6u, 8u, {0xcd, 0xc0, 0x19, 0x00, 0xfc, 0xf3, 0x20, 0xff}},
    {9054749u, 0x0cf004e6u, 8u, {0xf1, 0x8a, 0x8a, 0x01, 0x22, 0xff, 0xff, 0xff}},
    {9060415u, 0x18f009e6u, 8u, {0x43, 0x7e, 0x60, 0x03, 0x7e, 0xf7, 0x81, 0xff}},
    {9064778u, 0x0cf002e6u, 8u, {0xcd, 0xc0, 0x19, 0x00, 0xfc, 0xf3, 0x20, 0xff}},
    {9069235u, 0x0cf003e6u, 8u, {0xf0, 0x35, 0x0e, 0xff, 0xff, 0xff, 0xff, 0xff}},
    {9071432u, 0x18f009e6u, 8u, {0x43, 0x7e, 0x60, 0xfb, 0x7d, 0x0f, 0x81, 0xff}},
    {9074092u, 0x0cf002e6u, 8u, {0xcd, 0xc0, 0x19, 0x00, 0xfc, 0xf4, 0x20, 0xff}},
    {9074598u, 0x0cf004e6u, 8u, {0xf1, 0x8a, 0x8a, 0x01, 0x22, 0xff, 0xff, 0xff}},
    {9081526u, 0x18f009e6u, 8u, {0x41, 0x7e, 0x60, 0xfb, 0x7d, 0x7f, 0x81, 0xff}},
    {9084696u, 0x0cf002e6u, 8u, {0xcd, 0xc0, 0x19, 0x00, 0xfc, 0xf4, 0x20, 0xff}},
    {9085187u, 0x18f005e6u, 8u, {0x87, 0x5f, 0x06, 0x87, 0x20, 0x41, 0x31, 0x30}},
    {9089799u, 0x18f009e6u, 8u, {0x43, 0x7e, 0x60, 0xff, 0x7d, 0x57, 0x83, 0xff}},
    {9094128u, 0x0cf002e6u, 8u, {0xcd, 0xe8, 0x19, 0x00, 0xfc, 0x02, 0x21, 0xff}},
    {9094720u, 0x0cf004e6u, 8u, {0xf1, 0x8a, 0x8a, 0xef, 0x21, 0xff, 0xff, 0xff}},
    {9095239u, 0x0cfe6ce6u, 8u, {0x4b, 0x10, 0xc0, 0xc0, 0xd8, 0x14, 0xb3, 0x2b}},
    {9100493u, 0x18f009e6u, 8u, {0x43, 0x7e, 0x60, 0xfb, 0x7d, 0x87, 0x84, 0xff}},
    {9101632u, 0x18fef1e6u, 8u, {0xf3, 0x99, 0x2b, 0xc0, 0x00, 0xff, 0xe0, 0xff}},
    {9104976u, 0x0cf002e6u, 8u, {0xcd, 0xe8, 0x19, 0x00, 0xfc, 0x02, 0x21, 0xff}},
    {9106052u, 0x18fef2e6u, 8u, {0xb4, 0x00, 0xff, 0xff, 0xff, 0xff, 0xff, 0xff}},
    {9109768u, 0x18f009e6u, 8u, {0x43, 0x7e, 0x60, 0xf7, 0x7d, 0x77, 0x84, 0xff}},
    {9114155u, 0x0cf002e6u, 8u, {0xcd, 0xe8, 0x19, 0x00, 0xfc, 0xf9, 0x20, 0xff}},
    {9114697u, 0x0cf004e6u, 8u, {0xf1, 0x8a, 0x8a, 0xd3, 0x21, 0xff, 0xff, 0xff}},
    {9119249u, 0x0cf003e6u, 8u, {0xf0, 0x35, 0x0e, 0xff, 0xff, 0xff, 0xff, 0xff}},
    {9120927u, 0x18f001e6u, 8u, {0xcf, 0x00, 0xcf, 0xff, 0xff, 0xff, 0xff, 0xff}},
    {9121447u, 0x18f009e6u, 8u, {0x43, 0x7e, 0x60, 0xf3, 0x7d, 0x17, 0x83, 0xff}},
    {9124823u, 0x0cf002e6u, 8u, {0xcd, 0xe8, 0x19, 0x00, 0xfc, 0xf9, 0x20, 0xff}},
    {9130292u, 0x18f009e6u, 8u, {0x43, 0x7e, 0x60, 0xf3, 0x7d, 0xff, 0x80, 0xff}},
    {9134083u, 0x0cf002e6u, 8u, {0xcd, 0xe8, 0x19, 0x00, 0xfc, 0x50, 0x21, 0xff}},
    {9134661u, 0x0cf004e6u, 8u, {0xf1, 0x8a, 0x8a, 0xea, 0x21, 0xff, 0xff, 0xff}},
    {9140360u, 0x18f009e6u, 8u, {0x41, 0x7e, 0x60, 0x03, 0x7e, 0x37, 0x80, 0xff}},
    {9144794u, 0x0cf002e6u, 8u, {0xcd, 0xe0, 0x19, 0x00, 0xfc, 0x50, 0x21, 0xff}},
    {9145292u, 0x0cfe6ce6u, 8u, {0x4b, 0x10, 0xc0, 0xc0, 0xd0, 0x14, 0xb3, 0x2b}},
    {9151114u, 0x18f009e6u, 8u, {0x43, 0x7e, 0x60, 0x0f, 0x7e, 0xf7, 0x7f, 0xff}},
    {9154251u, 0x0cf002e6u, 8u, {0xcd, 0xe0, 0x19, 0x01, 0xfc, 0xf8, 0x20, 0xff}},
    {9154801u, 0x0cf004e6u, 8u, {0xf1, 0x8a, 0x8a, 0xe4, 0x21, 0xff, 0xff, 0xff}},
    {9160426u, 0x18f009e6u, 8u, {0x41, 0x7e, 0x60, 0x13, 0x7e, 0xc7, 0x7f, 0xff}},
    {9164942u, 0x0cf002e6u, 8u, {0xcd, 0xe0, 0x19, 0x01, 0xfc, 0xf8, 0x20, 0xff}},
    {9169205u, 0x0cf003e6u, 8u, {0xf0, 0x35, 0x0e, 0xff, 0xff, 0xff, 0xff, 0xff}},
    {9172030u, 0x18f009e6u, 8u, {0x43, 0x7e, 0x60, 0x0b, 0x7e, 0x3f, 0x80, 0xff}},
    {9174086u, 0x0cf002e6u, 8u, {0xcd, 0xe0, 0x19, 0x01, 0xfc, 0x50, 0x21, 0xff}},
    {9174586u, 0x0cf004e6u, 8u, {0xf1, 0x8a, 0x8a, 0xef, 0x21, 0xff, 0xff, 0xff}},
    {9180383u, 0x18f009e6u, 8u, {0x41, 0x7e, 0x60, 0x07, 0x7e, 0xff, 0x80, 0xff}},
    {9184814u, 0x0cf002e6u, 8u, {0xcd, 0xe0, 0x19, 0x01, 0xfc, 0x50, 0x21, 0xff}},
    {9185381u, 0x18f005e6u, 8u, {0x87, 0x5f, 0x06, 0x87, 0x20, 0x41, 0x31, 0x30}},
    {9189760u, 0x18f009e6u, 8u, {0x43, 0x7e, 0x60, 0x07, 0x7e, 0x7f, 0x82, 0xff}},
    {9194186u, 0x0cf002e6u, 8u, {0xcd, 0xe8, 0x19, 0x01, 0xfc, 0xf6, 0x20, 0xff}},
    {9194700u, 0x0cf004e6u, 8u, {0xf1, 0x8a, 0x8a, 0xf4, 0x21, 0xff, 0xff, 0xff}},
    {9195241u, 0x0cfe6ce6u, 8u, {0x4b, 0x10, 0xc0, 0xc0, 0xc8, 0x14, 0x99, 0x2b}},
    {9200430u, 0x18f009e6u, 8u, {0x41, 0x7e, 0x60, 0x0f, 0x7e, 0xc7, 0x83, 0xff}},
    {9201529u, 0x18fef1e6u, 8u, {0xf3, 0xb3, 0x2b, 0xc0, 0x00, 0xff, 0xe0, 0xff}},
    {9205065u, 0x0cf002e6u, 8u, {0xcd, 0xe8, 0x19, 0x01, 0xfc, 0xf6, 0x20, 0xff}},
    {9206147u, 0x18fef2e6u, 8u, {0xb5, 0x00, 0xff, 0xff, 0xff, 0xff, 0xff, 0xff}},
    {9209838u, 0x18f009e6u, 8u, {0x43, 0x7e, 0x60, 0x13, 0x7e, 0xff, 0x83, 0xff}},
    {9214098u, 0x0cf002e6u, 8u, {0xcd, 0xe8, 0x19, 0x00, 0xfc, 0x3a, 0x21, 0xff}},
    {9214651u, 0x0cf004e6u, 8u, {0xf1, 0x8a, 0x8a, 0xf0, 0x21, 0xff, 0xff, 0xff}},
    {9219269u, 0x0cf003e6u, 8u, {0xf0, 0x35, 0x0e, 0xff, 0xff, 0xff, 0xff, 0xff}},
    {9220915u, 0x18f001e6u, 8u, {0xcf, 0x00, 0xcf, 0xff, 0xff, 0xff, 0xff, 0xff}},
    {9221509u, 0x18f009e6u, 8u, {0x41, 0x7e, 0x60, 0x07, 0x7e, 0xf7, 0x82, 0xff}},
    {9224836u, 0x0cf002e6u, 8u, {0xcd, 0xe8, 0x19, 0x00, 0xfc, 0x3a, 0x21, 0xff}},
    {9229771u, 0x18f009e6u, 8u, {0x43, 0x7e, 0x60, 0xf7, 0x7d, 0xa7, 0x81, 0xff}},
    {9234165u, 0x0cf002e6u, 8u, {0xcd, 0xe8, 0x19, 0x00, 0xfc, 0x3b, 0x21, 0xff}},
    {9234711u, 0x0cf004e6u, 8u, {0xf1, 0x8a, 0x8a, 0xe8, 0x21, 0xff, 0xff, 0xff}},
    {9240470u, 0x18f009e6u, 8u, {0x43, 0x7e, 0x60, 0xeb, 0x7d, 0xef, 0x80, 0xff}},
    {9244809u, 0x0cf002e6u, 8u, {0xcd, 0x10, 0x1a, 0x00, 0xfc, 0x3b, 0x21, 0xff}},
    {9245363u, 0x0cfe6ce6u, 8u, {0x4b, 0x10, 0xc0, 0xc0, 0xc8, 0x14, 0x99, 0x2b}},
    {9250990u, 0x18f009e6u, 8u, {0x43, 0x7e, 0x60, 0xef, 0x7d, 0xd7, 0x81, 0xff}},
    {9254194u, 0x0cf002e6u, 8u, {0xcd, 0x10, 0x1a, 0x00, 0xfc, 0x30, 0x21, 0xff}},
    {9254784u, 0x0cf004e6u, 8u, {0xf1, 0x8a, 0x8a, 0xf6, 0x21, 0xff, 0xff, 0xff}},
    {9260410u, 0x18f009e6u, 8u, {0x43, 0x7e, 0x60, 0x03, 0x7e, 0xf7, 0x83, 0xff}},
    {9264786u, 0x0cf002e6u, 8u, {0xcd, 0x10, 0x1a, 0x00, 0xfc, 0x30, 0x21, 0xff}},
    {9269202u, 0x0cf003e6u, 8u, {0xf0, 0x35, 0x0e, 0xff, 0xff, 0xff, 0xff, 0xff}},
    {9271465u, 0x18f009e6u, 8u, {0x47, 0x7e, 0x60, 0x1b, 0x7e, 0x47, 0x85, 0xff}},
    {9274009u, 0x0cf002e6u, 8u, {0xcd, 0x10, 0x1a, 0x01, 0xfc, 0x64, 0x21, 0xff}},
    {9274554u, 0x0cf004e6u, 8u, {0xf1, 0x8a, 0x8a, 0xe9, 0x21, 0xff, 0xff, 0xff}},
    {9280383u, 0x18f009e6u, 8u, {0x49, 0x7e, 0x60, 0x27, 0x7e, 0x17, 0x85, 0xff}},
    {9284811u, 0x0cf002e6u, 8u, {0xcd, 0x10, 0x1a, 0x01, 0xfc, 0x64, 0x21, 0xff}},
    {9285321u, 0x18f005e6u, 8u, {0x87, 0x5f, 0x06, 0x87, 0x20, 0x41, 0x31, 0x30}},
    {9289750u, 0x18f009e6u, 8u, {0x4d, 0x7e, 0x60, 0x1f, 0x7e, 0x77, 0x83, 0xff}},
    {9294144u, 0x0cf002e6u, 8u, {0xcd, 0x00, 0x1a, 0x01, 0xfc, 0x20, 0x21, 0xff}},
    {9294646u, 0x0cf004e6u, 8u, {0xf1, 0x8a, 0x8a, 0xed, 0x21, 0xff, 0xff, 0xff}},
    {9295194u, 0x0cfe6ce6u, 8u, {0x4b, 0x10, 0xc0, 0xc0, 0xc8, 0x14, 0x99, 0x2b}},
    {9300468u, 0x18f009e6u, 8u, {0x4f, 0x7e, 0x60, 0x0b, 0x7e, 0xb7, 0x81, 0xff}},
    {9301558u, 0x18fef1e6u, 8u, {0xf3, 0x99, 0x2b, 0xc0, 0x00, 0xff, 0xe0, 0xff}},
    {9304947u, 0x0cf002e6u, 8u, {0xcd, 0x00, 0x1a, 0x01, 0xfc, 0x20, 0x21, 0xff}},
    {9306133u, 0x18fef2e6u, 8u, {0xb4, 0x00, 0xff, 0xff, 0xff, 0xff, 0xff, 0xff}},
    {9309797u, 0x18f009e6u, 8u, {0x51, 0x7e, 0x60, 0xf7, 0x7d, 0x07, 0x81, 0xff}},
    {9314118u, 0x0cf002e6u, 8u, {0xcd, 0x00, 0x1a, 0x01, 0xfc, 0x90, 0x21, 0xff}},
    {9314705u, 0x0cf004e6u, 8u, {0xf1, 0x8b, 0x8b, 0xe4, 0x21, 0xff, 0xff, 0xff}},
    {9319257u, 0x0cf003e6u, 8u, {0xf0, 0x35, 0x0e, 0xff, 0xff, 0xff, 0xff, 0xff}},
    {9320899u, 0x18f001e6u, 8u, {0xcf, 0x00, 0xcf, 0xff, 0xff, 0xff, 0xff, 0xff}},
    {9321430u, 0x18f009e6u, 8u, {0x53, 0x7e, 0x60, 0xf7, 0x7d, 0xf7, 0x80, 0xff}},
    {9324881u, 0x0cf002e6u, 8u, {0xcd, 0x00, 0x1a, 0x01, 0xfc, 0x90, 0x21, 0xff}},
    {9330357u, 0x18f009e6u, 8u, {0x55, 0x7e, 0x60, 0x07, 0x7e, 0xcf, 0x80, 0xff}},
    {9334121u, 0x0cf002e6u, 8u, {0xcd, 0x00, 0x1a, 0x01, 0xfc, 0x36, 0x21, 0xff}},
    {9334628u, 0x0cf004e6u, 8u, {0xf1, 0x8b, 0x8b, 0xe5, 0x21, 0xff, 0xff, 0xff}},
    {9340353u, 0x18f009e6u, 8u, {0x55, 0x7e, 0x60, 0x17, 0x7e, 0xff, 0x80, 0xff}},
    {9344817u, 0x0cf002e6u, 8u, {0xcd, 0x18, 0x1a, 0x01, 0xfc, 0x36, 0x21, 0xff}},
    {9345342u, 0x0cfe6ce6u, 8u, {0x4b, 0x10, 0xc0, 0xc0, 0xd0, 0x14, 0xb3, 0x2b}},
    {9350988u, 0x18f009e6u, 8u, {0x57, 0x7e, 0x60, 0x1f, 0x7e, 0x17, 0x82, 0xff}},
    {9354221u, 0x0cf002e6u, 8u, {0xcd, 0x18, 0x1a, 0x01, 0xfc, 0x97, 0x21, 0xff}},
    {9354767u, 0x0cf004e6u, 8u, {0xf1, 0x8b, 0x8b, 0xee, 0x21, 0xff, 0xff, 0xff}},
    {9360489u, 0x18f009e6u, 8u, {0x57, 0x7e, 0x60, 0x17, 0x7e, 0x07, 0x84, 0xff}},
    {9364833u, 0x0cf002e6u, 8u, {0xcd, 0x18, 0x1a, 0x01, 0xfc, 0x97, 0x21, 0xff}},
    {9369207u, 0x0cf003e6u, 8u, {0xf0, 0x35, 0x0e, 0xff, 0xff, 0xff, 0xff, 0xff}},
    {9371401u, 0x18f009e6u, 8u, {0x59, 0x7e, 0x60, 0x07, 0x7e, 0xdf, 0x84, 0xff}},
    {9374066u, 0x0cf002e6u, 8u, {0xcd, 0x18, 0x1a, 0x00, 0xfc, 0x56, 0x21, 0xff}},
    {9374620u, 0x0cf004e6u, 8u, {0xf1, 0x8b, 0x8b, 0xee, 0x21, 0xff, 0xff, 0xff}},
    {9380344u, 0x18f009e6u, 8u, {0x5b, 0x7e, 0x60, 0xfb, 0x7d, 0x07, 0x84, 0xff}},
    {9384835u, 0x0cf002e6u, 8u, {0xcd, 0x18, 0x1a, 0x00, 0xfc, 0x56, 0x21, 0xff}},
    {9385350u, 0x18f005e6u, 8u, {0x87, 0x5f, 0x06, 0x87, 0x20, 0x41, 0x31, 0x30}},
    {9389900u, 0x18f009e6u, 8u, {0x5d, 0x7e, 0x60, 0xfb, 0x7d, 0x5f, 0x83, 0xff}},
    {9394196u, 0x0cf002e6u, 8u, {0xcd, 0x28, 0x1a, 0x00, 0xfc, 0x70, 0x21, 0xff}},
    {9394716u, 0x0cf004e6u, 8u, {0xf1, 0x8b, 0x8b, 0xf6, 0x21, 0xff, 0xff, 0xff}},
    {9395286u, 0x0cfe6ce6u, 8u, {0x4b, 0x10, 0xc0, 0xc0, 0xc0, 0x14, 0x99, 0x2b}},
    {9400438u, 0x18f009e6u, 8u, {0x5d, 0x7e, 0x60, 0x03, 0x7e, 0xa7, 0x82, 0xff}},
    {9401539u, 0x18fef1e6u, 8u, {0xf3, 0x99, 0x2b, 0xc0, 0x00, 0xff, 0xe0, 0xff}},
    {9404935u, 0x0cf002e6u, 8u, {0xcd, 0x28, 0x1a, 0x00, 0xfc, 0x70, 0x21, 0xff}},
    {9406124u, 0x18fef2e6u, 8u, {0xb5, 0x00, 0xff, 0xff, 0xff, 0xff, 0xff, 0xff}},
    {9409824u, 0x18f009e6u, 8u, {0x5f, 0x7e, 0x60, 0x0b, 0x7e, 0xaf, 0x82, 0xff}},
    {9414090u, 0x0cf002e6u, 8u, {0xcd, 0x28, 0x1a, 0x00, 0xfc, 0x6a, 0x21, 0xff}},
    {9414591u, 0x0cf004e6u, 8u, {0xf1, 0x8b, 0x8b, 0xfe, 0x21, 0xff, 0xff, 0xff}},
    {9419286u, 0x0cf003e6u, 8u, {0xf0, 0x35, 0x0e, 0xff, 0xff, 0xff, 0xff, 0xff}},
    {9420947u, 0x18f001e6u, 8u, {0xcf, 0x00, 0xcf, 0xff, 0xff, 0xff, 0xff, 0xff}},
    {9421525u, 0x18f009e6u, 8u, {0x61, 0x7e, 0x60, 0x13, 0x7e, 0x37, 0x83, 0xff}},
    {9424782u, 0x0cf002e6u, 8u, {0xcd, 0x28, 0x1a, 0x00, 0xfc, 0x6a, 0x21, 0xff}},
    {9429852u, 0x18f009e6u, 8u, {0x61, 0x7e, 0x60, 0x13, 0x7e, 0x1f, 0x83, 0xff}},
    {9434134u, 0x0cf002e6u, 8u, {0xcd, 0x28, 0x1a, 0x01, 0xfc, 0x5b, 0x21, 0xff}},
    {9434690u, 0x0cf004e6u, 8u, {0xf1, 0x8b, 0x8b, 0xf4, 0x21, 0xff, 0xff, 0xff}},
    {9440345u, 0x18f009e6u, 8u, {0x61, 0x7e, 0x60, 0x13, 0x7e, 0x77, 0x83, 0xff}},
    {9444688u, 0x0cf002e6u, 8u, {0xcd, 0x38, 0x1a, 0x01, 0xfc, 0x5b, 0x21, 0xff}},
    {9445339u, 0x0cfe6ce6u, 8u, {0x4b, 0x10, 0xc0, 0xc0, 0xc8, 0x14, 0x99, 0x2b}},
    {9451022u, 0x18f009e6u, 8u, {0x63, 0x7e, 0x60, 0x1b, 0x7e, 0xff, 0x82, 0xff}},
    {9454247u, 0x0cf002e6u, 8u, {0xcd, 0x38, 0x1a, 0x01, 0xfc, 0xc0, 0x21, 0xff}},
    {9454749u, 0x0cf004e6u, 8u, {0xf1, 0x8b, 0x8b, 0xdc, 0x21, 0xff, 0xff, 0xff}},
    {9460426u, 0x18f009e6u, 8u, {0x63, 0x7e, 0x60, 0x1f, 0x7e, 0xff, 0x81, 0xff}},
    {9464982u, 0x0cf002e6u, 8u, {0xcd, 0x38, 0x1a, 0x01, 0xfc, 0xc0, 0x21, 0xff}},
    {9469202u, 0x0cf003e6u, 8u, {0xf0, 0x37, 0x0e, 0xff, 0xff, 0xff, 0xff, 0xff}},
    {9472045u, 0x18f009e6u, 8u, {0x63, 0x7e, 0x60, 0x13, 0x7e, 0x97, 0x81, 0xff}},
    {9474354u, 0x0cf002e6u, 8u, {0xcd, 0x38, 0x1a, 0x01, 0xfc, 0x75, 0x21, 0xff}},
    {9474913u, 0x0cf004e6u, 8u, {0xf1, 0x8b, 0x8b, 0xe4, 0x21, 0xff, 0xff, 0xff}},
    {9480354u, 0x18f009e6u, 8u, {0x63, 0x7e, 0x60, 0x03, 0x7e, 0x5f, 0x81, 0xff}},
    {9484882u, 0x0cf002e6u, 8u, {0xcd, 0x38, 0x1a, 0x01, 0xfc, 0x75, 0x21, 0xff}},
    {9485417u, 0x18f005e6u, 8u, {0x87, 0x5f, 0x06, 0x87, 0x20, 0x41, 0x31, 0x30}},
    {9489677u, 0x18f009e6u, 8u, {0x65, 0x7e, 0x60, 0x03, 0x7e, 0x8f, 0x81, 0xff}},
    {9494127u, 0x0cf002e6u, 8u, {0xcd, 0x40, 0x1a, 0x00, 0xfc, 0xc2, 0x21, 0xff}},
    {9494716u, 0x0cf004e6u, 8u, {0xf1, 0x8b, 0x8b, 0xd2, 0x21, 0xff, 0xff, 0xff}},
    {9495208u, 0x0cfe6ce6u, 8u, {0x4b, 0x10, 0xc0, 0xc0, 0xd0, 0x14, 0xb3, 0x2b}},
    {9500525u, 0x18f009e6u, 8u, {0x67, 0x7e, 0x60, 0x13, 0x7e, 0xef, 0x80, 0xff}},
    {9501639u, 0x18fef1e6u, 8u, {0xf3, 0x99, 0x2b, 0xc0, 0x00, 0xff, 0xe0, 0xff}},
    {9504978u, 0x0cf002e6u, 8u, {0xcd, 0x40, 0x1a, 0x00, 0xfc, 0xc2, 0x21, 0xff}},
    {9506165u, 0x18fef2e6u, 8u, {0xb6, 0x00, 0xff, 0xff, 0xff, 0xff, 0xff, 0xff}},
    {9509839u, 0x18f009e6u, 8u, {0x67, 0x7e, 0x60, 0x27, 0x7e, 0xa7, 0x80, 0xff}},
    {9514083u, 0x0cf002e6u, 8u, {0xcd, 0x40, 0x1a, 0x00, 0xfc, 0x8b, 0x21, 0xff}},
    {9514600u, 0x0cf004e6u, 8u, {0xf1, 0x8b, 0x8b, 0xda, 0x21, 0xff, 0xff, 0xff}},
    {9519237u, 0x0cf003e6u, 8u, {0xf0, 0x37, 0x0e, 0xff, 0xff, 0xff, 0xff, 0xff}},
    {9520937u, 0x18f001e6u, 8u, {0xcf, 0x00, 0xcf, 0xff, 0xff, 0xff, 0xff, 0xff}},
    {9521476u, 0x18f009e6u, 8u, {0x69, 0x7e, 0x60, 0x33, 0x7e, 0x97, 0x81, 0xff}},
    {9524883u, 0x0cf002e6u, 8u, {0xcd, 0x40, 0x1a, 0x00, 0xfc, 0x8b, 0x21, 0xff}},
    {9530276u, 0x18f009e6u, 8u, {0x6b, 0x7e, 0x60, 0x3b, 0x7e, 0x9f, 0x82, 0xff}},
    {9534203u, 0x0cf002e6u, 8u, {0xcd, 0x40, 0x1a, 0x00, 0xfc, 0x9f, 0x21, 0xff}},
    {9534750u, 0x0cf004e6u, 8u, {0xf1, 0x8b, 0x8b, 0xdd, 0x21, 0xff, 0xff, 0xff}},
    {9540468u, 0x18f009e6u, 8u, {0x6b, 0x7e, 0x60, 0x37, 0x7e, 0x9f, 0x82, 0xff}},
    {9544807u, 0x0cf002e6u, 8u, {0xcd, 0x58, 0x1a, 0x00, 0xfc, 0x9f, 0x21, 0xff}},
    {9545352u, 0x0cfe6ce6u, 8u, {0x4b, 0x10, 0xc0, 0xc0, 0xc0, 0x14, 0x99, 0x2b}},
    {9551004u, 0x18f009e6u, 8u, {0x6d, 0x7e, 0x60, 0x2f, 0x7e, 0x47, 0x82, 0xff}},
    {9554168u, 0x0cf002e6u, 8u, {0xcd, 0x58, 0x1a, 0x00, 0xfc, 0x9d, 0x21, 0xff}},
    {9554716u, 0x0cf004e6u, 8u, {0xf1, 0x8b, 0x8b, 0xe9, 0x21, 0xff, 0xff, 0xff}},
    {9560421u, 0x18f009e6u, 8u, {0x71, 0x7e, 0x60, 0x33, 0x7e, 0x2f, 0x83, 0xff}},
    {9564828u, 0x0cf002e6u, 8u, {0xcd, 0x58, 0x1a, 0x00, 0xfc, 0x9d, 0x21, 0xff}},
    {9569292u, 0x0cf003e6u, 8u, {0xf0, 0x37, 0x0e, 0xff, 0xff, 0xff, 0xff, 0xff}},
    {9571496u, 0x18f009e6u, 8u, {0x73, 0x7e, 0x60, 0x3b, 0x7e, 0x8f, 0x84, 0xff}},
    {9574155u, 0x0cf002e6u, 8u, {0xcd, 0x58, 0x1a, 0x00, 0xfc, 0x97, 0x21, 0xff}},
    {9574712u, 0x0cf004e6u, 8u, {0xf1, 0x8b, 0x8b, 0xe2, 0x21, 0xff, 0xff, 0xff}},
    {9580383u, 0x18f009e6u, 8u, {0x73, 0x7e, 0x60, 0x3f, 0x7e, 0x97, 0x85, 0xff}},
    {9584734u, 0x0cf002e6u, 8u, {0xcd, 0x58, 0x1a, 0x00, 0xfc, 0x97, 0x21, 0xff}},
    {9585341u, 0x18f005e6u, 8u, {0x87, 0x5f, 0x06, 0x87, 0x20, 0x41, 0x31, 0x30}},
    {9589797u, 0x18f009e6u, 8u, {0x75, 0x7e, 0x60, 0x3f, 0x7e, 0x27, 0x86, 0xff}},
    {9594143u, 0x0cf002e6u, 8u, {0xcd, 0x68, 0x1a, 0x00, 0xfc, 0xcd, 0x21, 0xff}},
    {9594695u, 0x0cf004e6u, 8u, {0xf1, 0x8b, 0x8b, 0xfe, 0x21, 0xff, 0xff, 0xff}},
    {9595240u, 0x0cfe6ce6u, 8u, {0x4b, 0x10, 0xc0, 0xc0, 0xc8, 0x14, 0x99, 0x2b}},
    {9600445u, 0x18f009e6u, 8u, {0x79, 0x7e, 0x60, 0x3f, 0x7e, 0x97, 0x85, 0xff}},
    {9601580u, 0x18fef1e6u, 8u, {0xf3, 0xb3, 0x2b, 0xc0, 0x00, 0xff, 0xe0, 0xff}},
    {9604980u, 0x0cf002e6u, 8u, {0xcd, 0x68, 0x1a, 0x00, 0xfc, 0xcd, 0x21, 0xff}},
    {9606115u, 0x18fef2e6u, 8u, {0xbb, 0x00, 0xff, 0xff, 0xff, 0xff, 0xff, 0xff}},
    {9610596u, 0x18f009e6u, 8u, {0x7d, 0x7e, 0x60, 0x43, 0x7e, 0x47, 0x84, 0xff}},
    {9614271u, 0x0cf002e6u, 8u, {0xcd, 0x68, 0x1a, 0x00, 0xfc, 0x9c, 0x21, 0xff}},
    {9614786u, 0x0cf004e6u, 8u, {0xf1, 0x8b, 0x8b, 0xfe, 0x21, 0xff, 0xff, 0xff}},
    {9619252u, 0x0cf003e6u, 8u, {0xf0, 0x37, 0x0e, 0xff, 0xff, 0xff, 0xff, 0xff}},
    {9620922u, 0x18f001e6u, 8u, {0xcf, 0x00, 0xcf, 0xff, 0xff, 0xff, 0xff, 0xff}},
    {9621468u, 0x18f009e6u, 8u, {0x81, 0x7e, 0x60, 0x47, 0x7e, 0x0f, 0x83, 0xff}},
    {9624844u, 0x0cf002e6u, 8u, {0xcd, 0x68, 0x1a, 0x00, 0xfc, 0x9c, 0x21, 0xff}},
    {9629760u, 0x18f009e6u, 8u, {0x85, 0x7e, 0x60, 0x4b, 0x7e, 0x37, 0x82, 0xff}},
    {9634133u, 0x0cf002e6u, 8u, {0xcd, 0x68, 0x1a, 0x01, 0xfc, 0xf4, 0x21, 0xff}},
    {9634685u, 0x0cf004e6u, 8u, {0xf1, 0x8b, 0x8b, 0xfe, 0x21, 0xff, 0xff, 0xff}},
    {9640466u, 0x18f009e6u, 8u, {0x87, 0x7e, 0x60, 0x4f, 0x7e, 0xbf, 0x81, 0xff}},
    {9644837u, 0x0cf002e6u, 8u, {0xcd, 0x58, 0x1a, 0x01, 0xfc, 0xf4, 0x21, 0xff}},
    {9645340u, 0x0cfe6ce6u, 8u, {0x4b, 0x10, 0xc0, 0xc0, 0xc8, 0x14, 0x99, 0x2b}},
    {9650988u, 0x18f009e6u, 8u, {0x8d, 0x7e, 0x60, 0x4f, 0x7e, 0x9f, 0x81, 0xff}},
    {9654137u, 0x0cf002e6u, 8u, {0xcd, 0x58, 0x1a, 0x00, 0xfc, 0xae, 0x21, 0xff}},
    {9654689u, 0x0cf004e6u, 8u, {0xf1, 0x8b, 0x8b, 0xee, 0x21, 0xff, 0xff, 0xff}},
    {9660545u, 0x18f009e6u, 8u, {0x91, 0x7e, 0x60, 0x4b, 0x7e, 0x97, 0x82, 0xff}},
    {9664793u, 0x0cf002e6u, 8u, {0xcd, 0x58, 0x1a, 0x00, 0xfc, 0xae, 0x21, 0xff}},
    {9669267u, 0x0cf003e6u, 8u, {0xf0, 0x39, 0x0f, 0xff, 0xff, 0xff, 0xff, 0xff}},
    {9672083u, 0x18f009e6u, 8u, {0x95, 0x7e, 0x60, 0x4b, 0x7e, 0xa7, 0x84, 0xff}},
    {9674241u, 0x0cf002e6u, 8u, {0xcd, 0x58, 0x1a, 0x00, 0xfc, 0xfc, 0x21, 0xff}},
    {9674795u, 0x0cf004e6u, 8u, {0xf1, 0x8b, 0x8b, 0xca, 0x21, 0xff, 0xff, 0xff}},
    {9680334u, 0x18f009e6u, 8u, {0x9b, 0x7e, 0x60, 0x4b, 0x7e, 0x17, 0x86, 0xff}},
    {9684837u, 0x0cf002e6u, 8u, {0xcd, 0x58, 0x1a, 0x00, 0xfc, 0xfc, 0x21, 0xff}},
    {9685377u, 0x18f005e6u, 8u, {0x87, 0x5f, 0x06, 0x87, 0x20, 0x41, 0x31, 0x30}},
    {9689846u, 0x18f009e6u, 8u, {0xa1, 0x7e, 0x60, 0x53, 0x7e, 0x6f, 0x85, 0xff}},
    {9694157u, 0x0cf002e6u, 8u, {0xcd, 0x78, 0x1a, 0x00, 0xfc, 0xe8, 0x21, 0xff}},
    {9694704u, 0x0cf004e6u, 8u, {0xf1, 0x8b, 0x8b, 0xca, 0x21, 0xff, 0xff, 0xff}},
    {9695202u, 0x0cfe6ce6u, 8u, {0x4b, 0x10, 0xc0, 0xc0, 0xd8, 0x14, 0xb3, 0x2b}},
    {9700451u, 0x18f009e6u, 8u, {0xa5, 0x7e, 0x60, 0x5b, 0x7e, 0x3f, 0x83, 0xff}},
    {9701619u, 0x18fef1e6u, 8u, {0xf3, 0x99, 0x2b, 0xc0, 0x00, 0xff, 0xe0, 0xff}},
    {9705084u, 0x0cf002e6u, 8u, {0xcd, 0x78, 0x1a, 0x00, 0xfc, 0xe8, 0x21, 0xff}},
    {9706228u, 0x18fef2e6u, 8u, {0xbe, 0x00, 0xff, 0xff, 0xff, 0xff, 0xff, 0xff}},
    {9709827u, 0x18f009e6u, 8u, {0xa9, 0x7e, 0x60, 0x63, 0x7e, 0x87, 0x81, 0xff}},
    {9714086u, 0x0cf002e6u, 8u, {0xcd, 0x78, 0x1a, 0x00, 0xfc, 0xe1, 0x21, 0xff}},
    {9714588u, 0x0cf004e6u, 8u, {0xf1, 0x8b, 0x8b, 0xae, 0x21, 0xff, 0xff, 0xff}},
    {9719222u, 0x0cf003e6u, 8u, {0xf0, 0x39, 0x0f, 0xff, 0xff, 0xff, 0xff, 0xff}},
    {9720905u, 0x18f001e6u, 8u, {0xcf, 0x00, 0xcf, 0xff, 0xff, 0xff, 0xff, 0xff}},
    {9721472u, 0x18f009e6u, 8u, {0xaf, 0x7e, 0x60, 0x6b, 0x7e, 0xa7, 0x81, 0xff}},
    {9724806u, 0x0cf002e6u, 8u, {0xcd, 0x78, 0x1a, 0x00, 0xfc, 0xe1, 0x21, 0xff}},
    {9730334u, 0x18f009e6u, 8u, {0xb7, 0x7e, 0x60, 0x6b, 0x7e, 0xa7, 0x82, 0xff}},
    {9734191u, 0x0cf002e6u, 8u, {0xcd, 0x78, 0x1a, 0x00, 0xfc, 0x00, 0x22, 0xff}},
    {9734737u, 0x0cf004e6u, 8u, {0xf1, 0x8b, 0x8b, 0xb8, 0x21, 0xff, 0xff, 0xff}},
    {9740397u, 0x18f009e6u, 8u, {0xbb, 0x7e, 0x60, 0x6f, 0x7e, 0xcf, 0x83, 0xff}},
    {9744876u, 0x0cf002e6u, 8u, {0xcd, 0x90, 0x1a, 0x00, 0xfc, 0x00, 0x22, 0xff}},
    {9745390u, 0x0cfe6ce6u, 8u, {0x4b, 0x10, 0xc0, 0xc0, 0xb8, 0x14, 0x80, 0x2b}},
    {9751043u, 0x18f009e6u, 8u, {0xc1, 0x7e, 0x60, 0x6b, 0x7e, 0x97, 0x84, 0xff}},
    {9754185u, 0x0cf002e6u, 8u, {0xcd, 0x90, 0x1a, 0x00, 0xfc, 0xbd, 0x21, 0xff}},
    {9754689u, 0x0cf004e6u, 8u, {0xf1, 0x8c, 0x8c, 0xc4, 0x21, 0xff, 0xff, 0xff}},
    {9760393u, 0x18f009e6u, 8u, {0xc7, 0x7e, 0x60, 0x67, 0x7e, 0x1f, 0x85, 0xff}},
    {9764930u, 0x0cf002e6u, 8u, {0xcd, 0x90, 0x1a, 0x00, 0xfc, 0xbd, 0x21, 0xff}},
    {9769234u, 0x0cf003e6u, 8u, {0xf0, 0x38, 0x0f, 0xff, 0xff, 0xff, 0xff, 0xff}},
    {9771488u, 0x18f009e6u, 8u, {0xc9, 0x7e, 0x60, 0x67, 0x7e, 0x8f, 0x85, 0xff}},
    {9774135u, 0x0cf002e6u, 8u, {0xcd, 0x90, 0x1a, 0x01, 0xfc, 0x15, 0x22, 0xff}},
    {9774654u, 0x0cf004e6u, 8u, {0xf1, 0x8b, 0x8b, 0xda, 0x21, 0xff, 0xff, 0xff}},
    {9780449u, 0x18f009e6u, 8u, {0xcf, 0x7e, 0x60, 0x6f, 0x7e, 0xf7, 0x84, 0xff}},
    {9784812u, 0x0cf002e6u, 8u, {0xcd, 0x90, 0x1a, 0x01, 0xfc, 0x15, 0x22, 0xff}},
    {9785351u, 0x18f005e6u, 8u, {0x87, 0x5f, 0x06, 0x87, 0x20, 0x41, 0x31, 0x30}},
    {9789748u, 0x18f009e6u, 8u, {0xd5, 0x7e, 0x60, 0x7b, 0x7e, 0x9f, 0x83, 0xff}},
    {9794260u, 0x0cf002e6u, 8u, {0xcd, 0x98, 0x1a, 0x01, 0xfc, 0xc2, 0x21, 0xff}},
    {9794817u, 0x0cf004e6u, 8u, {0xf1, 0x8b, 0x8b, 0xe2, 0x21, 0xff, 0xff, 0xff}},
    {9795355u, 0x0cfe6ce6u, 8u, {0x4b, 0x10, 0xc0, 0xc0, 0xb8, 0x14, 0x80, 0x2b}},
    {9800410u, 0x18f009e6u, 8u, {0xd9, 0x7e, 0x60, 0x7b, 0x7e, 0x9f, 0x82, 0xff}},
    {9801540u, 0x18fef1e6u, 8u, {0xf3, 0xb3, 0x2b, 0xc0, 0x00, 0xff, 0xe0, 0xff}},
    {9804958u, 0x0cf002e6u, 8u, {0xcd, 0x98, 0x1a, 0x01, 0xfc, 0xc2, 0x21, 0xff}},
    {9806107u, 0x18fef2e6u, 8u, {0xc2, 0x00, 0xff, 0xff, 0xff, 0xff, 0xff, 0xff}},
    {9809837u, 0x18f009e6u, 8u, {0xdd, 0x7e, 0x60, 0x7f, 0x7e, 0x17, 0x83, 0xff}},
    {9814165u, 0x0cf002e6u, 8u, {0xcd, 0x98, 0x1a, 0x01, 0xfc, 0x2e, 0x22, 0xff}},
    {9814713u, 0x0cf004e6u, 8u, {0xf1, 0x8b, 0x8b, 0x03, 0x22, 0xff, 0xff, 0xff}},
    {9819227u, 0x0cf003e6u, 8u, {0xf0, 0x39, 0x0f, 0xff, 0xff, 0xff, 0xff, 0xff}},
    {9820927u, 0x18f001e6u, 8u, {0xcf, 0x00, 0xcf, 0xff, 0xff, 0xff, 0xff, 0xff}},
    {9822679u, 0x18f009e6u, 8u, {0xe3, 0x7e, 0x60, 0x83, 0x7e, 0x57, 0x84, 0xff}},
    {9825523u, 0x0cf002e6u, 8u, {0xcd, 0x98, 0x1a, 0x01, 0xfc, 0x2e, 0x22, 0xff}},
    {9829745u, 0x18f009e6u, 8u, {0xe7, 0x7e, 0x60, 0x87, 0x7e, 0x6f, 0x85, 0xff}},
    {9834143u, 0x0cf002e6u, 8u, {0xcd, 0x98, 0x1a, 0x00, 0xfc, 0xf0, 0x21, 0xff}},
    {9834695u, 0x0cf004e6u, 8u, {0xf1, 0x8b, 0x8b, 0x15, 0x22, 0xff, 0xff, 0xff}},
    {9840482u, 0x18f009e6u, 8u, {0xe9, 0x7e, 0x60, 0x8b, 0x7e, 0x1f, 0x86, 0xff}},
    {9844849u, 0x0cf002e6u, 8u, {0xcd, 0xa0, 0x1a, 0x00, 0xfc, 0xf0, 0x21, 0xff}},
    {9845372u, 0x0cfe6ce6u, 8u, {0x4b, 0x10, 0xc0, 0xc0, 0xc8, 0x14, 0x99, 0x2b}},
    {9851124u, 0x18f009e6u, 8u, {0xed, 0x7e, 0x60, 0x97, 0x7e, 0x4f, 0x86, 0xff}},
    {9854236u, 0x0cf002e6u, 8u, {0xcd, 0xa0, 0x1a, 0x00, 0xfc, 0x1f, 0x22, 0xff}},
    {9854789u, 0x0cf004e6u, 8u, {0xf1, 0x8c, 0x8c, 0x06, 0x22, 0xff, 0xff, 0xff}},
    {9860431u, 0x18f009e6u, 8u, {0xf1, 0x7e, 0x60, 0xa3, 0x7e, 0x17, 0x85, 0xff}},
    {9864849u, 0x0cf002e6u, 8u, {0xcd, 0xa0, 0x1a, 0x00, 0xfc, 0x1f, 0x22, 0xff}},
    {9869277u, 0x0cf003e6u, 8u, {0xf0, 0x3b, 0x0f, 0xff, 0xff, 0xff, 0xff, 0xff}},
    {9871512u, 0x18f009e6u, 8u, {0xf3, 0x7e, 0x60, 0x9b, 0x7e, 0x1f, 0x83, 0xff}},
    {9874120u, 0x0cf002e6u, 8u, {0xcd, 0xa0, 0x1a, 0x00, 0xfc, 0x27, 0x22, 0xff}},
    {9874641u, 0x0cf004e6u, 8u, {0xf1, 0x8c, 0x8c, 0xf0, 0x21, 0xff, 0xff, 0xff}},
    {9880388u, 0x18f009e6u, 8u, {0xf5, 0x7e, 0x60, 0x8f, 0x7e, 0xaf, 0x81, 0xff}},
    {9884884u, 0x0cf002e6u, 8u, {0xcd, 0xa0, 0x1a, 0x00, 0xfc, 0x27, 0x22, 0xff}},
    {9885426u, 0x18f005e6u, 8u, {0x87, 0x5f, 0x06, 0x87, 0x20, 0x41, 0x31, 0x30}},
    {9889748u, 0x18f009e6u, 8u, {0xf7, 0x7e, 0x60, 0x9b, 0x7e, 0xe7, 0x81, 0xff}},
    {9894160u, 0x0cf002e6u, 8u, {0xcd, 0xb8, 0x1a, 0x00, 0xfc, 0x1d, 0x22, 0xff}},
    {9894673u, 0x0cf004e6u, 8u, {0xf1, 0x8c, 0x8c, 0xc4, 0x21, 0xff, 0xff, 0xff}},
    {9895262u, 0x0cfe6ce6u, 8u, {0x4b, 0x10, 0xc0, 0xc0, 0xd8, 0x14, 0xb3, 0x2b}},
    {9900522u, 0x18f009e6u, 8u, {0xf9, 0x7e, 0x60, 0xab, 0x7e, 0xff, 0x83, 0xff}},
    {9901645u, 0x18fef1e6u, 8u, {0xf3, 0x80, 0x2b, 0xc0, 0x00, 0xff, 0xe0, 0xff}},
    {9905064u, 0x0cf002e6u, 8u, {0xcd, 0xb8, 0x1a, 0x00, 0xfc, 0x1d, 0x22, 0xff}},
    {9906136u, 0x18fef2e6u, 8u, {0xc6, 0x00, 0xff, 0xff, 0xff, 0xff, 0xff, 0xff}},
    {9909814u, 0x18f009e6u, 8u, {0xf9, 0x7e, 0x60, 0xb7, 0x7e, 0xaf, 0x86, 0xff}},
    {9914266u, 0x0cf002e6u, 8u, {0xcd, 0xb8, 0x1a, 0x00, 0xfc, 0x4e, 0x22, 0xff}},
    {9914861u, 0x0cf004e6u, 8u, {0xf1, 0x8c, 0x8c, 0xc9, 0x21, 0xff, 0xff, 0xff}},
    {9919306u, 0x0cf003e6u, 8u, {0xf0, 0x44, 0x10, 0xff, 0xff, 0xff, 0xff, 0xff}},
    {9920925u, 0x18f001e6u, 8u, {0xcf, 0x00, 0xcf, 0xff, 0xff, 0xff, 0xff, 0xff}},
    {9922716u, 0x18f009e6u, 8u, {0xf9, 0x7e, 0x60, 0xc3, 0x7e, 0xb7, 0x88, 0xff}},
    {9925428u, 0x0cf002e6u, 8u, {0xcd, 0xb8, 0x1a, 0x00, 0xfc, 0x4e, 0x22, 0xff}},
    {9930397u, 0x18f009e6u, 8u, {0xfb, 0x7e, 0x60, 0xc3, 0x7e, 0x87, 0x88, 0xff}},
    {9934117u, 0x0cf002e6u, 8u, {0xcd, 0xb8, 0x1a, 0x00, 0xfc, 0x0d, 0x22, 0xff}},
    {9934710u, 0x0cf004e6u, 8u, {0xf1, 0x8c, 0x8c, 0xb6, 0x21, 0xff, 0xff, 0xff}},
    {9940357u, 0x18f009e6u, 8u, {0xfb, 0x7e, 0x60, 0xb3, 0x7e, 0x3f, 0x86, 0xff}},
    {9944871u, 0x0cf002e6u, 8u, {0xcd, 0xb0, 0x1a, 0x00, 0xfc, 0x0d, 0x22, 0xff}},
    {9945366u, 0x0cfe6ce6u, 8u, {0x4b, 0x10, 0xc0, 0xc0, 0xc8, 0x14, 0x99, 0x2b}},
    {9951022u, 0x18f009e6u, 8u, {0xfb, 0x7e, 0x60, 0xab, 0x7e, 0x6f, 0x83, 0xff}},
    {9954400u, 0x0cf002e6u, 8u, {0xcd, 0xb0, 0x1a, 0x01, 0xfc, 0x55, 0x22, 0xff}},
    {9954934u, 0x0cf004e6u, 8u, {0xf1, 0x8d, 0x8d, 0xc4, 0x21, 0xff, 0xff, 0xff}},
    {9960550u, 0x18f009e6u, 8u, {0xfb, 0x7e, 0x60, 0xbb, 0x7e, 0x8f, 0x81, 0xff}},
    {9964832u, 0x0cf002e6u, 8u, {0xcd, 0xb0, 0x1a, 0x01, 0xfc, 0x55, 0x22, 0xff}},
    {9969257u, 0x0cf003e6u, 8u, {0xf0, 0x44, 0x10, 0xff, 0xff, 0xff, 0xff, 0xff}},
    {9972102u, 0x18f009e6u, 8u, {0xfb, 0x7e, 0x60, 0xcb, 0x7e, 0xe7, 0x81, 0xff}},
    {9974123u, 0x0cf002e6u, 8u, {0xcd, 0xb0, 0x1a, 0x00, 0xfc, 0x0d, 0x22, 0xff}},
    {9974672u, 0x0cf004e6u, 8u, {0xf1, 0x8d, 0x8d, 0xd2, 0x21, 0xff, 0xff, 0xff}},
    {9980408u, 0x18f009e6u, 8u, {0xfb, 0x7e, 0x60, 0xd3, 0x7e, 0x77, 0x83, 0xff}},
    {9984932u, 0x0cf002e6u, 8u, {0xcd, 0xb0, 0x1a, 0x00, 0xfc, 0x0d, 0x22, 0xff}},
    {9985474u, 0x18f005e6u, 8u, {0x87, 0x5f, 0x06, 0x87, 0x20, 0x41, 0x31, 0x30}},
    {9989888u, 0x18f009e6u, 8u, {0xfb, 0x7e, 0x60, 0xd3, 0x7e, 0x77, 0x85, 0xff}},
    {9994079u, 0x0cf002e6u, 8u, {0xcd, 0xd8, 0x1a, 0x00, 0xfc, 0x47, 0x22, 0xff}},
    {9994736u, 0x0cf004e6u, 8u, {0xf1, 0x8d, 0x8d, 0xe4, 0x21, 0xff, 0xff, 0xff}},
    {9995278u, 0x0cfe6ce6u, 8u, {0x4b, 0x10, 0xc0, 0xc0, 0xb8, 0x14, 0x80, 0x2b}},
    {10000519u, 0x18f009e6u, 8u, {0xfb, 0x7e, 0x60, 0xdb, 0x7e, 0xa7, 0x86, 0xff}},
    {10001533u, 0x18fef1e6u, 8u, {0xf3, 0xb3, 0x2b, 0xc0, 0x00, 0xff, 0xe0, 0xff}},
    {10005061u, 0x0cf002e6u, 8u, {0xcd, 0xd8, 0x1a, 0x00, 0xfc, 0x47, 0x22, 0xff}},
    {10006104u, 0x18fef2e6u, 8u, {0xc9, 0x00, 0xff, 0xff, 0xff, 0xff, 0xff, 0xff}},
    {10009789u, 0x18f009e6u, 8u, {0xfb, 0x7e, 0x60, 0xdb, 0x7e, 0xaf, 0x85, 0xff}},
    {10014085u, 0x0cf002e6u, 8u, {0xcd, 0xd8, 0x1a, 0x00, 0xfc, 0x64, 0x22, 0xff}},
    {10014677u, 0x0cf004e6u, 8u, {0xf1, 0x8e, 0x8e, 0xec, 0x21, 0xff, 0xff, 0xff}},
    {10019287u, 0x0cf003e6u, 8u, {0xf0, 0x47, 0x11, 0xff, 0xff, 0xff, 0xff, 0xff}},
    {10021022u, 0x18f001e6u, 8u, {0xcf, 0x00, 0xcf, 0xff, 0xff, 0xff, 0xff, 0xff}},
    {10021572u, 0x18f009e6u, 8u, {0xfb, 0x7e, 0x60, 0xd3, 0x7e, 0x5f, 0x83, 0xff}},
    {10024976u, 0x0cf002e6u, 8u, {0xcd, 0xd8, 0x1a, 0x00, 0xfc, 0x64, 0x22, 0xff}},
    {10029747u, 0x18f009e6u, 8u, {0xfb, 0x7e, 0x60, 0xc7, 0x7e, 0xf7, 0x80, 0xff}},
    {10034055u, 0x0cf002e6u, 8u, {0xcd, 0xd8, 0x1a, 0x01, 0xfc, 0x3b, 0x22, 0xff}},
    {10034564u, 0x0cf004e6u, 8u, {0xf1, 0x8e, 0x8e, 0x07, 0x22, 0xff, 0xff, 0xff}},
    {10040458u, 0x18f009e6u, 8u, {0xfb, 0x7e, 0x60, 0xb7, 0x7e, 0xb7, 0x7f, 0xff}},
    {10044906u, 0x0cf002e6u, 8u, {0xcd, 0xd0, 0x1a, 0x01, 0xfc, 0x3b, 0x22, 0xff}},
    {10045502u, 0x0cfe6ce6u, 8u, {0x4b, 0x10, 0xc0, 0xc0, 0xc0, 0x14, 0x80, 0x2b}},
    {10051056u, 0x18f009e6u, 8u, {0xfb, 0x7e, 0x60, 0xaf, 0x7e, 0x67, 0x7f, 0xff}},
    {10054216u, 0x0cf002e6u, 8u, {0xcd, 0xd0, 0x1a, 0x01, 0xfc, 0x92, 0x22, 0xff}},
    {10054762u, 0x0cf004e6u, 8u, {0xf1, 0x8e, 0x8e, 0x0b, 0x22, 0xff, 0xff, 0xff}},
    {10060552u, 0x18f009e6u, 8u, {0xfb, 0x7e, 0x60, 0xb7, 0x7e, 0xa7, 0x80, 0xff}},
    {10064949u, 0x0cf002e6u, 8u, {0xcd, 0xd0, 0x1a, 0x01, 0xfc, 0x92, 0x22, 0xff}},
    {10069272u, 0x0cf003e6u, 8u, {0xf0, 0x47, 0x12, 0xff, 0xff, 0xff, 0xff, 0xff}},
    {10071544u, 0x18f009e6u, 8u, {0xfb, 0x7e, 0x60, 0xc7, 0x7e, 0xd7, 0x83, 0xff}},
    {10074119u, 0x0cf002e6u, 8u, {0xcd, 0xd0, 0x1a, 0x01, 0xfc, 0x3f, 0x22, 0xff}},
    {10074679u, 0x0cf004e6u, 8u, {0xf1, 0x8f, 0x8f, 0xfb, 0x21, 0xff, 0xff, 0xff}},
    {10080377u, 0x18f009e6u, 8u, {0xfb, 0x7e, 0x60, 0xdb, 0x7e, 0xbf, 0x86, 0xff}},
    {10084799u, 0x0cf002e6u, 8u, {0xcd, 0xd0, 0x1a, 0x01, 0xfc, 0x3f, 0x22, 0xff}},
    {10085364u, 0x18f005e6u, 8u, {0x87, 0x5f, 0x06, 0x87, 0x20, 0x41, 0x31, 0x30}},
    {10089759u, 0x18f009e6u, 8u, {0xfb, 0x7e, 0x60, 0xdf, 0x7e, 0x4f, 0x86, 0xff}},
    {10094358u, 0x0cf002e6u, 8u, {0xcd, 0xf0, 0x1a, 0x01, 0xfc, 0x94, 0x22, 0xff}},
    {10094916u, 0x0cf004e6u, 8u, {0xf1, 0x8f, 0x8f, 0xec, 0x21, 0xff, 0xff, 0xff}},
    {10095456u, 0x0cfe6ce6u, 8u, {0x4b, 0x10, 0xc0, 0xc0, 0xd0, 0x14, 0xb3, 0x2b}},
    {10100574u, 0x18f009e6u, 8u, {0xfb, 0x7e, 0x60, 0xd3, 0x7e, 0x87, 0x83, 0xff}},
    {10101701u, 0x18fef1e6u, 8u, {0xf3, 0x80, 0x2b, 0xc0, 0x00, 0xff, 0xe0, 0xff}},
    {10105039u, 0x0cf002e6u, 8u, {0xcd, 0xf0, 0x1a, 0x01, 0xfc, 0x94, 0x22, 0xff}},
    {10106251u, 0x18fef2e6u, 8u, {0xdb, 0x00, 0xff, 0xff, 0xff, 0xff, 0xff, 0xff}},
    {10109837u, 0x18f009e6u, 8u, {0xfb, 0x7e, 0x60, 0xc3, 0x7e, 0xf7, 0x81, 0xff}},
    {10114124u, 0x0cf002e6u, 8u, {0xcd, 0xf0, 0x1a, 0x00, 0xfc, 0x6a, 0x22, 0xff}},
    {10114693u, 0x0cf004e6u, 8u, {0xf1, 0x8f, 0x8f, 0xc7, 0x21, 0xff, 0xff, 0xff}},
    {10119284u, 0x0cf003e6u, 8u, {0xf0, 0x47, 0x13, 0xff, 0xff, 0xff, 0xff, 0xff}},
    {10120978u, 0x18f001e6u, 8u, {0xcf, 0x00, 0xcf, 0xff, 0xff, 0xff, 0xff, 0xff}},
    {10121542u, 0x18f009e6u, 8u, {0xfb, 0x7e, 0x60, 0xab, 0x7e, 0xaf, 0x81, 0xff}},
    {10124914u, 0x0cf002e6u, 8u, {0xcd, 0xf0, 0x1a, 0x00, 0xfc, 0x6a, 0x22, 0xff}},
    {10130405u, 0x18f009e6u, 8u, {0xfb, 0x7e, 0x60, 0xa7, 0x7e, 0xf7, 0x81, 0xff}},
    {10134109u, 0x0cf002e6u, 8u, {0xcd, 0xf0, 0x1a, 0x00, 0xfc, 0x6b, 0x22, 0xff}},
    {10134763u, 0x0cf004e6u, 8u, {0xf1, 0x8f, 0x8f, 0xd0, 0x21, 0xff, 0xff, 0xff}},
    {10140534u, 0x18f009e6u, 8u, {0xfb, 0x7e, 0x60, 0xb3, 0x7e, 0x67, 0x82, 0xff}},
    {10144849u, 0x0cf002e6u, 8u, {0xcd, 0xf8, 0x1a, 0x00, 0xfc, 0x6b, 0x22, 0xff}},
    {10145340u, 0x0cfe6ce6u, 8u, {0x4b, 0x10, 0xc0, 0xc0, 0xd0, 0x14, 0xb3, 0x2b}},
    {10151020u, 0x18f009e6u, 8u, {0xfb, 0x7e, 0x60, 0xc3, 0x7e, 0xe7, 0x82, 0xff}},
    {10154261u, 0x0cf002e6u, 8u, {0xcd, 0xf8, 0x1a, 0x01, 0xfc, 0x9f, 0x22, 0xff}},
    {10154790u, 0x0cf004e6u, 8u, {0xf1, 0x8f, 0x8f, 0xc0, 0x21, 0xff, 0xff, 0xff}},
    {10160441u, 0x18f009e6u, 8u, {0xfb, 0x7e, 0x60, 0xcb, 0x7e, 0x9f, 0x83, 0xff}},
    {10164938u, 0x0cf002e6u, 8u, {0xcd, 0xf8, 0x1a, 0x01, 0xfc, 0x9f, 0x22, 0xff}},
    {10169263u, 0x0cf003e6u, 8u, {0xf0, 0x48, 0x13, 0xff, 0xff, 0xff, 0xff, 0xff}},
    {10172106u, 0x18f009e6u, 8u, {0xfb, 0x7e, 0x60, 0xcb, 0x7e, 0x57, 0x83, 0xff}},
    {10174052u, 0x0cf002e6u, 8u, {0xcd, 0xf8, 0x1a, 0x01, 0xfc, 0x50, 0x22, 0xff}},
    {10174604u, 0x0cf004e6u, 8u, {0xf1, 0x90, 0x90, 0xc7, 0x21, 0xff, 0xff, 0xff}},
    {10180418u, 0x18f009e6u, 8u, {0xfb, 0x7e, 0x60, 0xcb, 0x7e, 0x2f, 0x82, 0xff}},
    {10184854u, 0x0cf002e6u, 8u, {0xcd, 0xf8, 0x1a, 0x01, 0xfc, 0x50, 0x22, 0xff}},
    {10185371u, 0x18f005e6u, 8u, {0x87, 0x5f, 0x06, 0x87, 0x20, 0x41, 0x31, 0x30}},
    {10189731u, 0x18f009e6u, 8u, {0xfb, 0x7e, 0x60, 0xc3, 0x7e, 0xdf, 0x80, 0xff}},
    {10194177u, 0x0cf002e6u, 8u, {0xcd, 0x10, 0x1b, 0x01, 0xfc, 0x9f, 0x22, 0xff}},
    {10194710u, 0x0cf004e6u, 8u, {0xf1, 0x90, 0x90, 0xd2, 0x21, 0xff, 0xff, 0xff}},
    {10195252u, 0x0cfe6ce6u, 8u, {0x4b, 0x10, 0xc0, 0xc0, 0xb8, 0x14, 0x80, 0x2b}},
    {10200588u, 0x18f009e6u, 8u, {0xfb, 0x7e, 0x60, 0xbb, 0x7e, 0x4f, 0x80, 0xff}},
    {10201729u, 0x18fef1e6u, 8u, {0xf3, 0xb3, 0x2b, 0xc0, 0x00, 0xff, 0xe0, 0xff}},
    {10205138u, 0x0cf002e6u, 8u, {0xcd, 0x10, 0x1b, 0x01, 0xfc, 0x9f, 0x22, 0xff}},
    {10206184u, 0x18fef2e6u, 8u, {0xe9, 0x00, 0xff, 0xff, 0xff, 0xff, 0xff, 0xff}},
    {10209845u, 0x18f009e6u, 8u, {0xfb, 0x7e, 0x60, 0xb3, 0x7e, 0xbf, 0x80, 0xff}},
    {10214250u, 0x0cf002e6u, 8u, {0xcd, 0x10, 0x1b, 0x00, 0xfc, 0x6e, 0x22, 0xff}},
    {10214801u, 0x0cf004e6u, 8u, {0xf1, 0x90, 0x90, 0xda, 0x21, 0xff, 0xff, 0xff}},
    {10219230u, 0x0cf003e6u, 8u, {0xf0, 0x47, 0x13, 0xff, 0xff, 0xff, 0xff, 0xff}},
    {10220971u, 0x18f001e6u, 8u, {0xcf, 0x00, 0xcf, 0xff, 0xff, 0xff, 0xff, 0xff}},
    {10221477u, 0x18f009e6u, 8u, {0xfb, 0x7e, 0x60, 0xb3, 0x7e, 0x37, 0x82, 0xff}},
    {10225547u, 0x0cf002e6u, 8u, {0xcd, 0x10, 0x1b, 0x00, 0xfc, 0x6e, 0x22, 0xff}},
    {10229908u, 0x18f009e6u, 8u, {0xfb, 0x7e, 0x60, 0xb7, 0x7e, 0x47, 0x84, 0xff}},
    {10234207u, 0x0cf002e6u, 8u, {0xcd, 0x10, 0x1b, 0x00, 0xfc, 0xba, 0x22, 0xff}},
    {10234806u, 0x0cf004e6u, 8u, {0xf1, 0x90, 0x90, 0xd9, 0x21, 0xff, 0xff, 0xff}},
    {10240492u, 0x18f009e6u, 8u, {0xfb, 0x7e, 0x60, 0xb3, 0x7e, 0xbf, 0x85, 0xff}},
    {10244893u, 0x0cf002e6u, 8u, {0xcd, 0x10, 0x1b, 0x00, 0xfc, 0xba, 0x22, 0xff}},
    {10245387u, 0x0cfe6ce6u, 8u, {0x4b, 0x10, 0xc0, 0xc0, 0xc0, 0x14, 0x80, 0x2b}},
    {10250994u, 0x18f009e6u, 8u, {0xfb, 0x7e, 0x60, 0xaf, 0x7e, 0x5f, 0x86, 0xff}},
    {10254297u, 0x0cf002e6u, 8u, {0xcd, 0x10, 0x1b, 0x00, 0xfc, 0xa7, 0x22, 0xff}},
    {10254868u, 0x0cf004e6u, 8u, {0xf1, 0x90, 0x90, 0xf1, 0x21, 0xff, 0xff, 0xff}},
    {10260436u, 0x18f009e6u, 8u, {0xfb, 0x7e, 0x60, 0xb3, 0x7e, 0x17, 0x85, 0xff}},
    {10264904u, 0x0cf002e6u, 8u, {0xcd, 0x10, 0x1b, 0x00, 0xfc, 0xa7, 0x22, 0xff}},
    {10269334u, 0x0cf003e6u, 8u, {0xf0, 0x48, 0x13, 0xff, 0xff, 0xff, 0xff, 0xff}},
    {10271559u, 0x18f009e6u, 8u, {0xfb, 0x7e, 0x60, 0xbb, 0x7e, 0xe7, 0x82, 0xff}},
    {10274207u, 0x0cf002e6u, 8u, {0xcd, 0x10, 0x1b, 0x00, 0xfc, 0x9a, 0x22, 0xff}},
    {10274783u, 0x0cf004e6u, 8u, {0xf1, 0x90, 0x90, 0xeb, 0x21, 0xff, 0xff, 0xff}},
    {10280413u, 0x18f009e6u, 8u, {0xfb, 0x7e, 0x60, 0xc3, 0x7e, 0xaf, 0x81, 0xff}},
    {10284840u, 0x0cf002e6u, 8u, {0xcd, 0x10, 0x1b, 0x00, 0xfc, 0x9a, 0x22, 0xff}},
    {10285390u, 0x18f005e6u, 8u, {0x87, 0x5f, 0x06, 0x87, 0x20, 0x41, 0x31, 0x30}},
    {10289913u, 0x18f009e6u, 8u, {0xfb, 0x7e, 0x60, 0xc7, 0x7e, 0x7f, 0x82, 0xff}},
    {10294142u, 0x0cf002e6u, 8u, {0xcd, 0x10, 0x1b, 0x01, 0xfc, 0xce, 0x22, 0xff}},
    {10294745u, 0x0cf004e6u, 8u, {0xf1, 0x90, 0x90, 0xe6, 0x21, 0xff, 0xff, 0xff}},
    {10295283u, 0x0cfe6ce6u, 8u, {0x4b, 0x10, 0xc0, 0xc0, 0xc0, 0x14, 0x80, 0x2b}},
    {10300540u, 0x18f009e6u, 8u, {0xfb, 0x7e, 0x60, 0xbf, 0x7e, 0x0f, 0x84, 0xff}},
    {10301618u, 0x18fef1e6u, 8u, {0xf3, 0x80, 0x2b, 0xc0, 0x00, 0xff, 0xe0, 0xff}},
    {10305099u, 0x0cf002e6u, 8u, {0xcd, 0x10, 0x1b, 0x01, 0xfc, 0xce, 0x22, 0xff}},
    {10306224u, 0x18fef2e6u, 8u, {0xf2, 0x00, 0xff, 0xff, 0xff, 0xff, 0xff, 0xff}},
    {10309791u, 0x18f009e6u, 8u, {0xf9, 0x7e, 0x60, 0xb3, 0x7e, 0x1f, 0x85, 0xff}},
    {10314109u, 0x0cf002e6u, 8u, {0xcd, 0x10, 0x1b, 0x01, 0xfc, 0x7c, 0x22, 0xff}},
    {10314663u, 0x0cf004e6u, 8u, {0xf1, 0x90, 0x90, 0xe1, 0x21, 0xff, 0xff, 0xff}},
    {10319301u, 0x0cf003e6u, 8u, {0xf0, 0x47, 0x14, 0xff, 0xff, 0xff, 0xff, 0xff}},
    {10320966u, 0x18f001e6u, 8u, {0xcf, 0x00, 0xcf, 0xff, 0xff, 0xff, 0xff, 0xff}},
    {10321441u, 0x18f009e6u, 8u, {0xfb, 0x7e, 0x60, 0xaf, 0x7e, 0x2f, 0x85, 0xff}},
    {10324882u, 0x0cf002e6u, 8u, {0xcd, 0x10, 0x1b, 0x01, 0xfc, 0x7c, 0x22, 0xff}},
    {10330376u, 0x18f009e6u, 8u, {0xf9, 0x7e, 0x60, 0xb7, 0x7e, 0x8f, 0x84, 0xff}},
    {10334146u, 0x0cf002e6u, 8u, {0xcd, 0x10, 0x1b, 0x00, 0xfc, 0xe2, 0x22, 0xff}},
    {10334705u, 0x0cf004e6u, 8u, {0xf1, 0x90, 0x90, 0xc9, 0x21, 0xff, 0xff, 0xff}},
    {10340525u, 0x18f009e6u, 8u, {0xfb, 0x7e, 0x60, 0xc3, 0x7e, 0xd7, 0x83, 0xff}},
    {10344932u, 0x0cf002e6u, 8u, {0xcd, 0x38, 0x1b, 0x00, 0xfc, 0xe2, 0x22, 0xff}},
    {10345425u, 0x0cfe6ce6u, 8u, {0x4b, 0x10, 0xc0, 0xc0, 0xc8, 0x14, 0x99, 0x2b}},
    {10351075u, 0x18f009e6u, 8u, {0xfb, 0x7e, 0x60, 0xc7, 0x7e, 0x67, 0x82, 0xff}},
    {10354241u, 0x0cf002e6u, 8u, {0xcd, 0x38, 0x1b, 0x00, 0xfc, 0xa5, 0x22, 0xff}},
    {10354789u, 0x0cf004e6u, 8u, {0xf1, 0x90, 0x90, 0xdb, 0x21, 0xff, 0xff, 0xff}},
    {10360533u, 0x18f009e6u, 8u, {0xfb, 0x7e, 0x60, 0xc7, 0x7e, 0xb7, 0x80, 0xff}},
    {10365025u, 0x0cf002e6u, 8u, {0xcd, 0x38, 0x1b, 0x00, 0xfc, 0xa5, 0x22, 0xff}},
    {10369284u, 0x0cf003e6u, 8u, {0xf0, 0x47, 0x14, 0xff, 0xff, 0xff, 0xff, 0xff}},
    {10371566u, 0x18f009e6u, 8u, {0xf9, 0x7e, 0x60, 0xbf, 0x7e, 0x7f, 0x80, 0xff}},
    {10374145u, 0x0cf002e6u, 8u, {0xcd, 0x38, 0x1b, 0x00, 0xfc, 0xde, 0x22, 0xff}},
    {10374732u, 0x0cf004e6u, 8u, {0xf1, 0x90, 0x90, 0xd7, 0x21, 0xff, 0xff, 0xff}},
    {10380418u, 0x18f009e6u, 8u, {0xfb, 0x7e, 0x60, 0xb3, 0x7e, 0x17, 0x82, 0xff}},
    {10384852u, 0x0cf002e6u, 8u, {0xcd, 0x38, 0x1b, 0x00, 0xfc, 0xde, 0x22, 0xff}},
    {10385379u, 0x18f005e6u, 8u, {0x87, 0x5f, 0x06, 0x87, 0x20, 0x41, 0x31, 0x30}},
    {10389845u, 0x18f009e6u, 8u, {0xf9, 0x7e, 0x60, 0xab, 0x7e, 0xcf, 0x84, 0xff}},
    {10394186u, 0x0cf002e6u, 8u, {0xcd, 0x38, 0x1b, 0x00, 0xfc, 0xc6, 0x22, 0xff}},
    {10394757u, 0x0cf004e6u, 8u, {0xf1, 0x90, 0x90, 0xe6, 0x21, 0xff, 0xff, 0xff}},
    {10395295u, 0x0cfe6ce6u, 8u, {0x4b, 0x10, 0xc0, 0xc0, 0xc0, 0x14, 0x80, 0x2b}},
    {10400540u, 0x18f009e6u, 8u, {0xfb, 0x7e, 0x60, 0xab, 0x7e, 0x4f, 0x86, 0xff}},
    {10401603u, 0x18fef1e6u, 8u, {0xf3, 0x80, 0x2b, 0xc0, 0x00, 0xff, 0xe0, 0xff}},
    {10405074u, 0x0cf002e6u, 8u, {0xcd, 0x38, 0x1b, 0x00, 0xfc, 0xc6, 0x22, 0xff}},
    {10406231u, 0x18fef2e6u, 8u, {0xf6, 0x00, 0xff, 0xff, 0xff, 0xff, 0xff, 0xff}},
    {10410002u, 0x18f009e6u, 8u, {0xfb, 0x7e, 0x60, 0xb3, 0x7e, 0x27, 0x85, 0xff}},
    {10413909u, 0x0cf002e6u, 8u, {0xcd, 0x38, 0x1b, 0x00, 0xfc, 0xba, 0x22, 0xff}},
    {10414598u, 0x0cf004e6u, 8u, {0xf1, 0x90, 0x90, 0xfa, 0x21, 0xff, 0xff, 0xff}},
    {10419355u, 0x0cf003e6u, 8u, {0xf0, 0x47, 0x14, 0xff, 0xff, 0xff, 0xff, 0xff}},
    {10421052u, 0x18f001e6u, 8u, {0xcf, 0x00, 0xcf, 0xff, 0xff, 0xff, 0xff, 0xff}},
    {10421574u, 0x18f009e6u, 8u, {0xfb, 0x7e, 0x60, 0xbf, 0x7e, 0x2f, 0x82, 0xff}},
    {10424896u, 0x0cf002e6u, 8u, {0xcd, 0x38, 0x1b, 0x00, 0xfc, 0xba, 0x22, 0xff}},
    {10429820u, 0x18f009e6u, 8u, {0xfb, 0x7e, 0x60, 0xcb, 0x7e, 0xd7, 0x7f, 0xff}},
    {10434113u, 0x0cf002e6u, 8u, {0xcd, 0x38, 0x1b, 0x01, 0xfc, 0x03, 0x23, 0xff}},
    {10434711u, 0x0cf004e6u, 8u, {0xf1, 0x90, 0x90, 0x01, 0x22, 0xff, 0xff, 0xff}},
    {10440572u, 0x18f009e6u, 8u, {0xfb, 0x7e, 0x60, 0xcf, 0x7e, 0xd7, 0x7e, 0xff}},
    {10444903u, 0x0cf002e6u, 8u, {0xcd, 0x50, 0x1b, 0x01, 0xfc, 0x03, 0x23, 0xff}},
    {10445477u, 0x0cfe6ce6u, 8u, {0x4b, 0x10, 0xc0, 0xc0, 0xc8, 0x14, 0x99, 0x2b}},
    {10451021u, 0x18f009e6u, 8u, {0xfb, 0x7e, 0x60, 0xc3, 0x7e, 0xa7, 0x7e, 0xff}},
    {10454296u, 0x0cf002e6u, 8u, {0xcd, 0x50, 0x1b, 0x00, 0xfc, 0xd0, 0x22, 0xff}},
    {10454848u, 0x0cf004e6u, 8u, {0xf1, 0x90, 0x90, 0xf2, 0x21, 0xff, 0xff, 0xff}},
    {10460554u, 0x18f009e6u, 8u, {0xfb, 0x7e, 0x60, 0xab, 0x7e, 0x17, 0x80, 0xff}},
    {10464888u, 0x0cf002e6u, 8u, {0xcd, 0x50, 0x1b, 0x00, 0xfc, 0xd0, 0x22, 0xff}},
    {10469262u, 0x0cf003e6u, 8u, {0xf0, 0x47, 0x14, 0xff, 0xff, 0xff, 0xff, 0xff}},
    {10472157u, 0x18f009e6u, 8u, {0xfb, 0x7e, 0x60, 0x9f, 0x7e, 0x47, 0x82, 0xff}},
    {10474632u, 0x0cf002e6u, 8u, {0xcd, 0x50, 0x1b, 0x01, 0xfc, 0x16, 0x23, 0xff}},
    {10475147u, 0x0cf004e6u, 8u, {0xf1, 0x90, 0x90, 0xf5, 0x21, 0xff, 0xff, 0xff}},
    {10480449u, 0x18f009e6u, 8u, {0xfb, 0x7e, 0x60, 0x9f, 0x7e, 0x57, 0x83, 0xff}},
    {10484906u, 0x0cf002e6u, 8u, {0xcd, 0x50, 0x1b, 0x01, 0xfc, 0x16, 0x23, 0xff}},
    {10485475u, 0x18f005e6u, 8u, {0x87, 0x5f, 0x06, 0x87, 0x20, 0x41, 0x31, 0x30}},
    {10489703u, 0x18f009e6u, 8u, {0xf9, 0x7e, 0x60, 0xa7, 0x7e, 0x17, 0x83, 0xff}},
    {10494178u, 0x0cf002e6u, 8u, {0xcd, 0x50, 0x1b, 0x00, 0xfc, 0xd3, 0x22, 0xff}},
    {10494696u, 0x0cf004e6u, 8u, {0xf1, 0x91, 0x91, 0xd9, 0x21, 0xff, 0xff, 0xff}},
    {10495278u, 0x0cfe6ce6u, 8u, {0x4b, 0x10, 0xc0, 0xc0, 0xd0, 0x14, 0xb3, 0x2b}},
    {10500625u, 0x18f009e6u, 8u, {0xfb, 0x7e, 0x60, 0xb3, 0x7e, 0x4f, 0x82, 0xff}},
    {10501732u, 0x18fef1e6u, 8u, {0xf3, 0x80, 0x2b, 0xc0, 0x00, 0xff, 0xe0, 0xff}},
    {10504993u, 0x0cf002e6u, 8u, {0xcd, 0x50, 0x1b, 0x00, 0xfc, 0xd3, 0x22, 0xff}},
    {10506198u, 0x18fef2e6u, 8u, {0xf9, 0x00, 0xff, 0xff, 0xff, 0xff, 0xff, 0xff}},
    {10509945u, 0x18f009e6u, 8u, {0xf9, 0x7e, 0x60, 0xbb, 0x7e, 0x47, 0x81, 0xff}},
    {10514365u, 0x0cf002e6u, 8u, {0xcd, 0x50, 0x1b, 0x00, 0xfc, 0xe4, 0x22, 0xff}},
    {10514920u, 0x0cf004e6u, 8u, {0xf1, 0x91, 0x91, 0xda, 0x21, 0xff, 0xff, 0xff}},
    {10519251u, 0x0cf003e6u, 8u, {0xf0, 0x47, 0x14, 0xff, 0xff, 0xff, 0xff, 0xff}},
    {10520913u, 0x18f001e6u, 8u, {0xcf, 0x00, 0xcf, 0xff, 0xff, 0xff, 0xff, 0xff}},
    {10521556u, 0x18f009e6u, 8u, {0xfb, 0x7e, 0x60, 0xbb, 0x7e, 0xf7, 0x7f, 0xff}},
    {10524917u, 0x0cf002e6u, 8u, {0xcd, 0x50, 0x1b, 0x00, 0xfc, 0xe4, 0x22, 0xff}},
    {10530415u, 0x18f009e6u, 8u, {0xfb, 0x7e, 0x60, 0xb7, 0x7e, 0x7f, 0x7e, 0xff}},
    {10534057u, 0x0cf002e6u, 8u, {0xcd, 0x50, 0x1b, 0x00, 0xfc, 0x0b, 0x23, 0xff}},
    {10534758u, 0x0cf004e6u, 8u, {0xf1, 0x91, 0x91, 0xd3, 0x21, 0xff, 0xff, 0xff}},
    {10540373u, 0x18f009e6u, 8u, {0xfb, 0x7e, 0x60, 0xbf, 0x7e, 0xe7, 0x7d, 0xff}},
    {10544916u, 0x0cf002e6u, 8u, {0xcd, 0x68, 0x1b, 0x00, 0xfc, 0x0b, 0x23, 0xff}},
    {10545465u, 0x0cfe6ce6u, 8u, {0x4b, 0x10, 0xc0, 0xc0, 0xc0, 0x14, 0x99, 0x2b}},
    {10551103u, 0x18f009e6u, 8u, {0xf9, 0x7e, 0x60, 0xc7, 0x7e, 0x97, 0x7f, 0xff}},
    {10554313u, 0x0cf002e6u, 8u, {0xcd, 0x68, 0x1b, 0x00, 0xfc, 0xd6, 0x22, 0xff}},
    {10554821u, 0x0cf004e6u, 8u, {0xf1, 0x91, 0x91, 0xc3, 0x21, 0xff, 0xff, 0xff}},
    {10560523u, 0x18f009e6u, 8u, {0xfb, 0x7e, 0x60, 0xc7, 0x7e, 0x07, 0x82, 0xff}},
    {10564867u, 0x0cf002e6u, 8u, {0xcd, 0x68, 0x1b, 0x00, 0xfc, 0xd6, 0x22, 0xff}},
    {10569254u, 0x0cf003e6u, 8u, {0xf0, 0x47, 0x14, 0xff, 0xff, 0xff, 0xff, 0xff}},
    {10571467u, 0x18f009e6u, 8u, {0xfb, 0x7e, 0x60, 0xc3, 0x7e, 0x3f, 0x83, 0xff}},
    {10574121u, 0x0cf002e6u, 8u, {0xcd, 0x68, 0x1b, 0x01, 0xfc, 0x36, 0x23, 0xff}},
    {10574676u, 0x0cf004e6u, 8u, {0xf1, 0x91, 0x91, 0xdd, 0x21, 0xff, 0xff, 0xff}},
    {10580367u, 0x18f009e6u, 8u, {0xfb, 0x7e, 0x60, 0xbb, 0x7e, 0xdf, 0x82, 0xff}},
    {10584931u, 0x0cf002e6u, 8u, {0xcd, 0x68, 0x1b, 0x01, 0xfc, 0x36, 0x23, 0xff}},
    {10585487u, 0x18f005e6u, 8u, {0x87, 0x5f, 0x06, 0x87, 0x20, 0x41, 0x31, 0x30}},
    {10589909u, 0x18f009e6u, 8u, {0xf9, 0x7e, 0x60, 0xb7, 0x7e, 0x17, 0x82, 0xff}},
    {10594178u, 0x0cf002e6u, 8u, {0xcd, 0x68, 0x1b, 0x00, 0xfc, 0xe2, 0x22, 0xff}},
    {10594724u, 0x0cf004e6u, 8u, {0xf1, 0x91, 0x91, 0xe4, 0x21, 0xff, 0xff, 0xff}},
    {10595285u, 0x0cfe6ce6u, 8u, {0x4b, 0x10, 0xc0, 0xc0, 0xc0, 0x14, 0x99, 0x2b}},
    {10600456u, 0x18f009e6u, 8u, {0xfb, 0x7e, 0x60, 0xb7, 0x7e, 0x27, 0x81, 0xff}},
    {10601592u, 0x18fef1e6u, 8u, {0xf3, 0xb3, 0x2b, 0xc0, 0x00, 0xff, 0xe0, 0xff}},
    {10604906u, 0x0cf002e6u, 8u, {0xcd, 0x68, 0x1b, 0x00, 0xfc, 0xe2, 0x22, 0xff}},
    {10606107u, 0x18fef2e6u, 8u, {0xfb, 0x00, 0xff, 0xff, 0xff, 0xff, 0xff, 0xff}},
    {10609885u, 0x18f009e6u, 8u, {0xfb, 0x7e, 0x60, 0xc3, 0x7e, 0x7f, 0x80, 0xff}},
    {10614111u, 0x0cf002e6u, 8u, {0xcd, 0x68, 0x1b, 0x00, 0xfc, 0x2f, 0x23, 0xff}},
    {10614776u, 0x0cf004e6u, 8u, {0xf1, 0x91, 0x91, 0xf5, 0x21, 0xff, 0xff, 0xff}},
    {10619322u, 0x0cf003e6u, 8u, {0xf0, 0x48, 0x14, 0xff, 0xff, 0xff, 0xff, 0xff}},
    {10621088u, 0x18f001e6u, 8u, {0xcf, 0x00, 0xcf, 0xff, 0xff, 0xff, 0xff, 0xff}},
    {10621607u, 0x18f009e6u, 8u, {0xf9, 0x7e, 0x60, 0xcb, 0x7e, 0x77, 0x80, 0xff}},
    {10624893u, 0x0cf002e6u, 8u, {0xcd, 0x68, 0x1b, 0x00, 0xfc, 0x2f, 0x23, 0xff}},
    {10629828u, 0x18f009e6u, 8u, {0xf9, 0x7e, 0x60, 0xd7, 0x7e, 0x0f, 0x81, 0xff}},
    {10634189u, 0x0cf002e6u, 8u, {0xcd, 0x68, 0x1b, 0x00, 0xfc, 0x2a, 0x23, 0xff}},
    {10634691u, 0x0cf004e6u, 8u, {0xf1, 0x91, 0x91, 0x08, 0x22, 0xff, 0xff, 0xff}},
    {10640431u, 0x18f009e6u, 8u, {0xf9, 0x7e, 0x60, 0xd7, 0x7e, 0x17, 0x82, 0xff}},
    {10644920u, 0x0cf002e6u, 8u, {0xcd, 0x80, 0x1b, 0x00, 0xfc, 0x2a, 0x23, 0xff}},
    {10645460u, 0x0cfe6ce6u, 8u, {0x4b, 0x10, 0xc0, 0xc0, 0xc0, 0x14, 0x80, 0x2b}},
    {10651019u, 0x18f009e6u, 8u, {0xf9, 0x7e, 0x60, 0xcf, 0x7e, 0xe7, 0x82, 0xff}},
    {10654235u, 0x0cf002e6u, 8u, {0xcd, 0x80, 0x1b, 0x00, 0xfc, 0x30, 0x23, 0xff}},
    {10654897u, 0x0cf004e6u, 8u, {0xf1, 0x91, 0x91, 0x08, 0x22, 0xff, 0xff, 0xff}},
    {10660487u, 0x18f009e6u, 8u, {0xf9, 0x7e, 0x60, 0xcb, 0x7e, 0x4f, 0x83, 0xff}},
    {10665025u, 0x0cf002e6u, 8u, {0xcd, 0x80, 0x1b, 0x00, 0xfc, 0x30, 0x23, 0xff}},
    {10669288u, 0x0cf003e6u, 8u, {0xf0, 0x47, 0x14, 0xff, 0xff, 0xff, 0xff, 0xff}},
    {10672173u, 0x18f009e6u, 8u, {0xf9, 0x7e, 0x60, 0xd3, 0x7e, 0x17, 0x83, 0xff}},
    {10674189u, 0x0cf002e6u, 8u, {0xcd, 0x80, 0x1b, 0x00, 0xfc, 0x3e, 0x23, 0xff}},
    {10674684u, 0x0cf004e6u, 8u, {0xf1, 0x91, 0x91, 0xe9, 0x21, 0xff, 0xff, 0xff}},
    {10680489u, 0x18f009e6u, 8u, {0xf9, 0x7e, 0x60, 0xdf, 0x7e, 0x27, 0x82, 0xff}},
    {10684829u, 0x0cf002e6u, 8u, {0xcd, 0x80, 0x1b, 0x00, 0xfc, 0x3e, 0x23, 0xff}},
    {10685392u, 0x18f005e6u, 8u, {0x87, 0x5f, 0x06, 0x87, 0x20, 0x41, 0x31, 0x30}},
    {10689835u, 0x18f009e6u, 8u, {0xf9, 0x7e, 0x60, 0xe7, 0x7e, 0x67, 0x81, 0xff}},
    {10694196u, 0x0cf002e6u, 8u, {0xcd, 0x80, 0x1b, 0x00, 0xfc, 0x05, 0x23, 0xff}},
    {10694792u, 0x0cf004e6u, 8u, {0xf1, 0x91, 0x91, 0xe8, 0x21, 0xff, 0xff, 0xff}},
    {10695327u, 0x0cfe6ce6u, 8u, {0x4b, 0x10, 0xc0, 0xc0, 0xd0, 0x14, 0xb3, 0x2b}},
    {10700475u, 0x18f009e6u, 8u, {0xf9, 0x7e, 0x60, 0xe7, 0x7e, 0x67, 0x81, 0xff}},
    {10701658u, 0x18fef1e6u, 8u, {0xf3, 0x99, 0x2b, 0xc0, 0x00, 0xff, 0xe0, 0xff}},
    {10705155u, 0x0cf002e6u, 8u, {0xcd, 0x80, 0x1b, 0x00, 0xfc, 0x05, 0x23, 0xff}},
    {10706321u, 0x18fef2e6u, 8u, {0xfd, 0x00, 0xff, 0xff, 0xff, 0xff, 0xff, 0xff}},
    {10709915u, 0x18f009e6u, 8u, {0xf9, 0x7e, 0x60, 0xe7, 0x7e, 0xff, 0x81, 0xff}},
    {10714087u, 0x0cf002e6u, 8u, {0xcd, 0x80, 0x1b, 0x00, 0xfc, 0x3f, 0x23, 0xff}},
    {10714695u, 0x0cf004e6u, 8u, {0xf1, 0x91, 0x91, 0xca, 0x21, 0xff, 0xff, 0xff}},
    {10719283u, 0x0cf003e6u, 8u, {0xf0, 0x47, 0x14, 0xff, 0xff, 0xff, 0xff, 0xff}},
    {10722150u, 0x18f001e6u, 8u, {0xcf, 0x00, 0xcf, 0xff, 0xff, 0xff, 0xff, 0xff}},
    {10722732u, 0x18f009e6u, 8u, {0xf9, 0x7e, 0x60, 0xe7, 0x7e, 0xcf, 0x82, 0xff}},
    {10725539u, 0x0cf002e6u, 8u, {0xcd, 0x80, 0x1b, 0x00, 0xfc, 0x3f, 0x23, 0xff}},
    {10730332u, 0x18f009e6u, 8u, {0xf9, 0x7e, 0x60, 0xe7, 0x7e, 0x4f, 0x83, 0xff}},
    {10734299u, 0x0cf002e6u, 8u, {0xcd, 0x80, 0x1b, 0x00, 0xfc, 0x2f, 0x23, 0xff}},
    {10734833u, 0x0cf004e6u, 8u, {0xf1, 0x91, 0x91, 0xd2, 0x21, 0xff, 0xff, 0xff}},
    {10740563u, 0x18f009e6u, 8u, {0xf9, 0x7e, 0x60, 0xe7, 0x7e, 0xa7, 0x83, 0xff}},
    {10744941u, 0x0cf002e6u, 8u, {0xcd, 0xa8, 0x1b, 0x00, 0xfc, 0x2f, 0x23, 0xff}},
    {10745449u, 0x0cfe6ce6u, 8u, {0x4b, 0x10, 0xc0, 0xc0, 0xc8, 0x14, 0x99, 0x2b}},
    {10751051u, 0x18f009e6u, 8u, {0xf9, 0x7e, 0x60, 0xe3, 0x7e, 0xf7, 0x83, 0xff}},
    {10754291u, 0x0cf002e6u, 8u, {0xcd, 0xa8, 0x1b, 0x00, 0xfc, 0x28, 0x23, 0xff}},
    {10754816u, 0x0cf004e6u, 8u, {0xf1, 0x91, 0x91, 0xd9, 0x21, 0xff, 0xff, 0xff}},
    {10760563u, 0x18f009e6u, 8u, {0xf9, 0x7e, 0x60, 0xdb, 0x7e, 0xa7, 0x83, 0xff}},
    {10764856u, 0x0cf002e6u, 8u, {0xcd, 0xa8, 0x1b, 0x00, 0xfc, 0x28, 0x23, 0xff}},
    {10769297u, 0x0cf003e6u, 8u, {0xf0, 0x49, 0x14, 0xff, 0xff, 0xff, 0xff, 0xff}},
    {10771551u, 0x18f009e6u, 8u, {0xf9, 0x7e, 0x60, 0xdf, 0x7e, 0x97, 0x82, 0xff}},
    {10774090u, 0x0cf002e6u, 8u, {0xcd, 0xa8, 0x1b, 0x01, 0xfc, 0x6c, 0x23, 0xff}},
    {10774651u, 0x0cf004e6u, 8u, {0xf1, 0x91, 0x91, 0xdf, 0x21, 0xff, 0xff, 0xff}},
    {10780396u, 0x18f009e6u, 8u, {0xf9, 0x7e, 0x60, 0xe7, 0x7e, 0xf7, 0x81, 0xff}},
    {10784972u, 0x0cf002e6u, 8u, {0xcd, 0xa8, 0x1b, 0x01, 0xfc, 0x6c, 0x23, 0xff}},
    {10785451u, 0x18f005e6u, 8u, {0x87, 0x5f, 0x06, 0x87, 0x20, 0x41, 0x31, 0x30}},
    {10789804u, 0x18f009e6u, 8u, {0xf9, 0x7e, 0x60, 0xf7, 0x7e, 0x5f, 0x82, 0xff}},
    {10794245u, 0x0cf002e6u, 8u, {0xcd, 0xa0, 0x1b, 0x00, 0xfc, 0x2d, 0x23, 0xff}},
    {10794806u, 0x0cf004e6u, 8u, {0xf1, 0x91, 0x91, 0xf9, 0x21, 0xff, 0xff, 0xff}},
    {10795391u, 0x0cfe6ce6u, 8u, {0x4b, 0x10, 0xc0, 0xc0, 0xb8, 0x14, 0x80, 0x2b}},
    {10800573u, 0x18f009e6u, 8u, {0xf9, 0x7e, 0x60, 0x07, 0x7f, 0x4f, 0x83, 0xff}},
    {10801620u, 0x18fef1e6u, 8u, {0xf3, 0xb3, 0x2b, 0xc0, 0x00, 0xff, 0xe0, 0xff}},
    {10805060u, 0x0cf002e6u, 8u, {0xcd, 0xa0, 0x1b, 0x00, 0xfc, 0x2d, 0x23, 0xff}},
    {10806169u, 0x18fef2e6u, 8u, {0xfe, 0x00, 0xff, 0xff, 0xff, 0xff, 0xff, 0xff}},
    {10809919u, 0x18f009e6u, 8u, {0xf9, 0x7e, 0x60, 0x07, 0x7f, 0x7f, 0x83, 0xff}},
    {10814309u, 0x0cf002e6u, 8u, {0xcd, 0xa0, 0x1b, 0x00, 0xfc, 0x77, 0x23, 0xff}},
    {10814808u, 0x0cf004e6u, 8u, {0xf1, 0x91, 0x91, 0x00, 0x22, 0xff, 0xff, 0xff}},
    {10819343u, 0x0cf003e6u, 8u, {0xf0, 0x4a, 0x14, 0xff, 0xff, 0xff, 0xff, 0xff}},
    {10821027u, 0x18f001e6u, 8u, {0xcf, 0x00, 0xcf, 0xff, 0xff, 0xff, 0xff, 0xff}},
    {10821587u, 0x18f009e6u, 8u, {0xf9, 0x7e, 0x60, 0xff, 0x7e, 0xdf, 0x82, 0xff}},
    {10824802u, 0x0cf002e6u, 8u, {0xcd, 0xa0, 0x1b, 0x00, 0xfc, 0x77, 0x23, 0xff}},
    {10829930u, 0x18f009e6u, 8u, {0xf9, 0x7e, 0x60, 0xf3, 0x7e, 0x17, 0x82, 0xff}},
    {10834181u, 0x0cf002e6u, 8u, {0xcd, 0xa0, 0x1b, 0x00, 0xfc, 0x5a, 0x23, 0xff}},
    {10834764u, 0x0cf004e6u, 8u, {0xf1, 0x91, 0x91, 0x0a, 0x22, 0xff, 0xff, 0xff}},
    {10840420u, 0x18f009e6u, 8u, {0xf9, 0x7e, 0x60, 0xeb, 0x7e, 0x7f, 0x82, 0xff}},
    {10844936u, 0x0cf002e6u, 8u, {0xcd, 0xa8, 0x1b, 0x00, 0xfc, 0x5a, 0x23, 0xff}},
    {10845478u, 0x0cfe6ce6u, 8u, {0x4b, 0x10, 0xc0, 0xc0, 0xc8, 0x14, 0x99, 0x2b}},
    {10851000u, 0x18f009e6u, 8u, {0xf9, 0x7e, 0x60, 0xe7, 0x7e, 0xaf, 0x83, 0xff}},
    {10854205u, 0x0cf002e6u, 8u, {0xcd, 0xa8, 0x1b, 0x00, 0xfc, 0x5e, 0x23, 0xff}},
    {10854792u, 0x0cf004e6u, 8u, {0xf1, 0x91, 0x91, 0x15, 0x22, 0xff, 0xff, 0xff}},
    {10860554u, 0x18f009e6u, 8u, {0xf9, 0x7e, 0x60, 0xef, 0x7e, 0x97, 0x83, 0xff}},
    {10865033u, 0x0cf002e6u, 8u, {0xcd, 0xa8, 0x1b, 0x00, 0xfc, 0x5e, 0x23, 0xff}},
    {10869330u, 0x0cf003e6u, 8u, {0xf0, 0x4a, 0x14, 0xff, 0xff, 0xff, 0xff, 0xff}},
    {10871629u, 0x18f009e6u, 8u, {0xfb, 0x7e, 0x60, 0xf7, 0x7e, 0xb7, 0x82, 0xff}},
    {10874270u, 0x0cf002e6u, 8u, {0xcd, 0xa8, 0x1b, 0x00, 0xfc, 0x89, 0x23, 0xff}},
    {10874847u, 0x0cf004e6u, 8u, {0xf1, 0x91, 0x91, 0x09, 0x22, 0xff, 0xff, 0xff}},
    {10880397u, 0x18f009e6u, 8u, {0xf9, 0x7e, 0x60, 0xf7, 0x7e, 0x1f, 0x82, 0xff}},
    {10884951u, 0x0cf002e6u, 8u, {0xcd, 0xa8, 0x1b, 0x00, 0xfc, 0x89, 0x23, 0xff}},
    {10885525u, 0x18f005e6u, 8u, {0x87, 0x5f, 0x06, 0x87, 0x20, 0x41, 0x31, 0x30}},
    {10889888u, 0x18f009e6u, 8u, {0xf9, 0x7e, 0x60, 0xef, 0x7e, 0x1f, 0x82, 0xff}},
    {10894253u, 0x0cf002e6u, 8u, {0xcd, 0xb8, 0x1b, 0x00, 0xfc, 0x4c, 0x23, 0xff}},
    {10894809u, 0x0cf004e6u, 8u, {0xf1, 0x91, 0x91, 0xe8, 0x21, 0xff, 0xff, 0xff}},
    {10895398u, 0x0cfe6ce6u, 8u, {0x4b, 0x10, 0xc0, 0xc0, 0xe0, 0x14, 0xcc, 0x2b}},
    {10900598u, 0x18f009e6u, 8u, {0xf9, 0x7e, 0x60, 0xe3, 0x7e, 0x4f, 0x82, 0xff}},
    {10901729u, 0x18fef1e6u, 8u, {0xf3, 0x80, 0x2b, 0xc0, 0x00, 0xff, 0xe0, 0xff}},
    {10905321u, 0x0cf002e6u, 8u, {0xcd, 0xb8, 0x1b, 0x00, 0xfc, 0x4c, 0x23, 0xff}},
    {10907565u, 0x18fef2e6u, 8u, {0x01, 0x01, 0xff, 0xff, 0xff, 0xff, 0xff, 0xff}},
    {10909933u, 0x18f009e6u, 8u, {0xf9, 0x7e, 0x60, 0xdb, 0x7e, 0x4f, 0x82, 0xff}},
    {10914179u, 0x0cf002e6u, 8u, {0xcd, 0xb8, 0x1b, 0x01, 0xfc, 0x90, 0x23, 0xff}},
    {10914730u, 0x0cf004e6u, 8u, {0xf1, 0x91, 0x91, 0xea, 0x21, 0xff, 0xff, 0xff}},
    {10919340u, 0x0cf003e6u, 8u, {0xf0, 0x4a, 0x15, 0xff, 0xff, 0xff, 0xff, 0xff}},
    {10921023u, 0x18f001e6u, 8u, {0xcf, 0x00, 0xcf, 0xff, 0xff, 0xff, 0xff, 0xff}},
    {10921565u, 0x18f009e6u, 8u, {0xf9, 0x7e, 0x60, 0xe3, 0x7e, 0x0f, 0x83, 0xff}},
    {10924907u, 0x0cf002e6u, 8u, {0xcd, 0xb8, 0x1b, 0x01, 0xfc, 0x90, 0x23, 0xff}},
    {10930400u, 0x18f009e6u, 8u, {0xf9, 0x7e, 0x60, 0xe7, 0x7e, 0x8f, 0x83, 0xff}},
    {10934300u, 0x0cf002e6u, 8u, {0xcd, 0xb8, 0x1b, 0x00, 0xfc, 0x74, 0x23, 0xff}},
    {10934949u, 0x0cf004e6u, 8u, {0xf1, 0x92, 0x92, 0xd3, 0x21, 0xff, 0xff, 0xff}},
    {10940473u, 0x18f009e6u, 8u, {0xf9, 0x7e, 0x60, 0xef, 0x7e, 0x9f, 0x83, 0xff}},
    {10944936u, 0x0cf002e6u, 8u, {0xcd, 0xc8, 0x1b, 0x00, 0xfc, 0x74, 0x23, 0xff}},
    {10945580u, 0x0cfe6ce6u, 8u, {0x4b, 0x10, 0xc0, 0xc0, 0xd0, 0x14, 0xb3, 0x2b}},
    {10951153u, 0x18f009e6u, 8u, {0xf9, 0x7e, 0x60, 0xef, 0x7e, 0x7f, 0x83, 0xff}},
    {10954343u, 0x0cf002e6u, 8u, {0xcd, 0xc8, 0x1b, 0x00, 0xfc, 0x7c, 0x23, 0xff}},
    {10954993u, 0x0cf004e6u, 8u, {0xf1, 0x92, 0x92, 0xe4, 0x21, 0xff, 0xff, 0xff}},
    {10960569u, 0x18f009e6u, 8u, {0xf9, 0x7e, 0x60, 0xeb, 0x7e, 0x4f, 0x83, 0xff}},
    {10965021u, 0x0cf002e6u, 8u, {0xcd, 0xc8, 0x1b, 0x00, 0xfc, 0x7c, 0x23, 0xff}},
    {10969287u, 0x0cf003e6u, 8u, {0xf0, 0x4c, 0x15, 0xff, 0xff, 0xff, 0xff, 0xff}},
    {10972175u, 0x18f009e6u, 8u, {0xf9, 0x7e, 0x60, 0xdf, 0x7e, 0x1f, 0x83, 0xff}},
    {10974102u, 0x0cf002e6u, 8u, {0xcd, 0xc8, 0x1b, 0x00, 0xfc, 0xa4, 0x23, 0xff}},
    {10974708u, 0x0cf004e6u, 8u, {0xf1, 0x91, 0x91, 0xf3, 0x21, 0xff, 0xff, 0xff}},
    {10980495u, 0x18f009e6u, 8u, {0xf9, 0x7e, 0x60, 0xd7, 0x7e, 0xf7, 0x82, 0xff}},
    {10984850u, 0x0cf002e6u, 8u, {0xcd, 0xc8, 0x1b, 0x00, 0xfc, 0xa4, 0x23, 0xff}},
    {10985457u, 0x18f005e6u, 8u, {0x87, 0x5f, 0x06, 0x87, 0x20, 0x41, 0x31, 0x30}},
    {10989877u, 0x18f009e6u, 8u, {0xf9, 0x7e, 0x60, 0xd7, 0x7e, 0x1f, 0x83, 0xff}},
    {10994285u, 0x0cf002e6u, 8u, {0xcd, 0xd8, 0x1b, 0x01, 0xfc, 0x6f, 0x23, 0xff}},
    {10994853u, 0x0cf004e6u, 8u, {0xf1, 0x92, 0x92, 0xfb, 0x21, 0xff, 0xff, 0xff}},
    {10995408u, 0x0cfe6ce6u, 8u, {0x4b, 0x10, 0xc0, 0xc0, 0xc8, 0x14, 0x99, 0x2b}},
    {11000533u, 0x18f009e6u, 8u, {0xf9, 0x7e, 0x60, 0xdb, 0x7e, 0x67, 0x83, 0xff}},
    {11001709u, 0x18fef1e6u, 8u, {0xf3, 0xcc, 0x2b, 0xc0, 0x00, 0xff, 0xe0, 0xff}},
    {11005274u, 0x0cf002e6u, 8u, {0xcd, 0xd8, 0x1b, 0x01, 0xfc, 0x6f, 0x23, 0xff}},
    {11006444u, 0x18fef2e6u, 8u, {0x02, 0x01, 0xff, 0xff, 0xff, 0xff, 0xff, 0xff}},
    {11009961u, 0x18f009e6u, 8u, {0xf9, 0x7e, 0x60, 0xdf, 0x7e, 0xff, 0x82, 0xff}},
    {11014169u, 0x0cf002e6u, 8u, {0xcd, 0xd8, 0x1b, 0x01, 0xfc, 0xb9, 0x23, 0xff}},
    {11014740u, 0x0cf004e6u, 8u, {0xf1, 0x92, 0x92, 0xf9, 0x21, 0xff, 0xff, 0xff}},
    {11019329u, 0x0cf003e6u, 8u, {0xf0, 0x4c, 0x15, 0xff, 0xff, 0xff, 0xff, 0xff}},
    {11020981u, 0x18f001e6u, 8u, {0xcf, 0x00, 0xcf, 0xff, 0xff, 0xff, 0xff, 0xff}},
    {11021554u, 0x18f009e6u, 8u, {0xf9, 0x7e, 0x60, 0xdb, 0x7e, 0x8f, 0x82, 0xff}},
    {11024908u, 0x0cf002e6u, 8u, {0xcd, 0xd8, 0x1b, 0x01, 0xfc, 0xb9, 0x23, 0xff}},
    {11029857u, 0x18f009e6u, 8u, {0xf9, 0x7e, 0x60, 0xdb, 0x7e, 0x97, 0x82, 0xff}},
    {11034214u, 0x0cf002e6u, 8u, {0xcd, 0xd8, 0x1b, 0x00, 0xfc, 0x8b, 0x23, 0xff}},
    {11034813u, 0x0cf004e6u, 8u, {0xf1, 0x92, 0x92, 0xef, 0x21, 0xff, 0xff, 0xff}},
    {11040824u, 0x18f009e6u, 8u, {0xf9, 0x7e, 0x60, 0xdb, 0x7e, 0x77, 0x82, 0xff}},
    {11044971u, 0x0cf002e6u, 8u, {0xcd, 0xe0, 0x1b, 0x00, 0xfc, 0x8b, 0x23, 0xff}},
    {11045522u, 0x0cfe6ce6u, 8u, {0x4b, 0x10, 0xc0, 0xc0, 0xd0, 0x14, 0xb3, 0x2b}},
    {11051116u, 0x18f009e6u, 8u, {0xf9, 0x7e, 0x60, 0xdb, 0x7e, 0xf7, 0x82, 0xff}},
    {11054309u, 0x0cf002e6u, 8u, {0xcd, 0xe0, 0x1b, 0x00, 0xfc, 0xa4, 0x23, 0xff}},
    {11054875u, 0x0cf004e6u, 8u, {0xf1, 0x92, 0x92, 0xee, 0x21, 0xff, 0xff, 0xff}},
    {11060491u, 0x18f009e6u, 8u, {0xf9, 0x7e, 0x60, 0xdb, 0x7e, 0xaf, 0x83, 0xff}},
    {11064887u, 0x0cf002e6u, 8u, {0xcd, 0xe0, 0x1b, 0x00, 0xfc, 0xa4, 0x23, 0xff}},
    {11069330u, 0x0cf003e6u, 8u, {0xf0, 0x4d, 0x15, 0xff, 0xff, 0xff, 0xff, 0xff}},
    {11071649u, 0x18f009e6u, 8u, {0xf9, 0x7e, 0x60, 0xdb, 0x7e, 0xc7, 0x83, 0xff}},
    {11074242u, 0x0cf002e6u, 8u, {0xcd, 0xe0, 0x1b, 0x00, 0xfc, 0xc9, 0x23, 0xff}},
    {11074832u, 0x0cf004e6u, 8u, {0xf1, 0x92, 0x92, 0xf6, 0x21, 0xff, 0xff, 0xff}},
    {11080383u, 0x18f009e6u, 8u, {0xf9, 0x7e, 0x60, 0xdb, 0x7e, 0xe7, 0x82, 0xff}},
    {11084939u, 0x0cf002e6u, 8u, {0xcd, 0xe0, 0x1b, 0x00, 0xfc, 0xc9, 0x23, 0xff}},
    {11085472u, 0x18f005e6u, 8u, {0x87, 0x5f, 0x06, 0x87, 0x20, 0x41, 0x31, 0x30}},
    {11089842u, 0x18f009e6u, 8u, {0xf9, 0x7e, 0x60, 0xd7, 0x7e, 0xe7, 0x81, 0xff}},
    {11094242u, 0x0cf002e6u, 8u, {0xcd, 0xf0, 0x1b, 0x01, 0xfc, 0x8f, 0x23, 0xff}},
    {11094809u, 0x0cf004e6u, 8u, {0xf1, 0x92, 0x92, 0xf5, 0x21, 0xff, 0xff, 0xff}},
    {11095366u, 0x0cfe6ce6u, 8u, {0x4b, 0x10, 0xc0, 0xc0, 0xc8, 0x14, 0x99, 0x2b}},
    {11100629u, 0x18f009e6u, 8u, {0xfb, 0x7e, 0x60, 0xdb, 0x7e, 0xf7, 0x81, 0xff}},
    {11101668u, 0x18fef1e6u, 8u, {0xf3, 0x99, 0x2b, 0xc0, 0x00, 0xff, 0xe0, 0xff}},
    {11105091u, 0x0cf002e6u, 8u, {0xcd, 0xf0, 0x1b, 0x01, 0xfc, 0x8f, 0x23, 0xff}},
    {11106237u, 0x18fef2e6u, 8u, {0x07, 0x01, 0xff, 0xff, 0xff, 0xff, 0xff, 0xff}},
    {11109971u, 0x18f009e6u, 8u, {0xfd, 0x7e, 0x60, 0xeb, 0x7e, 0x97, 0x82, 0xff}},
    {11114281u, 0x0cf002e6u, 8u, {0xcd, 0xf0, 0x1b, 0x00, 0xfc, 0xc9, 0x23, 0xff}},
    {11114830u, 0x0cf004e6u, 8u, {0xf1, 0x92, 0x92, 0xe0, 0x21, 0xff, 0xff, 0xff}},
    {11119325u, 0x0cf003e6u, 8u, {0xf0, 0x4c, 0x16, 0xff, 0xff, 0xff, 0xff, 0xff}},
    {11120969u, 0x18f001e6u, 8u, {0xcf, 0x00, 0xcf, 0xff, 0xff, 0xff, 0xff, 0xff}},
    {11121584u, 0x18f009e6u, 8u, {0xfd, 0x7e, 0x60, 0xf7, 0x7e, 0x4f, 0x83, 0xff}},
    {11124875u, 0x0cf002e6u, 8u, {0xcd, 0xf0, 0x1b, 0x00, 0xfc, 0xc9, 0x23, 0xff}},
    {11130419u, 0x18f009e6u, 8u, {0xfd, 0x7e, 0x60, 0xf3, 0x7e, 0x3f, 0x84, 0xff}},
    {11134165u, 0x0cf002e6u, 8u, {0xcd, 0xf0, 0x1b, 0x00, 0xfc, 0x97, 0x23, 0xff}},
    {11134736u, 0x0cf004e6u, 8u, {0xf1, 0x92, 0x92, 0xf2, 0x21, 0xff, 0xff, 0xff}},
    {11140633u, 0x18f009e6u, 8u, {0xff, 0x7e, 0x60, 0xe7, 0x7e, 0x57, 0x85, 0xff}},
    {11145031u, 0x0cf002e6u, 8u, {0xcd, 0x00, 0x1c, 0x00, 0xfc, 0x97, 0x23, 0xff}},
    {11145664u, 0x0cfe6ce6u, 8u, {0x4b, 0x10, 0xc0, 0xc0, 0xd8, 0x14, 0xcc, 0x2b}},
    {11151103u, 0x18f009e6u, 8u, {0xff, 0x7e, 0x60, 0xdf, 0x7e, 0x6f, 0x85, 0xff}},
    {11154385u, 0x0cf002e6u, 8u, {0xcd, 0x00, 0x1c, 0x00, 0xfc, 0xc4, 0x23, 0xff}},
    {11155043u, 0x0cf004e6u, 8u, {0xf1, 0x92, 0x92, 0xe4, 0x21, 0xff, 0xff, 0xff}},
    {11160451u, 0x18f009e6u, 8u, {0xff, 0x7e, 0x60, 0xdf, 0x7e, 0x1f, 0x84, 0xff}},
    {11164870u, 0x0cf002e6u, 8u, {0xcd, 0x00, 0x1c, 0x00, 0xfc, 0xc4, 0x23, 0xff}},
    {11169373u, 0x0cf003e6u, 8u, {0xf0, 0x4e, 0x16, 0xff, 0xff, 0xff, 0xff, 0xff}},
    {11172317u, 0x18f009e6u, 8u, {0xff, 0x7e, 0x60, 0xdf, 0x7e, 0xaf, 0x82, 0xff}},
    {11174166u, 0x0cf002e6u, 8u, {0xcd, 0x00, 0x1c, 0x00, 0xfc, 0xd6, 0x23, 0xff}},
    {11174710u, 0x0cf004e6u, 8u, {0xf1, 0x92, 0x92, 0xf6, 0x21, 0xff, 0xff, 0xff}},
    {11180465u, 0x18f009e6u, 8u, {0x01, 0x7f, 0x60, 0xe7, 0x7e, 0x3f, 0x82, 0xff}},
    {11184918u, 0x0cf002e6u, 8u, {0xcd, 0x00, 0x1c, 0x00, 0xfc, 0xd6, 0x23, 0xff}},
    {11185469u, 0x18f005e6u, 8u, {0x87, 0x5f, 0x06, 0x87, 0x20, 0x41, 0x31, 0x30}},
    {11189897u, 0x18f009e6u, 8u, {0x01, 0x7f, 0x60, 0xf3, 0x7e, 0xc7, 0x82, 0xff}},
    {11194260u, 0x0cf002e6u, 8u, {0xcd, 0x00, 0x1c, 0x01, 0xfc, 0xb0, 0x23, 0xff}},
    {11194889u, 0x0cf004e6u, 8u, {0xf1, 0x92, 0x92, 0x0f, 0x22, 0xff, 0xff, 0xff}},
    {11195462u, 0x0cfe6ce6u, 8u, {0x4b, 0x10, 0xc0, 0xc0, 0xc8, 0x14, 0x99, 0x2b}},
    {11200526u, 0x18f009e6u, 8u, {0x01, 0x7f, 0x60, 0xef, 0x7e, 0x47, 0x83, 0xff}},
    {11201595u, 0x18fef1e6u, 8u, {0xf3, 0x99, 0x2b, 0xc0, 0x00, 0xff, 0xe0, 0xff}},
    {11205122u, 0x0cf002e6u, 8u, {0xcd, 0x00, 0x1c, 0x01, 0xfc, 0xb0, 0x23, 0xff}},
    {11206245u, 0x18fef2e6u, 8u, {0x0d, 0x01, 0xff, 0xff, 0xff, 0xff, 0xff, 0xff}},
    {11209896u, 0x18f009e6u, 8u, {0x01, 0x7f, 0x60, 0xe7, 0x7e, 0x77, 0x83, 0xff}},
    {11214204u, 0x0cf002e6u, 8u, {0xcd, 0x00, 0x1c, 0x01, 0xfc, 0x0d, 0x24, 0xff}},
    {11214708u, 0x0cf004e6u, 8u, {0xf1, 0x92, 0x92, 0x14, 0x22, 0xff, 0xff, 0xff}},
    {11219378u, 0x0cf003e6u, 8u, {0xf0, 0x4d, 0x16, 0xff, 0xff, 0xff, 0xff, 0xff}},
    {11221065u, 0x18f001e6u, 8u, {0xcf, 0x00, 0xcf, 0xff, 0xff, 0xff, 0xff, 0xff}},
    {11221626u, 0x18f009e6u, 8u, {0x01, 0x7f, 0x60, 0xe3, 0x7e, 0x8f, 0x83, 0xff}},
    {11224918u, 0x0cf002e6u, 8u, {0xcd, 0x00, 0x1c, 0x01, 0xfc, 0x0d, 0x24, 0xff}},
    {11229877u, 0x18f009e6u, 8u, {0x01, 0x7f, 0x60, 0xdf, 0x7e, 0x47, 0x83, 0xff}},
    {11234286u, 0x0cf002e6u, 8u, {0xcd, 0x00, 0x1c, 0x01, 0xfc, 0xbb, 0x23, 0xff}},
    {11234816u, 0x0cf004e6u, 8u, {0xf1, 0x93, 0x93, 0xfc, 0x21, 0xff, 0xff, 0xff}},
    {11240452u, 0x18f009e6u, 8u, {0x01, 0x7f, 0x60, 0xdf, 0x7e, 0x5f, 0x82, 0xff}},
    {11244925u, 0x0cf002e6u, 8u, {0xcd, 0x00, 0x1c, 0x01, 0xfc, 0xbb, 0x23, 0xff}},
    {11245471u, 0x0cfe6ce6u, 8u, {0x4b, 0x10, 0xc0, 0xc0, 0xd8, 0x14, 0xb3, 0x2b}},
    {11251157u, 0x18f009e6u, 8u, {0x01, 0x7f, 0x60, 0xdf, 0x7e, 0xa7, 0x81, 0xff}},
    {11254595u, 0x0cf002e6u, 8u, {0xcd, 0x00, 0x1c, 0x00, 0xfc, 0xf9, 0x23, 0xff}},
    {11255160u, 0x0cf004e6u, 8u, {0xf1, 0x93, 0x93, 0xed, 0x21, 0xff, 0xff, 0xff}},
    {11260433u, 0x18f009e6u, 8u, {0x01, 0x7f, 0x60, 0xdf, 0x7e, 0x3f, 0x81, 0xff}},
    {11265040u, 0x0cf002e6u, 8u, {0xcd, 0x00, 0x1c, 0x00, 0xfc, 0xf9, 0x23, 0xff}},
    {11269290u, 0x0cf003e6u, 8u, {0xf0, 0x4e, 0x16, 0xff, 0xff, 0xff, 0xff, 0xff}},
    {11271515u, 0x18f009e6u, 8u, {0x01, 0x7f, 0x60, 0xd7, 0x7e, 0xaf, 0x81, 0xff}},
    {11274125u, 0x0cf002e6u, 8u, {0xcd, 0x00, 0x1c, 0x00, 0xfc, 0xe7, 0x23, 0xff}},
    {11274739u, 0x0cf004e6u, 8u, {0xf1, 0x93, 0x93, 0xee, 0x21, 0xff, 0xff, 0xff}},
    {11280484u, 0x18f009e6u, 8u, {0x01, 0x7f, 0x60, 0xcb, 0x7e, 0x8f, 0x82, 0xff}},
    {11284932u, 0x0cf002e6u, 8u, {0xcd, 0x00, 0x1c, 0x00, 0xfc, 0xe7, 0x23, 0xff}},
    {11285510u, 0x18f005e6u, 8u, {0x87, 0x5f, 0x06, 0x87, 0x20, 0x41, 0x31, 0x30}},
    {11289731u, 0x18f009e6u, 8u, {0x01, 0x7f, 0x60, 0xd3, 0x7e, 0x27, 0x83, 0xff}},
    {11294227u, 0x0cf002e6u, 8u, {0xcd, 0x28, 0x1c, 0x00, 0xfc, 0xe8, 0x23, 0xff}},
    {11294807u, 0x0cf004e6u, 8u, {0xf1, 0x93, 0x93, 0xf4, 0x21, 0xff, 0xff, 0xff}},
    {11295353u, 0x0cfe6ce6u, 8u, {0x4b, 0x10, 0xc0, 0xc0, 0xd8, 0x14, 0xcc, 0x2b}},
    {11300568u, 0x18f009e6u, 8u, {0x01, 0x7f, 0x60, 0xdb, 0x7e, 0x97, 0x83, 0xff}},
    {11301640u, 0x18fef1e6u, 8u, {0xf3, 0x99, 0x2b, 0xc0, 0x00, 0xff, 0xe0, 0xff}},
    {11305054u, 0x0cf002e6u, 8u, {0xcd, 0x28, 0x1c, 0x00, 0xfc, 0xe8, 0x23, 0xff}},
    {11306135u, 0x18fef2e6u, 8u, {0x11, 0x01, 0xff, 0xff, 0xff, 0xff, 0xff, 0xff}},
    {11309919u, 0x18f009e6u, 8u, {0x01, 0x7f, 0x60, 0xe7, 0x7e, 0x57, 0x83, 0xff}},
    {11314171u, 0x0cf002e6u, 8u, {0xcd, 0x28, 0x1c, 0x01, 0xfc, 0x31, 0x24, 0xff}},
    {11314709u, 0x0cf004e6u, 8u, {0xf1, 0x93, 0x93, 0xfa, 0x21, 0xff, 0xff, 0xff}},
    {11319362u, 0x0cf003e6u, 8u, {0xf0, 0x4e, 0x16, 0xff, 0xff, 0xff, 0xff, 0xff}},
    {11321048u, 0x18f001e6u, 8u, {0xcf, 0x00, 0xcf, 0xff, 0xff, 0xff, 0xff, 0xff}},
    {11321535u, 0x18f009e6u, 8u, {0x01, 0x7f, 0x60, 0xeb, 0x7e, 0x2f, 0x83, 0xff}},
    {11324909u, 0x0cf002e6u, 8u, {0xcd, 0x28, 0x1c, 0x01, 0xfc, 0x31, 0x24, 0xff}},
    {11330328u, 0x18f009e6u, 8u, {0x01, 0x7f, 0x60, 0xf7, 0x7e, 0xe7, 0x82, 0xff}},
    {11334292u, 0x0cf002e6u, 8u, {0xcd, 0x28, 0x1c, 0x01, 0xfc, 0xcc, 0x23, 0xff}},
    {11334823u, 0x0cf004e6u, 8u, {0xf1, 0x93, 0x93, 0xea, 0x21, 0xff, 0xff, 0xff}},
    {11341174u, 0x18f009e6u, 8u, {0x01, 0x7f, 0x60, 0xf7, 0x7e, 0xcf, 0x82, 0xff}},
    {11344920u, 0x0cf002e6u, 8u, {0xcd, 0x28, 0x1c, 0x01, 0xfc, 0xcc, 0x23, 0xff}},
    {11345457u, 0x0cfe6ce6u, 8u, {0x4b, 0x10, 0xc0, 0xc0, 0xd0, 0x14, 0xb3, 0x2b}},
    {11351094u, 0x18f009e6u, 8u, {0x01, 0x7f, 0x60, 0xef, 0x7e, 0x0f, 0x83, 0xff}},
    {11354315u, 0x0cf002e6u, 8u, {0xcd, 0x28, 0x1c, 0x00, 0xfc, 0x06, 0x24, 0xff}},
    {11354865u, 0x0cf004e6u, 8u, {0xf1, 0x93, 0x93, 0xf8, 0x21, 0xff, 0xff, 0xff}},
    {11360531u, 0x18f009e6u, 8u, {0x01, 0x7f, 0x60, 0xdf, 0x7e, 0x57, 0x83, 0xff}},
    {11364959u, 0x0cf002e6u, 8u, {0xcd, 0x28, 0x1c, 0x00, 0xfc, 0x06, 0x24, 0xff}},
    {11369268u, 0x0cf003e6u, 8u, {0xf0, 0x4e, 0x16, 0xff, 0xff, 0xff, 0xff, 0xff}},
    {11371437u, 0x18f009e6u, 8u, {0x01, 0x7f, 0x60, 0xd7, 0x7e, 0x4f, 0x83, 0xff}},
    {11374053u, 0x0cf002e6u, 8u, {0xcd, 0x28, 0x1c, 0x00, 0xfc, 0x19, 0x24, 0xff}},
    {11374709u, 0x0cf004e6u, 8u, {0xf1, 0x93, 0x93, 0xf8, 0x21, 0xff, 0xff, 0xff}},
    {11380434u, 0x18f009e6u, 8u, {0x01, 0x7f, 0x60, 0xd7, 0x7e, 0xf7, 0x82, 0xff}},
    {11384904u, 0x0cf002e6u, 8u, {0xcd, 0x28, 0x1c, 0x00, 0xfc, 0x19, 0x24, 0xff}},
    {11385490u, 0x18f005e6u, 8u, {0x87, 0x5f, 0x06, 0x87, 0x20, 0x41, 0x31, 0x30}},
    {11389781u, 0x18f009e6u, 8u, {0x03, 0x7f, 0x60, 0xdf, 0x7e, 0x47, 0x83, 0xff}},
    {11394194u, 0x0cf002e6u, 8u, {0xcd, 0x48, 0x1c, 0x00, 0xfc, 0xfc, 0x23, 0xff}},
    {11394768u, 0x0cf004e6u, 8u, {0xf1, 0x93, 0x93, 0x0b, 0x22, 0xff, 0xff, 0xff}},
    {11395322u, 0x0cfe6ce6u, 8u, {0x4b, 0x10, 0xc0, 0xc0, 0xd8, 0x14, 0xb3, 0x2b}},
    {11400562u, 0x18f009e6u, 8u, {0x03, 0x7f, 0x60, 0xe7, 0x7e, 0x9f, 0x83, 0xff}},
    {11401708u, 0x18fef1e6u, 8u, {0xf3, 0xcc, 0x2b, 0xc0, 0x00, 0xff, 0xe0, 0xff}},
    {11405027u, 0x0cf002e6u, 8u, {0xcd, 0x48, 0x1c, 0x00, 0xfc, 0xfc, 0x23, 0xff}},
    {11406182u, 0x18fef2e6u, 8u, {0x13, 0x01, 0xff, 0xff, 0xff, 0xff, 0xff, 0xff}},
    {11409895u, 0x18f009e6u, 8u, {0x03, 0x7f, 0x60, 0xeb, 0x7e, 0x3f, 0x83, 0xff}},
    {11414415u, 0x0cf002e6u, 8u, {0xcd, 0x48, 0x1c, 0x00, 0xfc, 0x33, 0x24, 0xff}},
    {11414929u, 0x0cf004e6u, 8u, {0xf1, 0x93, 0x93, 0x1f, 0x22, 0xff, 0xff, 0xff}},
    {11419293u, 0x0cf003e6u, 8u, {0xf0, 0x4f, 0x16, 0xff, 0xff, 0xff, 0xff, 0xff}},
    {11420948u, 0x18f001e6u, 8u, {0xcf, 0x00, 0xcf, 0xff, 0xff, 0xff, 0xff, 0xff}},
    {11421488u, 0x18f009e6u, 8u, {0x03, 0x7f, 0x60, 0xef, 0x7e, 0x17, 0x82, 0xff}},
    {11424931u, 0x0cf002e6u, 8u, {0xcd, 0x48, 0x1c, 0x00, 0xfc, 0x33, 0x24, 0xff}},
    {11430027u, 0x18f009e6u, 8u, {0x05, 0x7f, 0x60, 0xfb, 0x7e, 0x1f, 0x81, 0xff}},
    {11434245u, 0x0cf002e6u, 8u, {0xcd, 0x48, 0x1c, 0x00, 0xfc, 0xfc, 0x23, 0xff}},
    {11434735u, 0x0cf004e6u, 8u, {0xf1, 0x93, 0x93, 0x19, 0x22, 0xff, 0xff, 0xff}},
    {11440420u, 0x18f009e6u, 8u, {0x05, 0x7f, 0x60, 0xfb, 0x7e, 0xe7, 0x81, 0xff}},
    {11444937u, 0x0cf002e6u, 8u, {0xcd, 0x40, 0x1c, 0x00, 0xfc, 0xfc, 0x23, 0xff}},
    {11445462u, 0x0cfe6ce6u, 8u, {0x4b, 0x10, 0xc0, 0xc0, 0xd0, 0x14, 0xb3, 0x2b}},
    {11450990u, 0x18f009e6u, 8u, {0x07, 0x7f, 0x60, 0xfb, 0x7e, 0x07, 0x83, 0xff}},
    {11454384u, 0x0cf002e6u, 8u, {0xcd, 0x40, 0x1c, 0x00, 0xfc, 0x2a, 0x24, 0xff}},
    {11454928u, 0x0cf004e6u, 8u, {0xf1, 0x93, 0x93, 0x02, 0x22, 0xff, 0xff, 0xff}},
    {11460641u, 0x18f009e6u, 8u, {0x09, 0x7f, 0x60, 0xff, 0x7e, 0xc7, 0x83, 0xff}},
    {11464941u, 0x0cf002e6u, 8u, {0xcd, 0xd8, 0x14, 0x00, 0xfc, 0x09, 0x22, 0xff}},
    {11469308u, 0x0cf003e6u, 8u, {0xf0, 0x4f, 0x16, 0xff, 0xff, 0xff, 0xff, 0xff}},
    {11471992u, 0x18f009e6u, 8u, {0x09, 0x7f, 0x60, 0x03, 0x7f, 0x4f, 0x84, 0xff}},
    {11474535u, 0x0cf002e6u, 8u, {0xcd, 0xe0, 0x14, 0x00, 0xfc, 0x09, 0x22, 0xff}},
    {11475070u, 0x0cf004e6u, 8u, {0xf1, 0x93, 0x93, 0xf2, 0x21, 0xff, 0xff, 0xff}},
    {11480461u, 0x18f009e6u, 8u, {0x0b, 0x7f, 0x60, 0xfb, 0x7e, 0xf7, 0x84, 0xff}},
    {11485028u, 0x0cf002e6u, 8u, {0xcd, 0xe0, 0x14, 0x00, 0xfc, 0xe7, 0x21, 0xff}},
    {11485569u, 0x18f005e6u, 8u, {0x87, 0x5f, 0x06, 0x87, 0x20, 0x41, 0x31, 0x30}},
    {11489972u, 0x18f009e6u, 8u, {0x0b, 0x7f, 0x60, 0xef, 0x7e, 0x6f, 0x84, 0xff}},
    {11494275u, 0x0cf002e6u, 8u, {0xcd, 0xe0, 0x14, 0x00, 0xfc, 0xe7, 0x21, 0xff}},
    {11494868u, 0x0cf004e6u, 8u, {0xf1, 0x93, 0x93, 0xf9, 0x21, 0xff, 0xff, 0xff}},
    {11495411u, 0x0cfe6ce6u, 8u, {0x4b, 0x10, 0xc0, 0xc0, 0xe0, 0x14, 0xcc, 0x2b}},
    {11500607u, 0x18f009e6u, 8u, {0x0b, 0x7f, 0x60, 0xef, 0x7e, 0x7f, 0x82, 0xff}},
    {11501641u, 0x18fef1e6u, 8u, {0xf3, 0xb3, 0x2b, 0xc0, 0x00, 0xff, 0xe0, 0xff}},
    {11505104u, 0x0cf002e6u, 8u, {0xcd, 0xe0, 0x14, 0x00, 0xfc, 0x1a, 0x22, 0xff}},
    {11506214u, 0x18fef2e6u, 8u, {0x15, 0x01, 0xff, 0xff, 0xff, 0xff, 0xff, 0xff}},
    {11509896u, 0x18f009e6u, 8u, {0x0b, 0x7f, 0x60, 0xf7, 0x7e, 0x67, 0x81, 0xff}},
    {11514623u, 0x0cf002e6u, 8u, {0xcd, 0xe0, 0x14, 0x00, 0xfc, 0x1a, 0x22, 0xff}},
    {11515162u, 0x0cf004e6u, 8u, {0xf1, 0x93, 0x93, 0x02, 0x22, 0xff, 0xff, 0xff}},
    {11519356u, 0x0cf003e6u, 8u, {0xf0, 0x4e, 0x16, 0xff, 0xff, 0xff, 0xff, 0xff}},
    {11520987u, 0x18f001e6u, 8u, {0xcf, 0x00, 0xcf, 0xff, 0xff, 0xff, 0xff, 0xff}},
    {11521554u, 0x18f009e6u, 8u, {0x0d, 0x7f, 0x60, 0xfb, 0x7e, 0x77, 0x81, 0xff}},
    {11524941u, 0x0cf002e6u, 8u, {0xcd, 0xe0, 0x14, 0x00, 0xfc, 0xfe, 0x21, 0xff}},
    {11530491u, 0x18f009e6u, 8u, {0x0d, 0x7f, 0x60, 0xf7, 0x7e, 0x57, 0x82, 0xff}},
    {11534276u, 0x0cf002e6u, 8u, {0xcd, 0xe0, 0x14, 0x00, 0xfc, 0xfe, 0x21, 0xff}},
    {11534756u, 0x0cf004e6u, 8u, {0xf1, 0x93, 0x93, 0x0c, 0x22, 0xff, 0xff, 0xff}},
    {11540471u, 0x18f009e6u, 8u, {0x0f, 0x7f, 0x60, 0xf3, 0x7e, 0x87, 0x82, 0xff}},
    {11544918u, 0x0cf002e6u, 8u, {0xcd, 0xe0, 0x14, 0x00, 0xfc, 0x08, 0x22, 0xff}},
    {11545509u, 0x0cfe6ce6u, 8u, {0x4b, 0x10, 0xc0, 0xc0, 0xd8, 0x14, 0xb3, 0x2b}},
    {11551059u, 0x18f009e6u, 8u, {0x0f, 0x7f, 0x60, 0xeb, 0x7e, 0xb7, 0x82, 0xff}},
    {11554319u, 0x0cf002e6u, 8u, {0xcd, 0xe0, 0x14, 0x00, 0xfc, 0x08, 0x22, 0xff}},
    {11554841u, 0x0cf004e6u, 8u, {0xf1, 0x93, 0x93, 0xff, 0x21, 0xff, 0xff, 0xff}},
    {11560551u, 0x18f009e6u, 8u, {0x11, 0x7f, 0x60, 0xe3, 0x7e, 0xff, 0x83, 0xff}},
    {11565151u, 0x0cf002e6u, 8u, {0xcd, 0xe0, 0x14, 0x00, 0xfc, 0x0f, 0x22, 0xff}},
    {11569230u, 0x0cf003e6u, 8u, {0xf0, 0x4f, 0x17, 0xff, 0xff, 0xff, 0xff, 0xff}},
    {11571438u, 0x18f009e6u, 8u, {0x11, 0x7f, 0x60, 0xe7, 0x7e, 0xe7, 0x84, 0xff}},
    {11574164u, 0x0cf002e6u, 8u, {0xcd, 0xd8, 0x14, 0x00, 0xfc, 0x0f, 0x22, 0xff}},
    {11574711u, 0x0cf004e6u, 8u, {0xf1, 0x93, 0x93, 0x05, 0x22, 0xff, 0xff, 0xff}},
    {11580476u, 0x18f009e6u, 8u, {0x11, 0x7f, 0x60, 0xef, 0x7e, 0x3f, 0x85, 0xff}},
    {11584893u, 0x0cf002e6u, 8u, {0xcd, 0xd8, 0x14, 0x00, 0xfc, 0x0c, 0x22, 0xff}},
    {11585457u, 0x18f005e6u, 8u, {0x87, 0x5f, 0x06, 0x87, 0x20, 0x41, 0x31, 0x30}},
    {11589852u, 0x18f009e6u, 8u, {0x13, 0x7f, 0x60, 0xf3, 0x7e, 0x17, 0x84, 0xff}},
    {11594399u, 0x0cf002e6u, 8u, {0xcd, 0xd8, 0x14, 0x00, 0xfc, 0x0c, 0x22, 0xff}},
    {11594946u, 0x0cf004e6u, 8u, {0xf1, 0x93, 0x93, 0x0a, 0x22, 0xff, 0xff, 0xff}},
    {11595489u, 0x0cfe6ce6u, 8u, {0x4b, 0x10, 0xc0, 0xc0, 0xd8, 0x14, 0xcc, 0x2b}},
    {11600557u, 0x18f009e6u, 8u, {0x13, 0x7f, 0x60, 0xeb, 0x7e, 0x87, 0x82, 0xff}},
    {11601560u, 0x18fef1e6u, 8u, {0xf3, 0xcc, 0x2b, 0xc0, 0x00, 0xff, 0xe0, 0xff}},
    {11605054u, 0x0cf002e6u, 8u, {0xcd, 0xd8, 0x14, 0x00, 0xfc, 0x2b, 0x22, 0xff}},
    {11606262u, 0x18fef2e6u, 8u, {0x18, 0x01, 0xff, 0xff, 0xff, 0xff, 0xff, 0xff}},
    {11609938u, 0x18f009e6u, 8u, {0x13, 0x7f, 0x60, 0xe7, 0x7e, 0x2f, 0x82, 0xff}},
    {11614157u, 0x0cf002e6u, 8u, {0xcd, 0xd8, 0x14, 0x00, 0xfc, 0x2b, 0x22, 0xff}},
    {11614669u, 0x0cf004e6u, 8u, {0xf1, 0x93, 0x93, 0x1b, 0x22, 0xff, 0xff, 0xff}},
    {11619357u, 0x0cf003e6u, 8u, {0xf0, 0x4f, 0x17, 0xff, 0xff, 0xff, 0xff, 0xff}},
    {11621049u, 0x18f001e6u, 8u, {0xcf, 0x00, 0xcf, 0xff, 0xff, 0xff, 0xff, 0xff}},
    {11621596u, 0x18f009e6u, 8u, {0x15, 0x7f, 0x60, 0xe7, 0x7e, 0xe7, 0x82, 0xff}},
    {11624953u, 0x0cf002e6u, 8u, {0xcd, 0xd8, 0x14, 0x00, 0xfc, 0x16, 0x22, 0xff}},
    {11629878u, 0x18f009e6u, 8u, {0x15, 0x7f, 0x60, 0xef, 0x7e, 0x87, 0x83, 0xff}},
    {11634263u, 0x0cf002e6u, 8u, {0xcd, 0xd8, 0x14, 0x00, 0xfc, 0x16, 0x22, 0xff}},
    {11634863u, 0x0cf004e6u, 8u, {0xf1, 0x93, 0x93, 0x33, 0x22, 0xff, 0xff, 0xff}},
    {11640623u, 0x18f009e6u, 8u, {0x15, 0x7f, 0x60, 0xf3, 0x7e, 0xd7, 0x83, 0xff}},
    {11644940u, 0x0cf002e6u, 8u, {0xcd, 0xd8, 0x14, 0x00, 0xfc, 0x28, 0x22, 0xff}},
    {11645465u, 0x0cfe6ce6u, 8u, {0x4b, 0x10, 0xc0, 0xc0, 0xe0, 0x14, 0xcc, 0x2b}},
    {11651047u, 0x18f009e6u, 8u, {0x15, 0x7f, 0x60, 0xf3, 0x7e, 0x77, 0x83, 0xff}},
    {11654309u, 0x0cf002e6u, 8u, {0xcd, 0xd8, 0x14, 0x00, 0xfc, 0x28, 0x22, 0xff}},
    {11654865u, 0x0cf004e6u, 8u, {0xf1, 0x93, 0x93, 0x2a, 0x22, 0xff, 0xff, 0xff}},
    {11660537u, 0x18f009e6u, 8u, {0x17, 0x7f, 0x60, 0xef, 0x7e, 0xe7, 0x82, 0xff}},
    {11664960u, 0x0cf002e6u, 8u, {0xcd, 0xd8, 0x14, 0x00, 0xfc, 0xfc, 0x21, 0xff}},
    {11669352u, 0x0cf003e6u, 8u, {0xf0, 0x4f, 0x17, 0xff, 0xff, 0xff, 0xff, 0xff}},
    {11672148u, 0x18f009e6u, 8u, {0x17, 0x7f, 0x60, 0xe7, 0x7e, 0xa7, 0x82, 0xff}},
    {11674374u, 0x0cf002e6u, 8u, {0xcd, 0xe8, 0x14, 0x00, 0xfc, 0xfc, 0x21, 0xff}},
    {11674798u, 0x0cf004e6u, 8u, {0xf1, 0x93, 0x93, 0x16, 0x22, 0xff, 0xff, 0xff}},
    {11680532u, 0x18f009e6u, 8u, {0x17, 0x7f, 0x60, 0xe7, 0x7e, 0xc7, 0x82, 0xff}},
    {11684924u, 0x0cf002e6u, 8u, {0xcd, 0xe8, 0x14, 0x00, 0xfc, 0x0d, 0x22, 0xff}},
    {11685484u, 0x18f005e6u, 8u, {0x87, 0x5f, 0x06, 0x87, 0x20, 0x41, 0x31, 0x30}},
    {11690499u, 0x18f009e6u, 8u, {0x19, 0x7f, 0x60, 0xeb, 0x7e, 0x6f, 0x83, 0xff}},
    {11694258u, 0x0cf002e6u, 8u, {0xcd, 0xe8, 0x14, 0x00, 0xfc, 0x0d, 0x22, 0xff}},
    {11694783u, 0x0cf004e6u, 8u, {0xf1, 0x93, 0x93, 0xf5, 0x21, 0xff, 0xff, 0xff}},
    {11695309u, 0x0cfe6ce6u, 8u, {0x4b, 0x10, 0xc0, 0xc0, 0xe8, 0x14, 0xe6, 0x2b}},
    {11700633u, 0x18f009e6u, 8u, {0x1b, 0x7f, 0x60, 0xe7, 0x7e, 0x0f, 0x84, 0xff}},
    {11701703u, 0x18fef1e6u, 8u, {0xf3, 0xcc, 0x2b, 0xc0, 0x00, 0xff, 0xe0, 0xff}},
    {11705195u, 0x0cf002e6u, 8u, {0xcd, 0xe8, 0x14, 0x00, 0xfc, 0xf6, 0x21, 0xff}},
    {11706286u, 0x18fef2e6u, 8u, {0x1c, 0x01, 0xff, 0xff, 0xff, 0xff, 0xff, 0xff}},
    {11709894u, 0x18f009e6u, 8u, {0x1b, 0x7f, 0x60, 0xe3, 0x7e, 0xe7, 0x83, 0xff}},
    {11714263u, 0x0cf002e6u, 8u, {0xcd, 0xe8, 0x14, 0x00, 0xfc, 0xf6, 0x21, 0xff}},
    {11714857u, 0x0cf004e6u, 8u, {0xf1, 0x93, 0x93, 0x01, 0x22, 0xff, 0xff, 0xff}},
    {11719360u, 0x0cf003e6u, 8u, {0xf0, 0x50, 0x17, 0xff, 0xff, 0xff, 0xff, 0xff}},
    {11721017u, 0x18f001e6u, 8u, {0xcf, 0x00, 0xcf, 0xff, 0xff, 0xff, 0xff, 0xff}},
    {11721486u, 0x18f009e6u, 8u, {0x1d, 0x7f, 0x60, 0xe7, 0x7e, 0x57, 0x83, 0xff}},
    {11724913u, 0x0cf002e6u, 8u, {0xcd, 0xe8, 0x14, 0x00, 0xfc, 0x10, 0x22, 0xff}},
    {11730424u, 0x18f009e6u, 8u, {0x1f, 0x7f, 0x60, 0xe7, 0x7e, 0x27, 0x83, 0xff}},
    {11734377u, 0x0cf002e6u, 8u, {0xcd, 0xe8, 0x14, 0x00, 0xfc, 0x10, 0x22, 0xff}},
    {11734922u, 0x0cf004e6u, 8u, {0xf1, 0x93, 0x93, 0x08, 0x22, 0xff, 0xff, 0xff}},
    {11740477u, 0x18f009e6u, 8u, {0x1f, 0x7f, 0x60, 0xe7, 0x7e, 0xff, 0x82, 0xff}},
    {11744946u, 0x0cf002e6u, 8u, {0xcd, 0xe8, 0x14, 0x00, 0xfc, 0x0b, 0x22, 0xff}},
    {11745522u, 0x0cfe6ce6u, 8u, {0x4b, 0x10, 0xc0, 0xc0, 0xe0, 0x14, 0xcc, 0x2b}},
    {11751109u, 0x18f009e6u, 8u, {0x21, 0x7f, 0x60, 0xe3, 0x7e, 0x3f, 0x82, 0xff}},
    {11754395u, 0x0cf002e6u, 8u, {0xcd, 0xe8, 0x14, 0x00, 0xfc, 0x0b, 0x22, 0xff}},
    {11754941u, 0x0cf004e6u, 8u, {0xf1, 0x93, 0x93, 0x0d, 0x22, 0xff, 0xff, 0xff}},
    {11760495u, 0x18f009e6u, 8u, {0x23, 0x7f, 0x60, 0xdf, 0x7e, 0x47, 0x81, 0xff}},
    {11764958u, 0x0cf002e6u, 8u, {0xcd, 0xe8, 0x14, 0x00, 0xfc, 0x09, 0x22, 0xff}},
    {11769262u, 0x0cf003e6u, 8u, {0xf0, 0x50, 0x17, 0xff, 0xff, 0xff, 0xff, 0xff}},
    {11771569u, 0x18f009e6u, 8u, {0x23, 0x7f, 0x60, 0xd7, 0x7e, 0xe7, 0x80, 0xff}},
    {11774435u, 0x0cf002e6u, 8u, {0xcd, 0xe0, 0x14, 0x00, 0xfc, 0x09, 0x22, 0xff}},
    {11774984u, 0x0cf004e6u, 8u, {0xf1, 0x94, 0x94, 0x04, 0x22, 0xff, 0xff, 0xff}},
    {11780363u, 0x18f009e6u, 8u, {0x25, 0x7f, 0x60, 0xd3, 0x7e, 0xf7, 0x81, 0xff}},
    {11784941u, 0x0cf002e6u, 8u, {0xcd, 0xe0, 0x14, 0x00, 0xfc, 0x1b, 0x22, 0xff}},
    {11785516u, 0x18f005e6u, 8u, {0x87, 0x5f, 0x06, 0x87, 0x20, 0x41, 0x31, 0x30}},
    {11789869u, 0x18f009e6u, 8u, {0x25, 0x7f, 0x60, 0xd7, 0x7e, 0x67, 0x83, 0xff}},
    {11794277u, 0x0cf002e6u, 8u, {0xcd, 0xe0, 0x14, 0x00, 0xfc, 0x1b, 0x22, 0xff}},
    {11794789u, 0x0cf004e6u, 8u, {0xf1, 0x94, 0x94, 0x07, 0x22, 0xff, 0xff, 0xff}},
    {11795375u, 0x0cfe6ce6u, 8u, {0x4b, 0x10, 0xc0, 0xc0, 0xe0, 0x14, 0xcc, 0x2b}},
    {11800442u, 0x18f009e6u, 8u, {0x27, 0x7f, 0x60, 0xe3, 0x7e, 0x6f, 0x84, 0xff}},
    {11801686u, 0x18fef1e6u, 8u, {0xf3, 0xe6, 0x2b, 0xc0, 0x00, 0xff, 0xe0, 0xff}},
    {11805119u, 0x0cf002e6u, 8u, {0xcd, 0xe0, 0x14, 0x00, 0xfc, 0x07, 0x22, 0xff}},
    {11806285u, 0x18fef2e6u, 8u, {0x1b, 0x01, 0xff, 0xff, 0xff, 0xff, 0xff, 0xff}},
    {11809969u, 0x18f009e6u, 8u, {0x29, 0x7f, 0x60, 0xeb, 0x7e, 0x4f, 0x84, 0xff}},
    {11814242u, 0x0cf002e6u, 8u, {0xcd, 0xe0, 0x14, 0x00, 0xfc, 0x07, 0x22, 0xff}},
    {11814766u, 0x0cf004e6u, 8u, {0xf1, 0x93, 0x93, 0x10, 0x22, 0xff, 0xff, 0xff}},
    {11819411u, 0x0cf003e6u, 8u, {0xf0, 0x50, 0x17, 0xff, 0xff, 0xff, 0xff, 0xff}},
    {11821047u, 0x18f001e6u, 8u, {0xcf, 0x00, 0xcf, 0xff, 0xff, 0xff, 0xff, 0xff}},
    {11821579u, 0x18f009e6u, 8u, {0x2b, 0x7f, 0x60, 0xef, 0x7e, 0xff, 0x82, 0xff}},
    {11824917u, 0x0cf002e6u, 8u, {0xcd, 0xe0, 0x14, 0x00, 0xfc, 0x3a, 0x22, 0xff}},
    {11829895u, 0x18f009e6u, 8u, {0x2b, 0x7f, 0x60, 0xef, 0x7e, 0x87, 0x81, 0xff}},
    {11834259u, 0x0cf002e6u, 8u, {0xcd, 0xe0, 0x14, 0x00, 0xfc, 0x3a, 0x22, 0xff}},
    {11834807u, 0x0cf004e6u, 8u, {0xf1, 0x93, 0x93, 0x21, 0x22, 0xff, 0xff, 0xff}},
    {11840530u, 0x18f009e6u, 8u, {0x2b, 0x7f, 0x60, 0xef, 0x7e, 0xf7, 0x80, 0xff}},
    {11845083u, 0x0cf002e6u, 8u, {0xcd, 0xe0, 0x14, 0x00, 0xfc, 0x1c, 0x22, 0xff}},
    {11845615u, 0x0cfe6ce6u, 8u, {0x4b, 0x10, 0xc0, 0xc0, 0xd8, 0x14, 0xcc, 0x2b}},
    {11851129u, 0x18f009e6u, 8u, {0x2d, 0x7f, 0x60, 0xe7, 0x7e, 0x1f, 0x81, 0xff}},
    {11854321u, 0x0cf002e6u, 8u, {0xcd, 0xe0, 0x14, 0x00, 0xfc, 0x1c, 0x22, 0xff}},
    {11854829u, 0x0cf004e6u, 8u, {0xf1, 0x93, 0x93, 0x3a, 0x22, 0xff, 0xff, 0xff}},
    {11860604u, 0x18f009e6u, 8u, {0x2d, 0x7f, 0x60, 0xdb, 0x7e, 0x0f, 0x82, 0xff}},
    {11865170u, 0x0cf002e6u, 8u, {0xcd, 0xe0, 0x14, 0x00, 0xfc, 0x33, 0x22, 0xff}},
    {11869322u, 0x0cf003e6u, 8u, {0xf0, 0x4f, 0x17, 0xff, 0xff, 0xff, 0xff, 0xff}},
    {11871550u, 0x18f009e6u, 8u, {0x2d, 0x7f, 0x60, 0xdb, 0x7e, 0xff, 0x83, 0xff}},
    {11874225u, 0x0cf002e6u, 8u, {0xcd, 0xf0, 0x14, 0x00, 0xfc, 0x33, 0x22, 0xff}},
    {11874764u, 0x0cf004e6u, 8u, {0xf1, 0x93, 0x93, 0x35, 0x22, 0xff, 0xff, 0xff}},
    {11880555u, 0x18f009e6u, 8u, {0x2d, 0x7f, 0x60, 0xdb, 0x7e, 0x9f, 0x85, 0xff}},
    {11884943u, 0x0cf002e6u, 8u, {0xcd, 0xf0, 0x14, 0x00, 0xfc, 0x0a, 0x22, 0xff}},
    {11885521u, 0x18f005e6u, 8u, {0x87, 0x5f, 0x06, 0x87, 0x20, 0x41, 0x31, 0x30}},
    {11889805u, 0x18f009e6u, 8u, {0x2d, 0x7f, 0x60, 0xe3, 0x7e, 0xdf, 0x85, 0xff}},
    {11894305u, 0x0cf002e6u, 8u, {0xcd, 0xf0, 0x14, 0x00, 0xfc, 0x0a, 0x22, 0xff}},
    {11895007u, 0x0cf004e6u, 8u, {0xf1, 0x94, 0x94, 0x22, 0x22, 0xff, 0xff, 0xff}},
    {11895523u, 0x0cfe6ce6u, 8u, {0x4b, 0x10, 0xc0, 0xc0, 0xf0, 0x14, 0xe6, 0x2b}},
    {11900478u, 0x18f009e6u, 8u, {0x2d, 0x7f, 0x60, 0xe3, 0x7e, 0x77, 0x84, 0xff}},
    {11901612u, 0x18fef1e6u, 8u, {0xf3, 0xcc, 0x2b, 0xc0, 0x00, 0xff, 0xe0, 0xff}},
    {11905163u, 0x0cf002e6u, 8u, {0xcd, 0xf0, 0x14, 0x00, 0xfc, 0x0c, 0x22, 0xff}},
    {11906241u, 0x18fef2e6u, 8u, {0x1e, 0x01, 0xff, 0xff, 0xff, 0xff, 0xff, 0xff}},
    {11909973u, 0x18f009e6u, 8u, {0x2d, 0x7f, 0x60, 0xe3, 0x7e, 0xbf, 0x82, 0xff}},
    {11914341u, 0x0cf002e6u, 8u, {0xcd, 0xf0, 0x14, 0x00, 0xfc, 0x0c, 0x22, 0xff}},
    {11914893u, 0x0cf004e6u, 8u, {0xf1, 0x94, 0x94, 0x01, 0x22, 0xff, 0xff, 0xff}},
    {11919301u, 0x0cf003e6u, 8u, {0xf0, 0x4f, 0x17, 0xff, 0xff, 0xff, 0xff, 0xff}},
    {11920959u, 0x18f001e6u, 8u, {0xcf, 0x00, 0xcf, 0xff, 0xff, 0xff, 0xff, 0xff}},
    {11921497u, 0x18f009e6u, 8u, {0x2d, 0x7f, 0x60, 0xe3, 0x7e, 0x47, 0x82, 0xff}},
    {11924949u, 0x0cf002e6u, 8u, {0xcd, 0xf0, 0x14, 0x00, 0xfc, 0x00, 0x22, 0xff}},
    {11930397u, 0x18f009e6u, 8u, {0x2d, 0x7f, 0x60, 0xe7, 0x7e, 0xdf, 0x82, 0xff}},
    {11934248u, 0x0cf002e6u, 8u, {0xcd, 0xf0, 0x14, 0x00, 0xfc, 0x00, 0x22, 0xff}},
    {11934847u, 0x0cf004e6u, 8u, {0xf1, 0x94, 0x94, 0x06, 0x22, 0xff, 0xff, 0xff}},
    {11940634u, 0x18f009e6u, 8u, {0x2d, 0x7f, 0x60, 0xef, 0x7e, 0x5f, 0x83, 0xff}},
    {11944963u, 0x0cf002e6u, 8u, {0xcd, 0xf0, 0x14, 0x00, 0xfc, 0x0a, 0x22, 0xff}},
    {11945486u, 0x0cfe6ce6u, 8u, {0x4b, 0x10, 0xc0, 0xc0, 0xf0, 0x14, 0xe6, 0x2b}},
    {11951190u, 0x18f009e6u, 8u, {0x2d, 0x7f, 0x60, 0xf7, 0x7e, 0x4f, 0x83, 0xff}},
    {11954450u, 0x0cf002e6u, 8u, {0xcd, 0xf0, 0x14, 0x00, 0xfc, 0x0a, 0x22, 0xff}},
    {11955004u, 0x0cf004e6u, 8u, {0xf1, 0x94, 0x94, 0x05, 0x22, 0xff, 0xff, 0xff}},
    {11960573u, 0x18f009e6u, 8u, {0x2d, 0x7f, 0x60, 0xf7, 0x7e, 0x97, 0x83, 0xff}},
    {11964925u, 0x0cf002e6u, 8u, {0xcd, 0xf0, 0x14, 0x00, 0xfc, 0x15, 0x22, 0xff}},
    {11969289u, 0x0cf003e6u, 8u, {0xf0, 0x50, 0x17, 0xff, 0xff, 0xff, 0xff, 0xff}},
    {11972140u, 0x18f009e6u, 8u, {0x2d, 0x7f, 0x60, 0xf3, 0x7e, 0x8f, 0x84, 0xff}},
    {11974111u, 0x0cf002e6u, 8u, {0xcd, 0xd0, 0x14, 0x00, 0xfc, 0x15, 0x22, 0xff}},
    {11974684u, 0x0cf004e6u, 8u, {0xf1, 0x94, 0x94, 0x02, 0x22, 0xff, 0xff, 0xff}},
    {11980529u, 0x18f009e6u, 8u, {0x2d, 0x7f, 0x60, 0xf3, 0x7e, 0xaf, 0x84, 0xff}},
    {11985101u, 0x0cf002e6u, 8u, {0xcd, 0xd0, 0x14, 0x00, 0xfc, 0xf4, 0x21, 0xff}},
    {11985642u, 0x18f005e6u, 8u, {0x87, 0x5f, 0x06, 0x87, 0x20, 0x41, 0x31, 0x30}},
    {11989813u, 0x18f009e6u, 8u, {0x2d, 0x7f, 0x60, 0xf3, 0x7e, 0xa7, 0x83, 0xff}},
    {11994363u, 0x0cf002e6u, 8u, {0xcd, 0xd0, 0x14, 0x00, 0xfc, 0xf4, 0x21, 0xff}},
    {11994919u, 0x0cf004e6u, 8u, {0xf1, 0x94, 0x94, 0xfe, 0x21, 0xff, 0xff, 0xff}},
    {11995423u, 0x0cfe6ce6u, 8u, {0x4b, 0x10, 0xc0, 0xc0, 0xd0, 0x14, 0xb3, 0x2b}},
    {12000592u, 0x18f009e6u, 8u, {0x2d, 0x7f, 0x60, 0xf7, 0x7e, 0xd7, 0x81, 0xff}},
    {12001646u, 0x18fef1e6u, 8u, {0xf3, 0xe6, 0x2b, 0xc0, 0x00, 0xff, 0xe0, 0xff}},
    {12005075u, 0x0cf002e6u, 8u, {0xcd, 0xd0, 0x14, 0x00, 0xfc, 0x15, 0x22, 0xff}},
    {12006280u, 0x18fef2e6u, 8u, {0x1f, 0x01, 0xff, 0xff, 0xff, 0xff, 0xff, 0xff}},
    {12009955u, 0x18f009e6u, 8u, {0x2d, 0x7f, 0x60, 0xf7, 0x7e, 0x1f, 0x81, 0xff}},
    {12014375u, 0x0cf002e6u, 8u, {0xcd, 0xd0, 0x14, 0x00, 0xfc, 0x15, 0x22, 0xff}},
    {12014980u, 0x0cf004e6u, 8u, {0xf1, 0x94, 0x94, 0xff, 0x21, 0xff, 0xff, 0xff}},
    {12019377u, 0x0cf003e6u, 8u, {0xf0, 0x50, 0x17, 0xff, 0xff, 0xff, 0xff, 0xff}},
    {12021055u, 0x18f001e6u, 8u, {0xcf, 0x00, 0xcf, 0xff, 0xff, 0xff, 0xff, 0xff}},
    {12021617u, 0x18f009e6u, 8u, {0x2d, 0x7f, 0x60, 0xf7, 0x7e, 0x37, 0x82, 0xff}},
    {12024925u, 0x0cf002e6u, 8u, {0xcd, 0xd0, 0x14, 0x00, 0xfc, 0x03, 0x22, 0xff}},
    {12029940u, 0x18f009e6u, 8u, {0x2d, 0x7f, 0x60, 0xf7, 0x7e, 0xd7, 0x83, 0xff}},
    {12034236u, 0x0cf002e6u, 8u, {0xcd, 0xd0, 0x14, 0x00, 0xfc, 0x03, 0x22, 0xff}},
    {12034748u, 0x0cf004e6u, 8u, {0xf1, 0x94, 0x94, 0x09, 0x22, 0xff, 0xff, 0xff}},
    {12040527u, 0x18f009e6u, 8u, {0x2d, 0x7f, 0x60, 0xef, 0x7e, 0x37, 0x85, 0xff}},
    {12045526u, 0x0cf002e6u, 8u, {0xcd, 0xd0, 0x14, 0x00, 0xfc, 0x39, 0x22, 0xff}},
    {12046120u, 0x0cfe6ce6u, 8u, {0x4b, 0x10, 0xc0, 0xc0, 0xe0, 0x14, 0xcc, 0x2b}},
    {12051167u, 0x18f009e6u, 8u, {0x2d, 0x7f, 0x60, 0xef, 0x7e, 0xa7, 0x85, 0xff}},
    {12054367u, 0x0cf002e6u, 8u, {0xcd, 0xd0, 0x14, 0x00, 0xfc, 0x39, 0x22, 0xff}},
    {12054878u, 0x0cf004e6u, 8u, {0xf1, 0x94, 0x94, 0x1e, 0x22, 0xff, 0xff, 0xff}},
    {12060588u, 0x18f009e6u, 8u, {0x2d, 0x7f, 0x60, 0xeb, 0x7e, 0x6f, 0x85, 0xff}},
    {12064992u, 0x0cf002e6u, 8u, {0xcd, 0xd0, 0x14, 0x00, 0xfc, 0x1c, 0x22, 0xff}},
    {12069335u, 0x0cf003e6u, 8u, {0xf0, 0x51, 0x17, 0xff, 0xff, 0xff, 0xff, 0xff}},
    {12071601u, 0x18f009e6u, 8u, {0x2d, 0x7f, 0x60, 0xef, 0x7e, 0x8f, 0x84, 0xff}},
    {12074325u, 0x0cf002e6u, 8u, {0xcd, 0xd8, 0x14, 0x00, 0xfc, 0x1c, 0x22, 0xff}},
    {12074897u, 0x0cf004e6u, 8u, {0xf1, 0x94, 0x94, 0x35, 0x22, 0xff, 0xff, 0xff}},
    {12080400u, 0x18f009e6u, 8u, {0x2d, 0x7f, 0x60, 0xf7, 0x7e, 0x97, 0x83, 0xff}},
    {12084958u, 0x0cf002e6u, 8u, {0xcd, 0xd8, 0x14, 0x00, 0xfc, 0x2a, 0x22, 0xff}},
    {12085488u, 0x18f005e6u, 8u, {0x87, 0x5f, 0x06, 0x87, 0x20, 0x41, 0x31, 0x30}},
    {12089977u, 0x18f009e6u, 8u, {0x2d, 0x7f, 0x60, 0xfb, 0x7e, 0xa7, 0x82, 0xff}},
    {12094292u, 0x0cf002e6u, 8u, {0xcd, 0xd8, 0x14, 0x00, 0xfc, 0x2a, 0x22, 0xff}},
    {12094842u, 0x0cf004e6u, 8u, {0xf1, 0x94, 0x94, 0x35, 0x22, 0xff, 0xff, 0xff}},
    {12095426u, 0x0cfe6ce6u, 8u, {0x4b, 0x10, 0xc0, 0xc0, 0xd8, 0x14, 0xcc, 0x2b}},
    {12100699u, 0x18f009e6u, 8u, {0x2d, 0x7f, 0x60, 0xfb, 0x7e, 0x0f, 0x82, 0xff}},
    {12101702u, 0x18fef1e6u, 8u, {0xf3, 0xb3, 0x2b, 0xc0, 0x00, 0xff, 0xe0, 0xff}},
    {12105166u, 0x0cf002e6u, 8u, {0xcd, 0xd8, 0x14, 0x00, 0xfc, 0x0e, 0x22, 0xff}},
    {12106219u, 0x18fef2e6u, 8u, {0x20, 0x01, 0xff, 0xff, 0xff, 0xff, 0xff, 0xff}},
    {12109948u, 0x18f009e6u, 8u, {0x2d, 0x7f, 0x60, 0xfb, 0x7e, 0x67, 0x82, 0xff}},
    {12114214u, 0x0cf002e6u, 8u, {0xcd, 0xd8, 0x14, 0x00, 0xfc, 0x0e, 0x22, 0xff}},
    {12114770u, 0x0cf004e6u, 8u, {0xf1, 0x94, 0x94, 0x1c, 0x22, 0xff, 0xff, 0xff}},
    {12119391u, 0x0cf003e6u, 8u, {0xf0, 0x51, 0x17, 0xff, 0xff, 0xff, 0xff, 0xff}},
    {12121087u, 0x18f001e6u, 8u, {0xcf, 0x00, 0xcf, 0xff, 0xff, 0xff, 0xff, 0xff}},
    {12121599u, 0x18f009e6u, 8u, {0x2d, 0x7f, 0x60, 0xff, 0x7e, 0x67, 0x83, 0xff}},
    {12125023u, 0x0cf002e6u, 8u, {0xcd, 0xd8, 0x14, 0x00, 0xfc, 0x0c, 0x22, 0xff}},
    {12130402u, 0x18f009e6u, 8u, {0x2d, 0x7f, 0x60, 0xff, 0x7e, 0x9f, 0x84, 0xff}},
    {12134255u, 0x0cf002e6u, 8u, {0xcd, 0xd8, 0x14, 0x00, 0xfc, 0x0c, 0x22, 0xff}},
    {12134834u, 0x0cf004e6u, 8u, {0xf1, 0x94, 0x94, 0x04, 0x22, 0xff, 0xff, 0xff}},
    {12140456u, 0x18f009e6u, 8u, {0x2d, 0x7f, 0x60, 0xf7, 0x7e, 0xe7, 0x84, 0xff}},
    {12144951u, 0x0cf002e6u, 8u, {0xcd, 0xd8, 0x14, 0x00, 0xfc, 0x16, 0x22, 0xff}},
    {12145539u, 0x0cfe6ce6u, 8u, {0x4b, 0x10, 0xc0, 0xc0, 0xf0, 0x14, 0x00, 0x2c}},
    {12151075u, 0x18f009e6u, 8u, {0x2d, 0x7f, 0x60, 0xf3, 0x7e, 0x5f, 0x84, 0xff}},
    {12154326u, 0x0cf002e6u, 8u, {0xcd, 0xd8, 0x14, 0x00, 0xfc, 0x16, 0x22, 0xff}},
    {12154888u, 0x0cf004e6u, 8u, {0xf1, 0x94, 0x94, 0x0a, 0x22, 0xff, 0xff, 0xff}},
    {12160630u, 0x18f009e6u, 8u, {0x2d, 0x7f, 0x60, 0xf3, 0x7e, 0x5f, 0x83, 0xff}},
    {12165085u, 0x0cf002e6u, 8u, {0xcd, 0xd8, 0x14, 0x00, 0xfc, 0x0a, 0x22, 0xff}},
    {12169340u, 0x0cf003e6u, 8u, {0xf0, 0x50, 0x17, 0xff, 0xff, 0xff, 0xff, 0xff}},
    {12172156u, 0x18f009e6u, 8u, {0x2d, 0x7f, 0x60, 0xf7, 0x7e, 0x37, 0x82, 0xff}},
    {12174226u, 0x0cf002e6u, 8u, {0xcd, 0xe0, 0x14, 0x00, 0xfc, 0x0a, 0x22, 0xff}},
    {12174782u, 0x0cf004e6u, 8u, {0xf1, 0x94, 0x94, 0x12, 0x22, 0xff, 0xff, 0xff}},
    {12180522u, 0x18f009e6u, 8u, {0x2d, 0x7f, 0x60, 0xf3, 0x7e, 0x87, 0x81, 0xff}},
    {12184967u, 0x0cf002e6u, 8u, {0xcd, 0xe0, 0x14, 0x00, 0xfc, 0x25, 0x22, 0xff}},
    {12185503u, 0x18f005e6u, 8u, {0x87, 0x5f, 0x06, 0x87, 0x20, 0x41, 0x31, 0x30}},
    {12189880u, 0x18f009e6u, 8u, {0x2d, 0x7f, 0x60, 0xf7, 0x7e, 0x3f, 0x81, 0xff}},
    {12194442u, 0x0cf002e6u, 8u, {0xcd, 0xe0, 0x14, 0x00, 0xfc, 0x25, 0x22, 0xff}},
    {12195003u, 0x0cf004e6u, 8u, {0xf1, 0x94, 0x94, 0x10, 0x22, 0xff, 0xff, 0xff}},
    {12195550u, 0x0cfe6ce6u, 8u, {0x4b, 0x10, 0xc0, 0xc0, 0xe0, 0x14, 0xcc, 0x2b}},
    {12200538u, 0x18f009e6u, 8u, {0x2d, 0x7f, 0x60, 0xfb, 0x7e, 0xf7, 0x81, 0xff}},
    {12201582u, 0x18fef1e6u, 8u, {0xf3, 0xcc, 0x2b, 0xc0, 0x00, 0xff, 0xe0, 0xff}},
    {12205206u, 0x0cf002e6u, 8u, {0xcd, 0xe0, 0x14, 0x00, 0xfc, 0x01, 0x22, 0xff}},
    {12206284u, 0x18fef2e6u, 8u, {0x21, 0x01, 0xff, 0xff, 0xff, 0xff, 0xff, 0xff}},
    {12209935u, 0x18f009e6u, 8u, {0x2d, 0x7f, 0x60, 0xf7, 0x7e, 0xe7, 0x82, 0xff}},
    {12214172u, 0x0cf002e6u, 8u, {0xcd, 0xe0, 0x14, 0x00, 0xfc, 0x01, 0x22, 0xff}},
    {12214735u, 0x0cf004e6u, 8u, {0xf1, 0x94, 0x94, 0x13, 0x22, 0xff, 0xff, 0xff}},
    {12219611u, 0x0cf003e6u, 8u, {0xf0, 0x51, 0x17, 0xff, 0xff, 0xff, 0xff, 0xff}},
    {12221893u, 0x18f001e6u, 8u, {0xcf, 0x00, 0xcf, 0xff, 0xff, 0xff, 0xff, 0xff}},
    {12222444u, 0x18f009e6u, 8u, {0x2d, 0x7f, 0x60, 0xfb, 0x7e, 0xcf, 0x83, 0xff}},
    {12225214u, 0x0cf002e6u, 8u, {0xcd, 0xe0, 0x14, 0x00, 0xfc, 0x2d, 0x22, 0xff}},
    {12229958u, 0x18f009e6u, 8u, {0x2d, 0x7f, 0x60, 0xf7, 0x7e, 0x77, 0x84, 0xff}},
    {12234294u, 0x0cf002e6u, 8u, {0xcd, 0xe0, 0x14, 0x00, 0xfc, 0x2d, 0x22, 0xff}},
    {12234876u, 0x0cf004e6u, 8u, {0xf1, 0x94, 0x94, 0x13, 0x22, 0xff, 0xff, 0xff}},
    {12240652u, 0x18f009e6u, 8u, {0x2d, 0x7f, 0x60, 0xef, 0x7e, 0x07, 0x84, 0xff}},
    {12244946u, 0x0cf002e6u, 8u, {0xcd, 0xe0, 0x14, 0x00, 0xfc, 0x13, 0x22, 0xff}},
    {12245525u, 0x0cfe6ce6u, 8u, {0x4b, 0x10, 0xc0, 0xc0, 0xe0, 0x14, 0xcc, 0x2b}},
    {12251116u, 0x18f009e6u, 8u, {0x2d, 0x7f, 0x60, 0xe3, 0x7e, 0xd7, 0x82, 0xff}},
    {12254315u, 0x0cf002e6u, 8u, {0xcd, 0xe0, 0x14, 0x00, 0xfc, 0x13, 0x22, 0xff}},
    {12254897u, 0x0cf004e6u, 8u, {0xf1, 0x94, 0x94, 0x1e, 0x22, 0xff, 0xff, 0xff}},
    {12260616u, 0x18f009e6u, 8u, {0x2d, 0x7f, 0x60, 0xdf, 0x7e, 0x97, 0x81, 0xff}},
    {12265004u, 0x0cf002e6u, 8u, {0xcd, 0xe0, 0x14, 0x00, 0xfc, 0x39, 0x22, 0xff}},
    {12269336u, 0x0cf003e6u, 8u, {0xf0, 0x58, 0x18, 0xff, 0xff, 0xff, 0xff, 0xff}},
    {12271684u, 0x18f009e6u, 8u, {0x2d, 0x7f, 0x60, 0xdf, 0x7e, 0x0f, 0x81, 0xff}},
    {12274192u, 0x0cf002e6u, 8u, {0xcd, 0xe8, 0x14, 0x00, 0xfc, 0x39, 0x22, 0xff}},
    {12274787u, 0x0cf004e6u, 8u, {0xf1, 0x94, 0x94, 0x2c, 0x22, 0xff, 0xff, 0xff}},
    {12280444u, 0x18f009e6u, 8u, {0x2d, 0x7f, 0x60, 0xe7, 0x7e, 0x8f, 0x81, 0xff}},
    {12284951u, 0x0cf002e6u, 8u, {0xcd, 0xe8, 0x14, 0x00, 0xfc, 0x27, 0x22, 0xff}},
    {12285521u, 0x18f005e6u, 8u, {0x87, 0x5f, 0x06, 0x87, 0x20, 0x41, 0x31, 0x30}},
    {12289811u, 0x18f009e6u, 8u, {0x2d, 0x7f, 0x60, 0xef, 0x7e, 0xff, 0x82, 0xff}},
    {12294270u, 0x0cf002e6u, 8u, {0xcd, 0xe8, 0x14, 0x00, 0xfc, 0x27, 0x22, 0xff}},
    {12294811u, 0x0cf004e6u, 8u, {0xf1, 0x94, 0x94, 0x36, 0x22, 0xff, 0xff, 0xff}},
    {12295352u, 0x0cfe6ce6u, 8u, {0x4b, 0x10, 0xc0, 0xc0, 0xe8, 0x14, 0xe6, 0x2b}},
    {12300711u, 0x18f009e6u, 8u, {0x2d, 0x7f, 0x60, 0xfb, 0x7e, 0xd7, 0x83, 0xff}},
    {12301717u, 0x18fef1e6u, 8u, {0xf3, 0xcc, 0x2b, 0xc0, 0x00, 0xff, 0xe0, 0xff}},
    {12305157u, 0x0cf002e6u, 8u, {0xcd, 0xe8, 0x14, 0x00, 0xfc, 0x24, 0x22, 0xff}},
    {12308070u, 0x18fef2e6u, 8u, {0x22, 0x01, 0xff, 0xff, 0xff, 0xff, 0xff, 0xff}},
    {12309897u, 0x18f009e6u, 8u, {0x2d, 0x7f, 0x60, 0xff, 0x7e, 0xc7, 0x83, 0xff}},
    {12314398u, 0x0cf002e6u, 8u, {0xcd, 0xe8, 0x14, 0x00, 0xfc, 0x24, 0x22, 0xff}},
    {12314940u, 0x0cf004e6u, 8u, {0xf1, 0x95, 0x95, 0x34, 0x22, 0xff, 0xff, 0xff}},
    {12319273u, 0x0cf003e6u, 8u, {0xf0, 0x58, 0x18, 0xff, 0xff, 0xff, 0xff, 0xff}},
    {12320900u, 0x18f001e6u, 8u, {0xcf, 0x00, 0xcf, 0xff, 0xff, 0xff, 0xff, 0xff}},
    {12321442u, 0x18f009e6u, 8u, {0x2d, 0x7f, 0x60, 0xfb, 0x7e, 0xff, 0x82, 0xff}},
    {12324933u, 0x0cf002e6u, 8u, {0xcd, 0xe8, 0x14, 0x00, 0xfc, 0x25, 0x22, 0xff}},
    {12330503u, 0x18f009e6u, 8u, {0x2d, 0x7f, 0x60, 0xfb, 0x7e, 0xff, 0x81, 0xff}},
    {12334276u, 0x0cf002e6u, 8u, {0xcd, 0xe8, 0x14, 0x00, 0xfc, 0x25, 0x22, 0xff}},
    {12334866u, 0x0cf004e6u, 8u, {0xf1, 0x95, 0x95, 0x1f, 0x22, 0xff, 0xff, 0xff}},
    {12340464u, 0x18f009e6u, 8u, {0x2d, 0x7f, 0x60, 0xf7, 0x7e, 0x7f, 0x81, 0xff}},
    {12344991u, 0x0cf002e6u, 8u, {0xcd, 0xe8, 0x14, 0x00, 0xfc, 0x14, 0x22, 0xff}},
    {12345571u, 0x0cfe6ce6u, 8u, {0x4b, 0x10, 0xc0, 0xc0, 0xf0, 0x14, 0xe6, 0x2b}},
    {12351101u, 0x18f009e6u, 8u, {0x2d, 0x7f, 0x60, 0xef, 0x7e, 0x97, 0x81, 0xff}},
    {12354444u, 0x0cf002e6u, 8u, {0xcd, 0xe8, 0x14, 0x00, 0xfc, 0x14, 0x22, 0xff}},
    {12354990u, 0x0cf004e6u, 8u, {0xf1, 0x95, 0x95, 0x19, 0x22, 0xff, 0xff, 0xff}},
    {12360556u, 0x18f009e6u, 8u, {0x2d, 0x7f, 0x60, 0xe7, 0x7e, 0x1f, 0x82, 0xff}},
    {12365024u, 0x0cf002e6u, 8u, {0xcd, 0xe8, 0x14, 0x00, 0xfc, 0x37, 0x22, 0xff}},
    {12369345u, 0x0cf003e6u, 8u, {0xf0, 0x5a, 0x19, 0xff, 0xff, 0xff, 0xff, 0xff}},
    {12371576u, 0x18f009e6u, 8u, {0x2d, 0x7f, 0x60, 0xeb, 0x7e, 0xff, 0x82, 0xff}},
    {12374153u, 0x0cf002e6u, 8u, {0xcd, 0xf0, 0x14, 0x00, 0xfc, 0x37, 0x22, 0xff}},
    {12374700u, 0x0cf004e6u, 8u, {0xf1, 0x95, 0x95, 0x27, 0x22, 0xff, 0xff, 0xff}},
    {12380456u, 0x18f009e6u, 8u, {0x2d, 0x7f, 0x60, 0xef, 0x7e, 0x9f, 0x83, 0xff}},
    {12384928u, 0x0cf002e6u, 8u, {0xcd, 0xf0, 0x14, 0x00, 0xfc, 0x27, 0x22, 0xff}},
    {12385522u, 0x18f005e6u, 8u, {0x87, 0x5f, 0x06, 0x87, 0x20, 0x41, 0x31, 0x30}},
    {12389925u, 0x18f009e6u, 8u, {0x2d, 0x7f, 0x60, 0xf3, 0x7e, 0x9f, 0x83, 0xff}},
    {12394280u, 0x0cf002e6u, 8u, {0xcd, 0xf0, 0x14, 0x00, 0xfc, 0x27, 0x22, 0xff}},
    {12394830u, 0x0cf004e6u, 8u, {0xf1, 0x95, 0x95, 0x3a, 0x22, 0xff, 0xff, 0xff}},
    {12395365u, 0x0cfe6ce6u, 8u, {0x4b, 0x10, 0xc0, 0xc0, 0xf0, 0x14, 0xe6, 0x2b}},
    {12400650u, 0x18f009e6u, 8u, {0x2d, 0x7f, 0x60, 0xf7, 0x7e, 0x7f, 0x83, 0xff}},
    {12401743u, 0x18fef1e6u, 8u, {0xf3, 0xe6, 0x2b, 0xc0, 0x00, 0xff, 0xe0, 0xff}},
    {12405143u, 0x0cf002e6u, 8u, {0xcd, 0xf0, 0x14, 0x00, 0xfc, 0x47, 0x22, 0xff}},
    {12406381u, 0x18fef2e6u, 8u, {0x2b, 0x01, 0xff, 0xff, 0xff, 0xff, 0xff, 0xff}},
    {12409952u, 0x18f009e6u, 8u, {0x2b, 0x7f, 0x60, 0xff, 0x7e, 0x3f, 0x83, 0xff}},
    {12414206u, 0x0cf002e6u, 8u, {0xcd, 0xf0, 0x14, 0x00, 0xfc, 0x47, 0x22, 0xff}},
    {12414718u, 0x0cf004e6u, 8u, {0xf1, 0x96, 0x96, 0x38, 0x22, 0xff, 0xff, 0xff}},
    {12419393u, 0x0cf003e6u, 8u, {0xf0, 0x5c, 0x19, 0xff, 0xff, 0xff, 0xff, 0xff}},
    {12421074u, 0x18f001e6u, 8u, {0xcf, 0x00, 0xcf, 0xff, 0xff, 0xff, 0xff, 0xff}},
    {12421637u, 0x18f009e6u, 8u, {0x29, 0x7f, 0x60, 0x03, 0x7f, 0xbf, 0x82, 0xff}},
    {12424928u, 0x0cf002e6u, 8u, {0xcd, 0xf0, 0x14, 0x00, 0xfc, 0x2d, 0x22, 0xff}},
    {12429926u, 0x18f009e6u, 8u, {0x27, 0x7f, 0x60, 0x07, 0x7f, 0x0f, 0x83, 0xff}},
    {12434286u, 0x0cf002e6u, 8u, {0xcd, 0xf0, 0x14, 0x00, 0xfc, 0x2d, 0x22, 0xff}},
    {12434819u, 0x0cf004e6u, 8u, {0xf1, 0x96, 0x96, 0x3c, 0x22, 0xff, 0xff, 0xff}},
    {12440605u, 0x18f009e6u, 8u, {0x23, 0x7f, 0x60, 0x0b, 0x7f, 0x4f, 0x83, 0xff}},
    {12444954u, 0x0cf002e6u, 8u, {0xcd, 0xf0, 0x14, 0x00, 0xfc, 0x49, 0x22, 0xff}},
    {12445523u, 0x0cfe6ce6u, 8u, {0x4b, 0x10, 0xc0, 0xc0, 0xe8, 0x14, 0xe6, 0x2b}},
    {12451146u, 0x18f009e6u, 8u, {0x21, 0x7f, 0x60, 0x0b, 0x7f, 0x3f, 0x83, 0xff}},
    {12454380u, 0x0cf002e6u, 8u, {0xcd, 0xf0, 0x14, 0x00, 0xfc, 0x49, 0x22, 0xff}},
    {12454925u, 0x0cf004e6u, 8u, {0xf1, 0x96, 0x96, 0x3e, 0x22, 0xff, 0xff, 0xff}},
    {12460616u, 0x18f009e6u, 8u, {0x21, 0x7f, 0x60, 0x0f, 0x7f, 0xd7, 0x82, 0xff}},
    {12465061u, 0x0cf002e6u, 8u, {0xcd, 0xf0, 0x14, 0x00, 0xfc, 0x32, 0x22, 0xff}},
    {12469363u, 0x0cf003e6u, 8u, {0xf0, 0x5e, 0x1a, 0xff, 0xff, 0xff, 0xff, 0xff}},
    {12472222u, 0x18f009e6u, 8u, {0x1f, 0x7f, 0x60, 0x0f, 0x7f, 0x4f, 0x82, 0xff}},
    {12474681u, 0x0cf002e6u, 8u, {0xcd, 0xf8, 0x14, 0x00, 0xfc, 0x32, 0x22, 0xff}},
    {12475223u, 0x0cf004e6u, 8u, {0xf1, 0x96, 0x96, 0x39, 0x22, 0xff, 0xff, 0xff}},
    {12480380u, 0x18f009e6u, 8u, {0x1d, 0x7f, 0x60, 0x0b, 0x7f, 0x5f, 0x82, 0xff}},
    {12485049u, 0x0cf002e6u, 8u, {0xcd, 0xf8, 0x14, 0x00, 0xfc, 0x46, 0x22, 0xff}},
    {12486750u, 0x18f005e6u, 8u, {0x87, 0x5f, 0x06, 0x87, 0x20, 0x41, 0x31, 0x30}},
    {12489886u, 0x18f009e6u, 8u, {0x1d, 0x7f, 0x60, 0x03, 0x7f, 0x8f, 0x82, 0xff}},
    {12494321u, 0x0cf002e6u, 8u, {0xcd, 0xf8, 0x14, 0x00, 0xfc, 0x46, 0x22, 0xff}},
    {12494911u, 0x0cf004e6u, 8u, {0xf1, 0x97, 0x97, 0x44, 0x22, 0xff, 0xff, 0xff}},
    {12495463u, 0x0cfe6ce6u, 8u, {0x4b, 0x10, 0xc0, 0xc0, 0xf8, 0x14, 0x00, 0x2c}},
    {12500554u, 0x18f009e6u, 8u, {0x1b, 0x7f, 0x60, 0x03, 0x7f, 0xb7, 0x82, 0xff}},
    {12501667u, 0x18fef1e6u, 8u, {0xf3, 0xe6, 0x2b, 0xc0, 0x00, 0xff, 0xe0, 0xff}},
    {12505110u, 0x0cf002e6u, 8u, {0xcd, 0xf8, 0x14, 0x00, 0xfc, 0x43, 0x22, 0xff}},
    {12506319u, 0x18fef2e6u, 8u, {0x36, 0x01, 0xff, 0xff, 0xff, 0xff, 0xff, 0xff}},
    {12510079u, 0x18f009e6u, 8u, {0x1b, 0x7f, 0x60, 0x03, 0x7f, 0xb7, 0x82, 0xff}},
    {12514218u, 0x0cf002e6u, 8u, {0xcd, 0xf8, 0x14, 0x00, 0xfc, 0x43, 0x22, 0xff}},
    {12514767u, 0x0cf004e6u, 8u, {0xf1, 0x97, 0x97, 0x47, 0x22, 0xff, 0xff, 0xff}},
    {12519383u, 0x0cf003e6u, 8u, {0xf0, 0x61, 0x1a, 0xff, 0xff, 0xff, 0xff, 0xff}},
    {12521024u, 0x18f001e6u, 8u, {0xcf, 0x00, 0xcf, 0xff, 0xff, 0xff, 0xff, 0xff}},
    {12521588u, 0x18f009e6u, 8u, {0x1b, 0x7f, 0x60, 0x07, 0x7f, 0xa7, 0x82, 0xff}},
    {12525005u, 0x0cf002e6u, 8u, {0xcd, 0xf8, 0x14, 0x00, 0xfc, 0x2b, 0x22, 0xff}},
    {12530468u, 0x18f009e6u, 8u, {0x1b, 0x7f, 0x60, 0x07, 0x7f, 0x47, 0x82, 0xff}},
    {12534259u, 0x0cf002e6u, 8u, {0xcd, 0xf8, 0x14, 0x00, 0xfc, 0x2b, 0x22, 0xff}},
    {12534837u, 0x0cf004e6u, 8u, {0xf1, 0x97, 0x97, 0x42, 0x22, 0xff, 0xff, 0xff}},
    {12540664u, 0x18f009e6u, 8u, {0x1b, 0x7f, 0x60, 0x03, 0x7f, 0x1f, 0x82, 0xff}},
    {12545077u, 0x0cf002e6u, 8u, {0xcd, 0xf8, 0x14, 0x00, 0xfc, 0x38, 0x22, 0xff}},
    {12545522u, 0x0cfe6ce6u, 8u, {0x4b, 0x10, 0xc0, 0xc0, 0xf8, 0x14, 0x00, 0x2c}},
    {12551119u, 0x18f009e6u, 8u, {0x1b, 0x7f, 0x60, 0xff, 0x7e, 0x67, 0x82, 0xff}},
    {12554409u, 0x0cf002e6u, 8u, {0xcd, 0xf8, 0x14, 0x00, 0xfc, 0x38, 0x22, 0xff}},
    {12554921u, 0x0cf004e6u, 8u, {0xf1, 0x98, 0x98, 0x2e, 0x22, 0xff, 0xff, 0xff}},
    {12560540u, 0x18f009e6u, 8u, {0x1b, 0x7f, 0x60, 0xff, 0x7e, 0xaf, 0x82, 0xff}},
    {12564964u, 0x0cf002e6u, 8u, {0xcd, 0xf8, 0x14, 0x00, 0xfc, 0x1e, 0x22, 0xff}},
    {12569280u, 0x0cf003e6u, 8u, {0xf0, 0x62, 0x1c, 0xff, 0xff, 0xff, 0xff, 0xff}},
    {12571591u, 0x18f009e6u, 8u, {0x1b, 0x7f, 0x60, 0x0b, 0x7f, 0xef, 0x82, 0xff}},
    {12574232u, 0x0cf002e6u, 8u, {0xcd, 0xf8, 0x14, 0x00, 0xfc, 0x1e, 0x22, 0xff}},
    {12574740u, 0x0cf004e6u, 8u, {0xf1, 0x98, 0x98, 0x21, 0x22, 0xff, 0xff, 0xff}},
    {12580435u, 0x18f009e6u, 8u, {0x1b, 0x7f, 0x60, 0x1b, 0x7f, 0x0f, 0x83, 0xff}},
    {12584954u, 0x0cf002e6u, 8u, {0xcd, 0xf8, 0x14, 0x01, 0xfc, 0x4e, 0x22, 0xff}},
    {12585527u, 0x18f005e6u, 8u, {0x87, 0x5f, 0x06, 0x87, 0x20, 0x41, 0x31, 0x30}},
    {12589873u, 0x18f009e6u, 8u, {0x1b, 0x7f, 0x60, 0x23, 0x7f, 0xaf, 0x83, 0xff}},
    {12594326u, 0x0cf002e6u, 8u, {0xcd, 0xf8, 0x14, 0x01, 0xfc, 0x4e, 0x22, 0xff}},
    {12594878u, 0x0cf004e6u, 8u, {0xf1, 0x98, 0x98, 0x32, 0x22, 0xff, 0xff, 0xff}},
    {12595424u, 0x0cfe6ce6u, 8u, {0x4b, 0x10, 0xc0, 0xc0, 0xf8, 0x14, 0x00, 0x2c}},
    {12600563u, 0x18f009e6u, 8u, {0x1b, 0x7f, 0x60, 0x1f, 0x7f, 0x37, 0x84, 0xff}},
    {12601604u, 0x18fef1e6u, 8u, {0xf3, 0x00, 0x2c, 0xc0, 0x00, 0xff, 0xe0, 0xff}},
    {12605041u, 0x0cf002e6u, 8u, {0xcd, 0xf8, 0x14, 0x00, 0xfc, 0x36, 0x22, 0xff}},
    {12606282u, 0x18fef2e6u, 8u, {0x47, 0x01, 0xff, 0xff, 0xff, 0xff, 0xff, 0xff}},
    {12609987u, 0x18f009e6u, 8u, {0x1b, 0x7f, 0x60, 0x17, 0x7f, 0xe7, 0x83, 0xff}},
    {12614500u, 0x0cf002e6u, 8u, {0xcd, 0xf8, 0x14, 0x00, 0xfc, 0x36, 0x22, 0xff}},
    {12615052u, 0x0cf004e6u, 8u, {0xf1, 0x99, 0x99, 0x4d, 0x22, 0xff, 0xff, 0xff}},
    {12619346u, 0x0cf003e6u, 8u, {0xf0, 0x61, 0x1c, 0xff, 0xff, 0xff, 0xff, 0xff}},
    {12621041u, 0x18f001e6u, 8u, {0xcf, 0x00, 0xcf, 0xff, 0xff, 0xff, 0xff, 0xff}},
    {12621557u, 0x18f009e6u, 8u, {0x1b, 0x7f, 0x60, 0x0b, 0x7f, 0xf7, 0x82, 0xff}},
    {12624927u, 0x0cf002e6u, 8u, {0xcd, 0xf8, 0x14, 0x00, 0xfc, 0x65, 0x22, 0xff}},
    {12629938u, 0x18f009e6u, 8u, {0x1b, 0x7f, 0x60, 0x03, 0x7f, 0x87, 0x82, 0xff}},
    {12634245u, 0x0cf002e6u, 8u, {0xcd, 0xf8, 0x14, 0x00, 0xfc, 0x65, 0x22, 0xff}},
    {12634790u, 0x0cf004e6u, 8u, {0xf1, 0x99, 0x99, 0x57, 0x22, 0xff, 0xff, 0xff}},
    {12640487u, 0x18f009e6u, 8u, {0x1b, 0x7f, 0x60, 0xff, 0x7e, 0xe7, 0x82, 0xff}},
    {12644976u, 0x0cf002e6u, 8u, {0xcd, 0xf8, 0x14, 0x00, 0xfc, 0x5c, 0x22, 0xff}},
    {12645551u, 0x0cfe6ce6u, 8u, {0x4b, 0x10, 0xc0, 0xc0, 0xf8, 0x14, 0x00, 0x2c}},
    {12651192u, 0x18f009e6u, 8u, {0x1b, 0x7f, 0x60, 0x0b, 0x7f, 0x47, 0x83, 0xff}},
    {12654308u, 0x0cf002e6u, 8u, {0xcd, 0xf8, 0x14, 0x00, 0xfc, 0x5c, 0x22, 0xff}},
    {12654926u, 0x0cf004e6u, 8u, {0xf1, 0x99, 0x99, 0x64, 0x22, 0xff, 0xff, 0xff}},
    {12660652u, 0x18f009e6u, 8u, {0x1b, 0x7f, 0x60, 0x17, 0x7f, 0x7f, 0x83, 0xff}},
    {12665045u, 0x0cf002e6u, 8u, {0xcd, 0xf8, 0x14, 0x00, 0xfc, 0x76, 0x22, 0xff}},
    {12669345u, 0x0cf003e6u, 8u, {0xf0, 0x62, 0x1c, 0xff, 0xff, 0xff, 0xff, 0xff}},
    {12672146u, 0x18f009e6u, 8u, {0x1b, 0x7f, 0x60, 0x17, 0x7f, 0x37, 0x83, 0xff}},
    {12674302u, 0x0cf002e6u, 8u, {0xcd, 0x08, 0x15, 0x00, 0xfc, 0x76, 0x22, 0xff}},
    {12674845u, 0x0cf004e6u, 8u, {0xf1, 0x99, 0x99, 0x75, 0x22, 0xff, 0xff, 0xff}},
    {12680476u, 0x18f009e6u, 8u, {0x1b, 0x7f, 0x60, 0x0f, 0x7f, 0x47, 0x83, 0xff}},
    {12685016u, 0x0cf002e6u, 8u, {0xcd, 0x08, 0x15, 0x00, 0xfc, 0x6f, 0x22, 0xff}},
    {12685580u, 0x18f005e6u, 8u, {0x87, 0x5f, 0x06, 0x87, 0x20, 0x41, 0x31, 0x30}},
    {12690002u, 0x18f009e6u, 8u, {0x1b, 0x7f, 0x60, 0x0b, 0x7f, 0x67, 0x83, 0xff}},
    {12694327u, 0x0cf002e6u, 8u, {0xcd, 0x08, 0x15, 0x00, 0xfc, 0x6f, 0x22, 0xff}},
    {12694895u, 0x0cf004e6u, 8u, {0xf1, 0x99, 0x99, 0x73, 0x22, 0xff, 0xff, 0xff}},
    {12695464u, 0x0cfe6ce6u, 8u, {0x4b, 0x10, 0xc0, 0xc0, 0x08, 0x15, 0x33, 0x2c}},
    {12700577u, 0x18f009e6u, 8u, {0x1b, 0x7f, 0x60, 0x0b, 0x7f, 0xe7, 0x82, 0xff}},
    {12701647u, 0x18fef1e6u, 8u, {0xf3, 0x00, 0x2c, 0xc0, 0x00, 0xff, 0xe0, 0xff}},
    {12705182u, 0x0cf002e6u, 8u, {0xcd, 0x08, 0x15, 0x00, 0xfc, 0x6c, 0x22, 0xff}},
    {12706320u, 0x18fef2e6u, 8u, {0x59, 0x01, 0xff, 0xff, 0xff, 0xff, 0xff, 0xff}},
    {12709966u, 0x18f009e6u, 8u, {0x1b, 0x7f, 0x60, 0x13, 0x7f, 0x2f, 0x82, 0xff}},
    {12714327u, 0x0cf002e6u, 8u, {0xcd, 0x08, 0x15, 0x00, 0xfc, 0x6c, 0x22, 0xff}},
    {12714908u, 0x0cf004e6u, 8u, {0xf1, 0x99, 0x99, 0x80, 0x22, 0xff, 0xff, 0xff}},
    {12719387u, 0x0cf003e6u, 8u, {0xf0, 0x62, 0x1d, 0xff, 0xff, 0xff, 0xff, 0xff}},
    {12721140u, 0x18f001e6u, 8u, {0xcf, 0x00, 0xcf, 0xff, 0xff, 0xff, 0xff, 0xff}},
    {12721629u, 0x18f009e6u, 8u, {0x1b, 0x7f, 0x60, 0x1b, 0x7f, 0x5f, 0x82, 0xff}},
    {12724980u, 0x0cf002e6u, 8u, {0xcd, 0x08, 0x15, 0x00, 0xfc, 0x78, 0x22, 0xff}},
    {12730498u, 0x18f009e6u, 8u, {0x1b, 0x7f, 0x60, 0x1f, 0x7f, 0x8f, 0x83, 0xff}},
    {12734454u, 0x0cf002e6u, 8u, {0xcd, 0x08, 0x15, 0x00, 0xfc, 0x78, 0x22, 0xff}},
    {12735015u, 0x0cf004e6u, 8u, {0xf1, 0x99, 0x99, 0x7a, 0x22, 0xff, 0xff, 0xff}},
    {12740480u, 0x18f009e6u, 8u, {0x1b, 0x7f, 0x60, 0x1f, 0x7f, 0xbf, 0x84, 0xff}},
    {12744942u, 0x0cf002e6u, 8u, {0xcd, 0x08, 0x15, 0x00, 0xfc, 0x4d, 0x22, 0xff}},
    {12745531u, 0x0cfe6ce6u, 8u, {0x4b, 0x10, 0xc0, 0xc0, 0x18, 0x15, 0x33, 0x2c}},
    {12751170u, 0x18f009e6u, 8u, {0x1b, 0x7f, 0x60, 0x23, 0x7f, 0xd7, 0x84, 0xff}},
    {12754442u, 0x0cf002e6u, 8u, {0xcd, 0x08, 0x15, 0x00, 0xfc, 0x4d, 0x22, 0xff}},
    {12755020u, 0x0cf004e6u, 8u, {0xf1, 0x9a, 0x9a, 0x55, 0x22, 0xff, 0xff, 0xff}},
    {12760580u, 0x18f009e6u, 8u, {0x1b, 0x7f, 0x60, 0x23, 0x7f, 0x4f, 0x84, 0xff}},
    {12765180u, 0x0cf002e6u, 8u, {0xcd, 0x08, 0x15, 0x00, 0xfc, 0x6a, 0x22, 0xff}},
    {12769264u, 0x0cf003e6u, 8u, {0xf0, 0x62, 0x1d, 0xff, 0xff, 0xff, 0xff, 0xff}},
    {12771605u, 0x18f009e6u, 8u, {0x1b, 0x7f, 0x60, 0x1f, 0x7f, 0xff, 0x83, 0xff}},
    {12774168u, 0x0cf002e6u, 8u, {0xcd, 0x18, 0x15, 0x00, 0xfc, 0x6a, 0x22, 0xff}},
    {12774780u, 0x0cf004e6u, 8u, {0xf1, 0x9a, 0x9a, 0x50, 0x22, 0xff, 0xff, 0xff}},
    {12780554u, 0x18f009e6u, 8u, {0x1b, 0x7f, 0x60, 0x13, 0x7f, 0x9f, 0x83, 0xff}},
    {12784990u, 0x0cf002e6u, 8u, {0xcd, 0x18, 0x15, 0x00, 0xfc, 0x41, 0x22, 0xff}},
    {12785574u, 0x18f005e6u, 8u, {0x87, 0x5f, 0x06, 0x87, 0x20, 0x41, 0x31, 0x30}},
    {12789931u, 0x18f009e6u, 8u, {0x1b, 0x7f, 0x60, 0x13, 0x7f, 0x17, 0x83, 0xff}},
    {12794357u, 0x0cf002e6u, 8u, {0xcd, 0x18, 0x15, 0x00, 0xfc, 0x41, 0x22, 0xff}},
    {12794972u, 0x0cf004e6u, 8u, {0xf1, 0x9a, 0x9a, 0x4f, 0x22, 0xff, 0xff, 0xff}},
    {12795494u, 0x0cfe6ce6u, 8u, {0x4b, 0x10, 0xc0, 0xc0, 0x18, 0x15, 0x33, 0x2c}},
    {12800586u, 0x18f009e6u, 8u, {0x1b, 0x7f, 0x60, 0x13, 0x7f, 0x27, 0x82, 0xff}},
    {12801568u, 0x18fef1e6u, 8u, {0xf3, 0x33, 0x2c, 0xc0, 0x00, 0xff, 0xe0, 0xff}},
    {12805091u, 0x0cf002e6u, 8u, {0xcd, 0x18, 0x15, 0x01, 0xfc, 0x77, 0x22, 0xff}},
    {12806292u, 0x18fef2e6u, 8u, {0x65, 0x01, 0xff, 0xff, 0xff, 0xff, 0xff, 0xff}},
    {12810052u, 0x18f009e6u, 8u, {0x1b, 0x7f, 0x60, 0x0f, 0x7f, 0x0f, 0x82, 0xff}},
    {12814215u, 0x0cf002e6u, 8u, {0xcd, 0x18, 0x15, 0x01, 0xfc, 0x77, 0x22, 0xff}},
    {12814801u, 0x0cf004e6u, 8u, {0xf1, 0x9a, 0x9a, 0x5a, 0x22, 0xff, 0xff, 0xff}},
    {12819423u, 0x0cf003e6u, 8u, {0xf0, 0x63, 0x1e, 0xff, 0xff, 0xff, 0xff, 0xff}},
    {12821067u, 0x18f001e6u, 8u, {0xcf, 0x00, 0xcf, 0xff, 0xff, 0xff, 0xff, 0xff}},
    {12821614u, 0x18f009e6u, 8u, {0x1b, 0x7f, 0x60, 0x0b, 0x7f, 0x27, 0x83, 0xff}},
    {12824977u, 0x0cf002e6u, 8u, {0xcd, 0x18, 0x15, 0x00, 0xfc, 0x5f, 0x22, 0xff}},
    {12829929u, 0x18f009e6u, 8u, {0x1b, 0x7f, 0x60, 0x13, 0x7f, 0x7f, 0x84, 0xff}},
    {12834248u, 0x0cf002e6u, 8u, {0xcd, 0x18, 0x15, 0x00, 0xfc, 0x5f, 0x22, 0xff}},
    {12834820u, 0x0cf004e6u, 8u, {0xf1, 0x9a, 0x9a, 0x73, 0x22, 0xff, 0xff, 0xff}},
    {12840695u, 0x18f009e6u, 8u, {0x1b, 0x7f, 0x60, 0x1b, 0x7f, 0xaf, 0x84, 0xff}},
    {12845020u, 0x0cf002e6u, 8u, {0xcd, 0x18, 0x15, 0x00, 0xfc, 0x90, 0x22, 0xff}},
    {12845509u, 0x0cfe6ce6u, 8u, {0x4b, 0x10, 0xc0, 0xc0, 0x10, 0x15, 0x33, 0x2c}},
    {12851178u, 0x18f009e6u, 8u, {0x1b, 0x7f, 0x60, 0x1f, 0x7f, 0x87, 0x83, 0xff}},
    {12854314u, 0x0cf002e6u, 8u, {0xcd, 0x18, 0x15, 0x00, 0xfc, 0x90, 0x22, 0xff}},
    {12854887u, 0x0cf004e6u, 8u, {0xf1, 0x9a, 0x9a, 0x79, 0x22, 0xff, 0xff, 0xff}},
    {12860690u, 0x18f009e6u, 8u, {0x1b, 0x7f, 0x60, 0x1b, 0x7f, 0xc7, 0x82, 0xff}},
    {12864972u, 0x0cf002e6u, 8u, {0xcd, 0x18, 0x15, 0x00, 0xfc, 0x84, 0x22, 0xff}},
    {12869384u, 0x0cf003e6u, 8u, {0xf0, 0x63, 0x1e, 0xff, 0xff, 0xff, 0xff, 0xff}},
    {12871718u, 0x18f009e6u, 8u, {0x1b, 0x7f, 0x60, 0x13, 0x7f, 0x5f, 0x83, 0xff}},
    {12874332u, 0x0cf002e6u, 8u, {0xcd, 0x10, 0x15, 0x00, 0xfc, 0x84, 0x22, 0xff}},
    {12874885u, 0x0cf004e6u, 8u, {0xf1, 0x9a, 0x9a, 0x84, 0x22, 0xff, 0xff, 0xff}},
    {12880524u, 0x18f009e6u, 8u, {0x1b, 0x7f, 0x60, 0x07, 0x7f, 0x8f, 0x84, 0xff}},
    {12884967u, 0x0cf002e6u, 8u, {0xcd, 0x10, 0x15, 0x00, 0xfc, 0x8a, 0x22, 0xff}},
    {12885546u, 0x18f005e6u, 8u, {0x87, 0x5f, 0x06, 0x87, 0x20, 0x41, 0x31, 0x30}},
    {12889873u, 0x18f009e6u, 8u, {0x1b, 0x7f, 0x60, 0xff, 0x7e, 0x7f, 0x84, 0xff}},
    {12894372u, 0x0cf002e6u, 8u, {0xcd, 0x10, 0x15, 0x00, 0xfc, 0x8a, 0x22, 0xff}},
    {12894986u, 0x0cf004e6u, 8u, {0xf1, 0x9a, 0x9a, 0x96, 0x22, 0xff, 0xff, 0xff}},
    {12895524u, 0x0cfe6ce6u, 8u, {0x4b, 0x10, 0xc0, 0xc0, 0x10, 0x15, 0x33, 0x2c}},
    {12900658u, 0x18f009e6u, 8u, {0x1b, 0x7f, 0x60, 0x03, 0x7f, 0xb7, 0x83, 0xff}},
    {12901788u, 0x18fef1e6u, 8u, {0xf3, 0x33, 0x2c, 0xc0, 0x00, 0xff, 0xe0, 0xff}},
    {12905118u, 0x0cf002e6u, 8u, {0xcd, 0x10, 0x15, 0x00, 0xfc, 0x8a, 0x22, 0xff}},
    {12906220u, 0x18fef2e6u, 8u, {0x70, 0x01, 0xff, 0xff, 0xff, 0xff, 0xff, 0xff}},
    {12910063u, 0x18f009e6u, 8u, {0x1b, 0x7f, 0x60, 0x13, 0x7f, 0x27, 0x83, 0xff}},
    {12914439u, 0x0cf002e6u, 8u, {0xcd, 0x10, 0x15, 0x00, 0xfc, 0x8a, 0x22, 0xff}},
    {12915020u, 0x0cf004e6u, 8u, {0xf1, 0x9a, 0x9a, 0x90, 0x22, 0xff, 0xff, 0xff}},
    {12919341u, 0x0cf003e6u, 8u, {0xf0, 0x63, 0x1e, 0xff, 0xff, 0xff, 0xff, 0xff}},
    {12921079u, 0x18f001e6u, 8u, {0xcf, 0x00, 0xcf, 0xff, 0xff, 0xff, 0xff, 0xff}},
    {12921643u, 0x18f009e6u, 8u, {0x1b, 0x7f, 0x60, 0x23, 0x7f, 0x37, 0x83, 0xff}},
    {12924909u, 0x0cf002e6u, 8u, {0xcd, 0x10, 0x15, 0x00, 0xfc, 0x80, 0x22, 0xff}},
    {12930607u, 0x18f009e6u, 8u, {0x1b, 0x7f, 0x60, 0x2b, 0x7f, 0x07, 0x84, 0xff}},
    {12934355u, 0x0cf002e6u, 8u, {0xcd, 0x10, 0x15, 0x00, 0xfc, 0x80, 0x22, 0xff}},
    {12934925u, 0x0cf004e6u, 8u, {0xf1, 0x9a, 0x9a, 0x9d, 0x22, 0xff, 0xff, 0xff}},
    {12940469u, 0x18f009e6u, 8u, {0x1b, 0x7f, 0x60, 0x23, 0x7f, 0x27, 0x84, 0xff}},
    {12944999u, 0x0cf002e6u, 8u, {0xcd, 0x10, 0x15, 0x00, 0xfc, 0x85, 0x22, 0xff}},
    {12945564u, 0x0cfe6ce6u, 8u, {0x4b, 0x10, 0xc0, 0xc0, 0x28, 0x15, 0x66, 0x2c}},
    {12951175u, 0x18f009e6u, 8u, {0x1b, 0x7f, 0x60, 0x1f, 0x7f, 0xd7, 0x83, 0xff}},
    {12954495u, 0x0cf002e6u, 8u, {0xcd, 0x10, 0x15, 0x00, 0xfc, 0x85, 0x22, 0xff}},
    {12955071u, 0x0cf004e6u, 8u, {0xf1, 0x9b, 0x9b, 0x73, 0x22, 0xff, 0xff, 0xff}},
    {12960583u, 0x18f009e6u, 8u, {0x1b, 0x7f, 0x60, 0x13, 0x7f, 0x97, 0x83, 0xff}},
    {12965051u, 0x0cf002e6u, 8u, {0xcd, 0x10, 0x15, 0x00, 0xfc, 0x51, 0x22, 0xff}},
    {12969323u, 0x0cf003e6u, 8u, {0xf0, 0x64, 0x1e, 0xff, 0xff, 0xff, 0xff, 0xff}},
    {12972192u, 0x18f009e6u, 8u, {0x1b, 0x7f, 0x60, 0x13, 0x7f, 0xb7, 0x83, 0xff}},
    {12974344u, 0x0cf002e6u, 8u, {0xcd, 0x28, 0x15, 0x00, 0xfc, 0x51, 0x22, 0xff}},
    {12974965u, 0x0cf004e6u, 8u, {0xf1, 0x9b, 0x9b, 0x5a, 0x22, 0xff, 0xff, 0xff}},
    {12980487u, 0x18f009e6u, 8u, {0x1b, 0x7f, 0x60, 0x13, 0x7f, 0xcf, 0x83, 0xff}},
    {12985083u, 0x0cf002e6u, 8u, {0xcd, 0x28, 0x15, 0x00, 0xfc, 0x69, 0x22, 0xff}},
    {12985631u, 0x18f005e6u, 8u, {0x87, 0x5f, 0x06, 0x87, 0x20, 0x41, 0x31, 0x30}},
    {12989950u, 0x18f009e6u, 8u, {0x1b, 0x7f, 0x60, 0x13, 0x7f, 0xe7, 0x83, 0xff}},
    {12994381u, 0x0cf002e6u, 8u, {0xcd, 0x28, 0x15, 0x00, 0xfc, 0x69, 0x22, 0xff}},
    {12994934u, 0x0cf004e6u, 8u, {0xf1, 0x9b, 0x9b, 0x4b, 0x22, 0xff, 0xff, 0xff}},
    {12995507u, 0x0cfe6ce6u, 8u, {0x4b, 0x10, 0xc0, 0xc0, 0x28, 0x15, 0x66, 0x2c}},
    {13000650u, 0x18f009e6u, 8u, {0x1b, 0x7f, 0x60, 0x1b, 0x7f, 0xd7, 0x83, 0xff}},
    {13001766u, 0x18fef1e6u, 8u, {0xf3, 0x33, 0x2c, 0xc0, 0x00, 0xff, 0xe0, 0xff}},
    {13005175u, 0x0cf002e6u, 8u, {0xcd, 0x28, 0x15, 0x00, 0xfc, 0x3f, 0x22, 0xff}},
    {13006325u, 0x18fef2e6u, 8u, {0x75, 0x01, 0xff, 0xff, 0xff, 0xff, 0xff, 0xff}},
    {13009943u, 0x18f009e6u, 8u, {0x1b, 0x7f, 0x60, 0x27, 0x7f, 0xaf, 0x83, 0xff}},
    {13014190u, 0x0cf002e6u, 8u, {0xcd, 0x28, 0x15, 0x00, 0xfc, 0x3f, 0x22, 0xff}},
    {13014766u, 0x0cf004e6u, 8u, {0xf1, 0x9b, 0x9b, 0x4c, 0x22, 0xff, 0xff, 0xff}},
    {13019386u, 0x0cf003e6u, 8u, {0xf0, 0x63, 0x1e, 0xff, 0xff, 0xff, 0xff, 0xff}},
    {13021122u, 0x18f001e6u, 8u, {0xcf, 0x00, 0xcf, 0xff, 0xff, 0xff, 0xff, 0xff}},
    {13021694u, 0x18f009e6u, 8u, {0x1b, 0x7f, 0x60, 0x2b, 0x7f, 0xbf, 0x83, 0xff}},
    {13024923u, 0x0cf002e6u, 8u, {0xcd, 0x28, 0x15, 0x01, 0xfc, 0x73, 0x22, 0xff}},
    {13029984u, 0x18f009e6u, 8u, {0x1b, 0x7f, 0x60, 0x2b, 0x7f, 0x97, 0x83, 0xff}},
    {13034851u, 0x0cf002e6u, 8u, {0xcd, 0x28, 0x15, 0x01, 0xfc, 0x73, 0x22, 0xff}},
    {13035368u, 0x0cf004e6u, 8u, {0xf1, 0x9b, 0x9b, 0x53, 0x22, 0xff, 0xff, 0xff}},
    {13040494u, 0x18f009e6u, 8u, {0x1b, 0x7f, 0x60, 0x1f, 0x7f, 0xd7, 0x83, 0xff}},
    {13045077u, 0x0cf002e6u, 8u, {0xcd, 0x28, 0x15, 0x00, 0xfc, 0x65, 0x22, 0xff}},
    {13045602u, 0x0cfe6ce6u, 8u, {0x4b, 0x10, 0xc0, 0xc0, 0x18, 0x15, 0x4c, 0x2c}},
    {13051205u, 0x18f009e6u, 8u, {0x1b, 0x7f, 0x60, 0x13, 0x7f, 0x2f, 0x84, 0xff}},
    {13054333u, 0x0cf002e6u, 8u, {0xcd, 0x28, 0x15, 0x00, 0xfc, 0x65, 0x22, 0xff}},
    {13054918u, 0x0cf004e6u, 8u, {0xf1, 0x9b, 0x9b, 0x69, 0x22, 0xff, 0xff, 0xff}},
    {13060617u, 0x18f009e6u, 8u, {0x1b, 0x7f, 0x60, 0x0b, 0x7f, 0xc7, 0x84, 0xff}},
    {13065129u, 0x0cf002e6u, 8u, {0xcd, 0x28, 0x15, 0x00, 0xfc, 0x7e, 0x22, 0xff}},
    {13069421u, 0x0cf003e6u, 8u, {0xf0, 0x63, 0x1e, 0xff, 0xff, 0xff, 0xff, 0xff}},
    {13071709u, 0x18f009e6u, 8u, {0x1b, 0x7f, 0x60, 0x07, 0x7f, 0x6f, 0x85, 0xff}},
    {13074294u, 0x0cf002e6u, 8u, {0xcd, 0x10, 0x15, 0x00, 0xfc, 0x7e, 0x22, 0xff}},
    {13074913u, 0x0cf004e6u, 8u, {0xf1, 0x9b, 0x9b, 0x6f, 0x22, 0xff, 0xff, 0xff}},
    {13080496u, 0x18f009e6u, 8u, {0x1b, 0x7f, 0x60, 0x0b, 0x7f, 0x9f, 0x85, 0xff}},
    {13084971u, 0x0cf002e6u, 8u, {0xcd, 0x10, 0x15, 0x00, 0xfc, 0x7e, 0x22, 0xff}},
    {13085532u, 0x18f005e6u, 8u, {0x87, 0x5f, 0x06, 0x87, 0x20, 0x41, 0x31, 0x30}},
    {13089908u, 0x18f009e6u, 8u, {0x1b, 0x7f, 0x60, 0x1b, 0x7f, 0x37, 0x85, 0xff}},
    {13094437u, 0x0cf002e6u, 8u, {0xcd, 0x10, 0x15, 0x00, 0xfc, 0x7e, 0x22, 0xff}},
    {13095036u, 0x0cf004e6u, 8u, {0xf1, 0x9b, 0x9b, 0x76, 0x22, 0xff, 0xff, 0xff}},
    {13095570u, 0x0cfe6ce6u, 8u, {0x4b, 0x10, 0xc0, 0xc0, 0x10, 0x15, 0x33, 0x2c}},
    {13100658u, 0x18f009e6u, 8u, {0x1b, 0x7f, 0x60, 0x2b, 0x7f, 0xef, 0x83, 0xff}},
    {13101800u, 0x18fef1e6u, 8u, {0xf3, 0x66, 0x2c, 0xc0, 0x00, 0xff, 0xe0, 0xff}},
    {13105363u, 0x0cf002e6u, 8u, {0xcd, 0x10, 0x15, 0x00, 0xfc, 0x90, 0x22, 0xff}},
    {13106473u, 0x18fef2e6u, 8u, {0x7b, 0x01, 0xff, 0xff, 0xff, 0xff, 0xff, 0xff}},
    {13110144u, 0x18f009e6u, 8u, {0x1b, 0x7f, 0x60, 0x2b, 0x7f, 0xd7, 0x82, 0xff}},
    {13114308u, 0x0cf002e6u, 8u, {0xcd, 0x10, 0x15, 0x00, 0xfc, 0x90, 0x22, 0xff}},
    {13114997u, 0x0cf004e6u, 8u, {0xf1, 0x9b, 0x9b, 0x90, 0x22, 0xff, 0xff, 0xff}},
    {13119333u, 0x0cf003e6u, 8u, {0xf0, 0x64, 0x1e, 0xff, 0xff, 0xff, 0xff, 0xff}},
    {13120945u, 0x18f001e6u, 8u, {0xcf, 0x00, 0xcf, 0xff, 0xff, 0xff, 0xff, 0xff}},
    {13121759u, 0x18f009e6u, 8u, {0x1b, 0x7f, 0x60, 0x1b, 0x7f, 0xcf, 0x82, 0xff}},
    {13124897u, 0x0cf002e6u, 8u, {0xcd, 0x10, 0x15, 0x00, 0xfc, 0xa4, 0x22, 0xff}},
    {13130718u, 0x18f009e6u, 8u, {0x1b, 0x7f, 0x60, 0x0f, 0x7f, 0xc7, 0x83, 0xff}},
    {13134190u, 0x0cf002e6u, 8u, {0xcd, 0x10, 0x15, 0x00, 0xfc, 0xa4, 0x22, 0xff}},
    {13134742u, 0x0cf004e6u, 8u, {0xf1, 0x9b, 0x9b, 0x98, 0x22, 0xff, 0xff, 0xff}},
    {13140459u, 0x18f009e6u, 8u, {0x1b, 0x7f, 0x60, 0x07, 0x7f, 0x17, 0x85, 0xff}},
    {13144812u, 0x0cf002e6u, 8u, {0xcd, 0x10, 0x15, 0x00, 0xfc, 0x94, 0x22, 0xff}},
    {13145357u, 0x0cfe6ce6u, 8u, {0x4b, 0x10, 0xc0, 0xc0, 0x20, 0x15, 0x4c, 0x2c}},
    {13151006u, 0x18f009e6u, 8u, {0x1b, 0x7f, 0x60, 0x03, 0x7f, 0xef, 0x85, 0xff}},
    {13154253u, 0x0cf002e6u, 8u, {0xcd, 0x10, 0x15, 0x00, 0xfc, 0x94, 0x22, 0xff}},
    {13154794u, 0x0cf004e6u, 8u, {0xf1, 0x9b, 0x9b, 0xae, 0x22, 0xff, 0xff, 0xff}},
    {13160393u, 0x18f009e6u, 8u, {0x1b, 0x7f, 0x60, 0x03, 0x7f, 0x2f, 0x86, 0xff}},
    {13164819u, 0x0cf002e6u, 8u, {0xcd, 0x10, 0x15, 0x00, 0xfc, 0xa4, 0x22, 0xff}},
    {13169267u, 0x0cf003e6u, 8u, {0xf0, 0x64, 0x1e, 0xff, 0xff, 0xff, 0xff, 0xff}},
    {13172113u, 0x18f009e6u, 8u, {0x1b, 0x7f, 0x60, 0x0b, 0x7f, 0x87, 0x85, 0xff}},
    {13174218u, 0x0cf002e6u, 8u, {0xcd, 0x30, 0x15, 0x00, 0xfc, 0xa4, 0x22, 0xff}},
    {13174769u, 0x0cf004e6u, 8u, {0xf1, 0x9b, 0x9b, 0x9a, 0x22, 0xff, 0xff, 0xff}},
    {13180402u, 0x18f009e6u, 8u, {0x1b, 0x7f, 0x60, 0x0b, 0x7f, 0x3f, 0x84, 0xff}},
    {13184942u, 0x0cf002e6u, 8u, {0xcd, 0x30, 0x15, 0x01, 0xfc, 0x76, 0x22, 0xff}},
    {13185511u, 0x18f005e6u, 8u, {0x87, 0x5f, 0x06, 0x87, 0x20, 0x41, 0x31, 0x30}},
    {13189825u, 0x18f009e6u, 8u, {0x1b, 0x7f, 0x60, 0x0b, 0x7f, 0x27, 0x83, 0xff}},
    {13194357u, 0x0cf002e6u, 8u, {0xcd, 0x30, 0x15, 0x01, 0xfc, 0x76, 0x22, 0xff}},
    {13194916u, 0x0cf004e6u, 8u, {0xf1, 0x9b, 0x9b, 0x88, 0x22, 0xff, 0xff, 0xff}},
    {13195464u, 0x0cfe6ce6u, 8u, {0x4b, 0x10, 0xc0, 0xc0, 0x30, 0x15, 0x80, 0x2c}},
    {13200579u, 0x18f009e6u, 8u, {0x1b, 0x7f, 0x60, 0x0b, 0x7f, 0xaf, 0x82, 0xff}},
    {13201612u, 0x18fef1e6u, 8u, {0xf3, 0x33, 0x2c, 0xc0, 0x00, 0xff, 0xe0, 0xff}},
    {13205131u, 0x0cf002e6u, 8u, {0xcd, 0x30, 0x15, 0x00, 0xfc, 0x8d, 0x22, 0xff}},
    {13206330u, 0x18fef2e6u, 8u, {0x7b, 0x01, 0xff, 0xff, 0xff, 0xff, 0xff, 0xff}},
    {13210035u, 0x18f009e6u, 8u, {0x1b, 0x7f, 0x60, 0x07, 0x7f, 0x0f, 0x83, 0xff}},
    {13214393u, 0x0cf002e6u, 8u, {0xcd, 0x30, 0x15, 0x00, 0xfc, 0x8d, 0x22, 0xff}},
    {13214939u, 0x0cf004e6u, 8u, {0xf1, 0x9b, 0x9b, 0x73, 0x22, 0xff, 0xff, 0xff}},
    {13219260u, 0x0cf003e6u, 8u, {0xf0, 0x65, 0x1f, 0xff, 0xff, 0xff, 0xff, 0xff}},
    {13221024u, 0x18f001e6u, 8u, {0xcf, 0x00, 0xcf, 0xff, 0xff, 0xff, 0xff, 0xff}},
    {13221580u, 0x18f009e6u, 8u, {0x1b, 0x7f, 0x60, 0x03, 0x7f, 0x17, 0x84, 0xff}},
    {13225489u, 0x0cf002e6u, 8u, {0xcd, 0x30, 0x15, 0x00, 0xfc, 0x6a, 0x22, 0xff}},
    {13229920u, 0x18f009e6u, 8u, {0x1b, 0x7f, 0x60, 0x03, 0x7f, 0xbf, 0x84, 0xff}},
    {13234348u, 0x0cf002e6u, 8u, {0xcd, 0x30, 0x15, 0x00, 0xfc, 0x6a, 0x22, 0xff}},
    {13234898u, 0x0cf004e6u, 8u, {0xf1, 0x9b, 0x9b, 0x70, 0x22, 0xff, 0xff, 0xff}},
    {13240452u, 0x18f009e6u, 8u, {0x1b, 0x7f, 0x60, 0x03, 0x7f, 0x67, 0x84, 0xff}},
    {13245013u, 0x0cf002e6u, 8u, {0xcd, 0x30, 0x15, 0x00, 0xfc, 0x94, 0x22, 0xff}},
    {13245555u, 0x0cfe6ce6u, 8u, {0x4b, 0x10, 0xc0, 0xc0, 0x30, 0x15, 0x80, 0x2c}},
    {13251126u, 0x18f009e6u, 8u, {0x1b, 0x7f, 0x60, 0xfb, 0x7e, 0x5f, 0x83, 0xff}},
    {13254321u, 0x0cf002e6u, 8u, {0xcd, 0x30, 0x15, 0x00, 0xfc, 0x94, 0x22, 0xff}},
    {13254870u, 0x0cf004e6u, 8u, {0xf1, 0x9b, 0x9b, 0x75, 0x22, 0xff, 0xff, 0xff}},
    {13260605u, 0x18f009e6u, 8u, {0x1b, 0x7f, 0x60, 0xf3, 0x7e, 0x87, 0x82, 0xff}},
    {13264954u, 0x0cf002e6u, 8u, {0xcd, 0x30, 0x15, 0x00, 0xfc, 0x7e, 0x22, 0xff}},
    {13269362u, 0x0cf003e6u, 8u, {0xf0, 0x65, 0x1f, 0xff, 0xff, 0xff, 0xff, 0xff}},
    {13271619u, 0x18f009e6u, 8u, {0x1b, 0x7f, 0x60, 0xeb, 0x7e, 0x67, 0x82, 0xff}},
    {13274355u, 0x0cf002e6u, 8u, {0xcd, 0x28, 0x15, 0x00, 0xfc, 0x7e, 0x22, 0xff}},
    {13274907u, 0x0cf004e6u, 8u, {0xf1, 0x9b, 0x9b, 0x86, 0x22, 0xff, 0xff, 0xff}},
    {13280532u, 0x18f009e6u, 8u, {0x1b, 0x7f, 0x60, 0xe7, 0x7e, 0x6f, 0x82, 0xff}},
    {13284849u, 0x0cf002e6u, 8u, {0xcd, 0x28, 0x15, 0x00, 0xfc, 0x95, 0x22, 0xff}},
    {13285442u, 0x18f005e6u, 8u, {0x87, 0x5f, 0x06, 0x87, 0x20, 0x41, 0x31, 0x30}},
    {13289911u, 0x18f009e6u, 8u, {0x1b, 0x7f, 0x60, 0xe7, 0x7e, 0xb7, 0x81, 0xff}},
    {13294327u, 0x0cf002e6u, 8u, {0xcd, 0x28, 0x15, 0x00, 0xfc, 0x95, 0x22, 0xff}},
    {13294870u, 0x0cf004e6u, 8u, {0xf1, 0x9b, 0x9b, 0x8f, 0x22, 0xff, 0xff, 0xff}},
    {13295405u, 0x0cfe6ce6u, 8u, {0x4b, 0x10, 0xc0, 0xc0, 0x28, 0x15, 0x66, 0x2c}},
    {13300569u, 0x18f009e6u, 8u, {0x1b, 0x7f, 0x60, 0xe7, 0x7e, 0x5f, 0x81, 0xff}},
    {13301680u, 0x18fef1e6u, 8u, {0xf3, 0x80, 0x2c, 0xc0, 0x00, 0xff, 0xe0, 0xff}},
    {13305109u, 0x0cf002e6u, 8u, {0xcd, 0x28, 0x15, 0x00, 0xfc, 0x95, 0x22, 0xff}},
    {13306266u, 0x18fef2e6u, 8u, {0x80, 0x01, 0xff, 0xff, 0xff, 0xff, 0xff, 0xff}},
    {13309950u, 0x18f009e6u, 8u, {0x1b, 0x7f, 0x60, 0xdb, 0x7e, 0xdf, 0x81, 0xff}},
    {13314334u, 0x0cf002e6u, 8u, {0xcd, 0x28, 0x15, 0x00, 0xfc, 0x95, 0x22, 0xff}},
    {13314875u, 0x0cf004e6u, 8u, {0xf1, 0x9b, 0x9b, 0x8f, 0x22, 0xff, 0xff, 0xff}},
    {13319324u, 0x0cf003e6u, 8u, {0xf0, 0x65, 0x1f, 0xff, 0xff, 0xff, 0xff, 0xff}},
    {13320929u, 0x18f001e6u, 8u, {0xcf, 0x00, 0xcf, 0xff, 0xff, 0xff, 0xff, 0xff}},
    {13321475u, 0x18f009e6u, 8u, {0x1b, 0x7f, 0x60, 0xd7, 0x7e, 0xff, 0x82, 0xff}},
    {13324945u, 0x0cf002e6u, 8u, {0xcd, 0x28, 0x15, 0x00, 0xfc, 0x94, 0x22, 0xff}},
    {13330475u, 0x18f009e6u, 8u, {0x1b, 0x7f, 0x60, 0xd7, 0x7e, 0xaf, 0x83, 0xff}},
    {13334284u, 0x0cf002e6u, 8u, {0xcd, 0x28, 0x15, 0x00, 0xfc, 0x94, 0x22, 0xff}},
    {13334879u, 0x0cf004e6u, 8u, {0xf1, 0x9c, 0x9c, 0x9f, 0x22, 0xff, 0xff, 0xff}},
    {13340483u, 0x18f009e6u, 8u, {0x1b, 0x7f, 0x60, 0xd7, 0x7e, 0x17, 0x83, 0xff}},
    {13345016u, 0x0cf002e6u, 8u, {0xcd, 0x28, 0x15, 0x00, 0xfc, 0xb3, 0x22, 0xff}},
    {13345555u, 0x0cfe6ce6u, 8u, {0x4b, 0x10, 0xc0, 0xc0, 0x28, 0x15, 0x66, 0x2c}},
    {13351233u, 0x18f009e6u, 8u, {0x1b, 0x7f, 0x60, 0xd7, 0x7e, 0x17, 0x82, 0xff}},
    {13354362u, 0x0cf002e6u, 8u, {0xcd, 0x28, 0x15, 0x00, 0xfc, 0xb3, 0x22, 0xff}},
    {13354909u, 0x0cf004e6u, 8u, {0xf1, 0x9b, 0x9b, 0xad, 0x22, 0xff, 0xff, 0xff}},
    {13360586u, 0x18f009e6u, 8u, {0x19, 0x7f, 0x60, 0xd7, 0x7e, 0xf7, 0x80, 0xff}},
    {13365137u, 0x0cf002e6u, 8u, {0xcd, 0x28, 0x15, 0x00, 0xfc, 0xa0, 0x22, 0xff}},
    {13369307u, 0x0cf003e6u, 8u, {0xf0, 0x65, 0x1f, 0xff, 0xff, 0xff, 0xff, 0xff}},
    {13371562u, 0x18f009e6u, 8u, {0x19, 0x7f, 0x60, 0xcf, 0x7e, 0x77, 0x80, 0xff}},
    {13374258u, 0x0cf002e6u, 8u, {0xcd, 0x30, 0x15, 0x00, 0xfc, 0xa0, 0x22, 0xff}},
    {13374802u, 0x0cf004e6u, 8u, {0xf1, 0x9b, 0x9b, 0xb3, 0x22, 0xff, 0xff, 0xff}},
    {13380472u, 0x18f009e6u, 8u, {0x19, 0x7f, 0x60, 0xc3, 0x7e, 0x77, 0x80, 0xff}},
    {13385011u, 0x0cf002e6u, 8u, {0xcd, 0x30, 0x15, 0x00, 0xfc, 0xb7, 0x22, 0xff}},
    {13385553u, 0x18f005e6u, 8u, {0x87, 0x5f, 0x06, 0x87, 0x20, 0x41, 0x31, 0x30}},
    {13389861u, 0x18f009e6u, 8u, {0x19, 0x7f, 0x60, 0xc3, 0x7e, 0x3f, 0x81, 0xff}},
    {13394369u, 0x0cf002e6u, 8u, {0xcd, 0x30, 0x15, 0x00, 0xfc, 0xb7, 0x22, 0xff}},
    {13394919u, 0x0cf004e6u, 8u, {0xf1, 0x9c, 0x9c, 0xa6, 0x22, 0xff, 0xff, 0xff}},
    {13395463u, 0x0cfe6ce6u, 8u, {0x4b, 0x10, 0xc0, 0xc0, 0x30, 0x15, 0x80, 0x2c}},
    {13400605u, 0x18f009e6u, 8u, {0x17, 0x7f, 0x60, 0xc7, 0x7e, 0x1f, 0x82, 0xff}},
    {13401717u, 0x18fef1e6u, 8u, {0xf3, 0x66, 0x2c, 0xc0, 0x00, 0xff, 0xe0, 0xff}},
    {13405095u, 0x0cf002e6u, 8u, {0xcd, 0x30, 0x15, 0x00, 0xfc, 0x93, 0x22, 0xff}},
    {13406283u, 0x18fef2e6u, 8u, {0x85, 0x01, 0xff, 0xff, 0xff, 0xff, 0xff, 0xff}},
    {13409958u, 0x18f009e6u, 8u, {0x17, 0x7f, 0x60, 0xcb, 0x7e, 0xc7, 0x82, 0xff}},
    {13414298u, 0x0cf002e6u, 8u, {0xcd, 0x30, 0x15, 0x00, 0xfc, 0x93, 0x22, 0xff}},
    {13414853u, 0x0cf004e6u, 8u, {0xf1, 0x9c, 0x9c, 0xa4, 0x22, 0xff, 0xff, 0xff}},
    {13419368u, 0x0cf003e6u, 8u, {0xf0, 0x65, 0x1f, 0xff, 0xff, 0xff, 0xff, 0xff}},
    {13421065u, 0x18f001e6u, 8u, {0xcf, 0x00, 0xcf, 0xff, 0xff, 0xff, 0xff, 0xff}},
    {13421616u, 0x18f009e6u, 8u, {0x17, 0x7f, 0x60, 0xc7, 0x7e, 0xc7, 0x82, 0xff}},
    {13424904u, 0x0cf002e6u, 8u, {0xcd, 0x30, 0x15, 0x00, 0xfc, 0xb8, 0x22, 0xff}},
    {13429897u, 0x18f009e6u, 8u, {0x17, 0x7f, 0x60, 0xcb, 0x7e, 0xf7, 0x81, 0xff}},
    {13434315u, 0x0cf002e6u, 8u, {0xcd, 0x30, 0x15, 0x00, 0xfc, 0xb8, 0x22, 0xff}},
    {13434854u, 0x0cf004e6u, 8u, {0xf1, 0x9c, 0x9c, 0x9e, 0x22, 0xff, 0xff, 0xff}},
    {13440582u, 0x18f009e6u, 8u, {0x17, 0x7f, 0x60, 0xc7, 0x7e, 0x5f, 0x81, 0xff}},
    {13444940u, 0x0cf002e6u, 8u, {0xcd, 0x30, 0x15, 0x00, 0xfc, 0xa4, 0x22, 0xff}},
    {13445479u, 0x0cfe6ce6u, 8u, {0x4b, 0x10, 0xc0, 0xc0, 0x40, 0x15, 0x99, 0x2c}},
    {13451150u, 0x18f009e6u, 8u, {0x17, 0x7f, 0x60, 0xc3, 0x7e, 0xdf, 0x80, 0xff}},
    {13454434u, 0x0cf002e6u, 8u, {0xcd, 0x30, 0x15, 0x00, 0xfc, 0xa4, 0x22, 0xff}},
    {13454985u, 0x0cf004e6u, 8u, {0xf1, 0x9c, 0x9c, 0xa5, 0x22, 0xff, 0xff, 0xff}},
    {13460547u, 0x18f009e6u, 8u, {0x17, 0x7f, 0x60, 0xbf, 0x7e, 0x7f, 0x80, 0xff}},
    {13464906u, 0x0cf002e6u, 8u, {0xcd, 0x30, 0x15, 0x00, 0xfc, 0xcd, 0x22, 0xff}},
    {13469347u, 0x0cf003e6u, 8u, {0xf0, 0x64, 0x1f, 0xff, 0xff, 0xff, 0xff, 0xff}},
    {13472176u, 0x18f009e6u, 8u, {0x17, 0x7f, 0x60, 0xbb, 0x7e, 0x1f, 0x80, 0xff}},
    {13474688u, 0x0cf002e6u, 8u, {0xcd, 0x40, 0x15, 0x00, 0xfc, 0xcd, 0x22, 0xff}},
    {13475242u, 0x0cf004e6u, 8u, {0xf1, 0x9c, 0x9c, 0xb5, 0x22, 0xff, 0xff, 0xff}},
    {13480452u, 0x18f009e6u, 8u, {0x17, 0x7f, 0x60, 0xc3, 0x7e, 0x47, 0x80, 0xff}},
    {13485090u, 0x0cf002e6u, 8u, {0xcd, 0x40, 0x15, 0x00, 0xfc, 0xb5, 0x22, 0xff}},
    {13485634u, 0x18f005e6u, 8u, {0x87, 0x5f, 0x06, 0x87, 0x20, 0x41, 0x31, 0x30}},
    {13489872u, 0x18f009e6u, 8u, {0x17, 0x7f, 0x60, 0xd3, 0x7e, 0x17, 0x81, 0xff}},
    {13494324u, 0x0cf002e6u, 8u, {0xcd, 0x40, 0x15, 0x00, 0xfc, 0xb5, 0x22, 0xff}},
    {13494874u, 0x0cf004e6u, 8u, {0xf1, 0x9b, 0x9b, 0xc2, 0x22, 0xff, 0xff, 0xff}},
    {13495413u, 0x0cfe6ce6u, 8u, {0x4b, 0x10, 0xc0, 0xc0, 0x40, 0x15, 0x99, 0x2c}},
    {13500654u, 0x18f009e6u, 8u, {0x17, 0x7f, 0x60, 0xdb, 0x7e, 0x97, 0x81, 0xff}},
    {13501694u, 0x18fef1e6u, 8u, {0xf3, 0x80, 0x2c, 0xc0, 0x00, 0xff, 0xe0, 0xff}},
    {13505020u, 0x0cf002e6u, 8u, {0xcd, 0x40, 0x15, 0x00, 0xfc, 0xbe, 0x22, 0xff}},
    {13506257u, 0x18fef2e6u, 8u, {0x87, 0x01, 0xff, 0xff, 0xff, 0xff, 0xff, 0xff}},
    {13509961u, 0x18f009e6u, 8u, {0x17, 0x7f, 0x60, 0xd3, 0x7e, 0x2f, 0x81, 0xff}},
    {13514424u, 0x0cf002e6u, 8u, {0xcd, 0x40, 0x15, 0x00, 0xfc, 0xbe, 0x22, 0xff}},
    {13514973u, 0x0cf004e6u, 8u, {0xf1, 0x9c, 0x9c, 0xbf, 0x22, 0xff, 0xff, 0xff}},
    {13519337u, 0x0cf003e6u, 8u, {0xf0, 0x65, 0x1f, 0xff, 0xff, 0xff, 0xff, 0xff}},
    {13521019u, 0x18f001e6u, 8u, {0xcf, 0x00, 0xcf, 0xff, 0xff, 0xff, 0xff, 0xff}},
    {13521576u, 0x18f009e6u, 8u, {0x17, 0x7f, 0x60, 0xcb, 0x7e, 0x6f, 0x80, 0xff}},
    {13525011u, 0x0cf002e6u, 8u, {0xcd, 0x40, 0x15, 0x00, 0xfc, 0xc0, 0x22, 0xff}},
    {13530508u, 0x18f009e6u, 8u, {0x17, 0x7f, 0x60, 0xc7, 0x7e, 0xe7, 0x7f, 0xff}},
    {13534393u, 0x0cf002e6u, 8u, {0xcd, 0x40, 0x15, 0x00, 0xfc, 0xc0, 0x22, 0xff}},
    {13534947u, 0x0cf004e6u, 8u, {0xf1, 0x9b, 0x9b, 0xc6, 0x22, 0xff, 0xff, 0xff}},
    {13540457u, 0x18f009e6u, 8u, {0x17, 0x7f, 0x60, 0xc3, 0x7e, 0x87, 0x7f, 0xff}},
    {13544985u, 0x0cf002e6u, 8u, {0xcd, 0x40, 0x15, 0x00, 0xfc, 0xbd, 0x22, 0xff}},
    {13545529u, 0x0cfe6ce6u, 8u, {0x4b, 0x10, 0xc0, 0xc0, 0x48, 0x15, 0xb3, 0x2c}},
    {13551127u, 0x18f009e6u, 8u, {0x17, 0x7f, 0x60, 0xc7, 0x7e, 0x0f, 0x80, 0xff}},
    {13554428u, 0x0cf002e6u, 8u, {0xcd, 0x40, 0x15, 0x00, 0xfc, 0xbd, 0x22, 0xff}},
    {13554980u, 0x0cf004e6u, 8u, {0xf1, 0x9c, 0x9c, 0xbe, 0x22, 0xff, 0xff, 0xff}},
    {13560599u, 0x18f009e6u, 8u, {0x17, 0x7f, 0x60, 0xc7, 0x7e, 0xcf, 0x80, 0xff}},
    {13565000u, 0x0cf002e6u, 8u, {0xcd, 0x40, 0x15, 0x00, 0xfc, 0xdd, 0x22, 0xff}},
    {13569323u, 0x0cf003e6u, 8u, {0xf0, 0x65, 0x1f, 0xff, 0xff, 0xff, 0xff, 0xff}},
    {13571587u, 0x18f009e6u, 8u, {0x17, 0x7f, 0x60, 0xcb, 0x7e, 0xb7, 0x81, 0xff}},
    {13574291u, 0x0cf002e6u, 8u, {0xcd, 0x48, 0x15, 0x00, 0xfc, 0xdd, 0x22, 0xff}},
    {13574882u, 0x0cf004e6u, 8u, {0xf1, 0x9b, 0x9b, 0xc9, 0x22, 0xff, 0xff, 0xff}},
    {13580428u, 0x18f009e6u, 8u, {0x17, 0x7f, 0x60, 0xd3, 0x7e, 0x97, 0x82, 0xff}},
    {13584946u, 0x0cf002e6u, 8u, {0xcd, 0x48, 0x15, 0x00, 0xfc, 0xc7, 0x22, 0xff}},
    {13585490u, 0x18f005e6u, 8u, {0x87, 0x5f, 0x06, 0x87, 0x20, 0x41, 0x31, 0x30}},
    {13589919u, 0x18f009e6u, 8u, {0x17, 0x7f, 0x60, 0xe7, 0x7e, 0xa7, 0x82, 0xff}},
    {13594490u, 0x0cf002e6u, 8u, {0xcd, 0x48, 0x15, 0x00, 0xfc, 0xc7, 0x22, 0xff}},
    {13595041u, 0x0cf004e6u, 8u, {0xf1, 0x9b, 0x9b, 0xd5, 0x22, 0xff, 0xff, 0xff}},
    {13595587u, 0x0cfe6ce6u, 8u, {0x4b, 0x10, 0xc0, 0xc0, 0x48, 0x15, 0xb3, 0x2c}},
};
#endif
